CustomerId,Surname,CreditScore,Geography,Gender,Age,Tenure,Balance,NumOfProducts,HasCrCard,IsActiveMember,EstimatedSalary,Exited
15600000,Cust0,679,Spain,Female,20,10,103030.48,1,1,0,95975.67,0
15600001,Cust1,519,France,Female,34,2,137646.65,1,1,1,199604.69,0
15600002,Cust2,589,Spain,Male,21,3,90894.5,1,0,0,46926.13,0
15600003,Cust3,748,Germany,Male,58,2,24410.32,2,0,0,184459.11,0
15600004,Cust4,746,France,Male,40,3,134543.75,4,1,1,72137.81,0
15600005,Cust5,620,Spain,Male,39,8,0.0,2,1,1,181456.69,0
15600006,Cust6,823,Spain,Male,40,5,178320.83,1,1,1,181946.17,0
15600007,Cust7,616,Spain,Female,44,9,0.0,1,1,0,76936.77,0
15600008,Cust8,694,France,Male,48,9,0.0,1,1,1,14833.45,0
15600009,Cust9,692,France,Male,22,3,27458.03,2,1,0,68196.08,1
15600010,Cust10,522,France,Female,51,8,104542.21,2,1,0,93467.04,0
15600011,Cust11,639,Spain,Male,50,5,104603.22,2,1,1,196939.74,0
15600012,Cust12,850,Germany,Male,37,4,163088.28,4,0,0,141356.48,0
15600013,Cust13,561,Spain,Male,37,3,0.0,1,1,1,130986.31,0
15600014,Cust14,710,France,Female,18,0,77086.34,1,1,1,132939.09,1
15600015,Cust15,539,France,Male,26,5,0.0,2,1,0,85893.81,0
15600016,Cust16,560,Germany,Female,43,7,0.0,1,1,0,141339.66,0
15600017,Cust17,514,France,Female,50,9,20821.97,1,0,0,63857.82,0
15600018,Cust18,740,Spain,Male,45,4,124323.8,1,0,1,153184.28,0
15600019,Cust19,566,Germany,Female,37,1,67786.46,2,1,1,134197.26,1
15600020,Cust20,772,Spain,Male,57,5,0.0,1,1,0,152054.81,1
15600021,Cust21,599,France,Male,48,3,100772.26,4,1,0,39606.68,1
15600022,Cust22,662,Spain,Male,34,10,0.0,2,1,0,115382.08,0
15600023,Cust23,689,Spain,Female,60,7,0.0,2,1,1,47235.08,0
15600024,Cust24,495,Spain,Male,27,9,0.0,1,0,0,69941.58,0
15600025,Cust25,670,France,Male,23,3,0.0,1,1,1,160668.0,0
15600026,Cust26,684,France,Female,34,4,98267.18,2,0,0,89884.69,0
15600027,Cust27,759,France,Male,30,0,110145.03,1,1,1,20419.69,0
15600028,Cust28,558,France,Female,34,1,44047.6,1,0,0,179593.71,0
15600029,Cust29,572,Germany,Female,46,4,0.0,1,1,0,31285.62,1
15600030,Cust30,713,Germany,Female,38,4,59670.77,2,1,0,104988.41,1
15600031,Cust31,786,Spain,Female,38,7,0.0,2,1,0,100841.06,0
15600032,Cust32,593,France,Female,39,2,0.0,2,0,1,86432.8,0
15600033,Cust33,531,France,Male,18,10,92601.46,2,1,1,11979.99,0
15600034,Cust34,620,France,Female,23,8,0.0,1,0,1,59035.07,0
15600035,Cust35,553,France,Female,34,9,115832.89,1,1,0,40403.29,0
15600036,Cust36,688,France,Female,30,3,21927.27,1,0,0,41917.58,0
15600037,Cust37,546,France,Female,36,6,0.0,2,1,1,34890.99,0
15600038,Cust38,743,France,Male,52,5,72028.44,1,0,0,166745.14,1
15600039,Cust39,670,Germany,Male,37,8,109373.67,2,1,1,30079.82,0
15600040,Cust40,746,France,Male,25,9,76668.24,1,1,1,73941.38,0
15600041,Cust41,417,Spain,Male,30,6,64814.55,1,1,1,120588.1,0
15600042,Cust42,481,Germany,Female,55,10,159225.04,2,1,0,18728.34,1
15600043,Cust43,774,France,Female,53,5,125824.06,1,1,0,110230.51,0
15600044,Cust44,581,Spain,Male,44,3,131782.55,1,1,0,98659.27,1
15600045,Cust45,509,Spain,Male,22,1,0.0,1,1,0,173178.5,1
15600046,Cust46,631,France,Female,41,4,50149.02,1,1,1,32938.02,0
15600047,Cust47,673,France,Male,42,3,132919.42,1,1,1,22049.13,0
15600048,Cust48,635,Germany,Female,38,2,0.0,1,1,1,38809.25,1
15600049,Cust49,695,France,Female,32,4,0.0,1,0,0,101017.53,0
15600050,Cust50,682,France,Male,34,2,0.0,2,1,0,30841.11,0
15600051,Cust51,677,France,Male,32,10,30860.75,2,1,0,127371.52,0
15600052,Cust52,779,Spain,Female,27,3,0.0,1,1,1,160956.11,0
15600053,Cust53,649,Germany,Male,52,6,0.0,3,0,0,115989.53,0
15600054,Cust54,646,Germany,Female,47,8,129087.52,1,0,1,78744.56,0
15600055,Cust55,727,Spain,Male,35,10,53484.56,2,1,1,95422.33,0
15600056,Cust56,703,France,Male,42,7,121660.08,3,1,1,56822.27,0
15600057,Cust57,563,Germany,Male,42,2,56507.6,2,1,0,172043.07,0
15600058,Cust58,641,France,Female,61,6,138901.81,1,1,1,72144.84,1
15600059,Cust59,692,France,Female,47,0,127355.78,3,0,0,173281.01,0
15600060,Cust60,594,Germany,Female,46,2,144062.27,1,1,1,193556.44,0
15600061,Cust61,598,France,Male,38,10,0.0,1,1,0,59322.51,0
15600062,Cust62,516,Germany,Female,34,0,0.0,2,1,0,173144.08,0
15600063,Cust63,373,Spain,Male,52,3,105158.81,1,1,1,169089.48,0
15600064,Cust64,614,Germany,Female,45,0,117862.36,1,1,0,126542.66,0
15600065,Cust65,662,Germany,Female,30,5,102910.95,2,0,1,168594.96,0
15600066,Cust66,545,Germany,Male,43,8,0.0,3,0,0,91422.56,0
15600067,Cust67,782,France,Female,46,0,114686.45,2,0,0,124943.94,0
15600068,Cust68,550,France,Male,18,1,120380.74,2,1,1,87680.29,0
15600069,Cust69,738,France,Male,29,9,50304.79,1,1,1,199788.89,0
15600070,Cust70,690,France,Male,42,3,0.0,2,1,0,111520.85,0
15600071,Cust71,850,France,Female,19,0,0.0,2,1,1,55839.11,0
15600072,Cust72,702,Spain,Male,20,1,69572.58,1,1,0,137655.87,0
15600073,Cust73,511,France,Female,35,9,0.0,1,1,0,154269.7,0
15600074,Cust74,751,France,Male,43,10,0.0,1,1,0,173793.29,0
15600075,Cust75,813,France,Female,43,1,0.0,1,1,0,13398.29,0
15600076,Cust76,480,France,Female,54,3,60077.66,2,1,0,152238.04,0
15600077,Cust77,711,Germany,Male,39,2,0.0,1,0,1,111277.2,1
15600078,Cust78,733,Germany,Female,34,5,0.0,2,1,0,148303.29,0
15600079,Cust79,630,Spain,Female,25,9,0.0,2,0,0,110672.82,0
15600080,Cust80,417,Germany,Male,34,8,187717.41,2,0,1,73309.15,0
15600081,Cust81,622,France,Male,45,4,164267.79,2,1,1,17638.38,1
15600082,Cust82,594,Spain,Male,46,7,142169.0,2,0,1,71546.52,1
15600083,Cust83,797,France,Female,41,2,0.0,3,1,1,134981.75,0
15600084,Cust84,641,France,Female,43,10,94421.86,2,0,1,12835.8,0
15600085,Cust85,610,France,Female,51,6,0.0,1,1,0,185158.19,1
15600086,Cust86,594,Germany,Female,39,10,144115.67,2,0,1,86470.89,0
15600087,Cust87,681,France,Female,52,2,0.0,2,1,1,22888.45,0
15600088,Cust88,655,France,Male,31,10,141482.5,2,1,0,177694.3,0
15600089,Cust89,574,Germany,Male,37,3,65317.12,1,1,1,45154.31,0
15600090,Cust90,675,France,Female,33,7,70359.08,2,1,1,22017.11,0
15600091,Cust91,597,Germany,Male,46,0,0.0,2,1,0,25828.04,0
15600092,Cust92,401,France,Male,28,2,49960.12,3,1,1,110793.2,0
15600093,Cust93,714,France,Female,35,5,115458.68,1,1,1,65036.75,0
15600094,Cust94,705,France,Female,19,5,36563.02,1,1,0,170102.63,0
15600095,Cust95,669,Germany,Female,44,1,55463.15,1,1,1,114112.92,0
15600096,Cust96,608,France,Male,50,0,0.0,2,1,1,63558.79,0
15600097,Cust97,643,France,Female,47,9,81648.58,1,1,1,121424.52,0
15600098,Cust98,729,France,Male,46,2,0.0,3,0,1,189421.26,0
15600099,Cust99,589,Spain,Male,46,8,188210.23,2,1,0,173990.21,1
15600100,Cust100,733,Spain,Female,45,1,0.0,1,0,1,36797.78,0
15600101,Cust101,508,Germany,Female,44,3,73475.08,1,1,1,175797.24,0
15600102,Cust102,666,France,Female,45,0,100992.06,2,1,0,80219.77,0
15600103,Cust103,652,Spain,Female,31,5,75795.17,2,1,0,83662.53,1
15600104,Cust104,746,Spain,Female,36,5,0.0,2,0,1,106268.89,0
15600105,Cust105,562,Germany,Male,39,6,0.0,2,1,0,156192.04,1
15600106,Cust106,572,France,Male,35,8,75590.49,2,0,0,90856.59,0
15600107,Cust107,516,France,Female,22,7,117339.03,1,1,0,135940.55,1
15600108,Cust108,596,France,Female,26,2,120423.04,1,0,0,43154.51,0
15600109,Cust109,675,Spain,Male,40,4,0.0,1,1,0,66772.79,0
15600110,Cust110,477,France,Male,47,0,0.0,1,1,1,190141.09,1
15600111,Cust111,607,France,Male,38,7,125997.92,2,1,1,90391.84,0
15600112,Cust112,709,France,Male,66,4,195855.16,1,1,0,148286.3,1
15600113,Cust113,640,Germany,Female,29,1,153916.18,2,1,1,26030.39,0
15600114,Cust114,657,France,Male,42,9,56724.47,1,0,0,16728.36,1
15600115,Cust115,505,Spain,Male,51,5,0.0,1,1,1,20953.32,0
15600116,Cust116,640,Spain,Female,49,0,195773.4,1,1,1,143570.59,0
15600117,Cust117,653,Germany,Male,45,1,0.0,1,1,1,21721.21,0
15600118,Cust118,634,France,Male,49,3,183013.7,1,0,0,124782.16,0
15600119,Cust119,665,Germany,Male,39,10,217996.68,2,1,1,58380.54,0
15600120,Cust120,620,Germany,Male,55,1,0.0,1,1,1,37529.0,0
15600121,Cust121,606,Germany,Male,51,4,0.0,1,1,1,141926.6,0
15600122,Cust122,550,France,Male,29,4,0.0,4,1,1,113801.37,0
15600123,Cust123,744,France,Male,41,6,0.0,1,1,0,179444.31,0
15600124,Cust124,532,France,Male,23,6,162576.64,2,1,1,148445.4,0
15600125,Cust125,665,France,Male,53,5,0.0,2,1,0,71994.75,0
15600126,Cust126,824,France,Male,40,8,0.0,1,1,0,34920.51,0
15600127,Cust127,756,France,Female,51,0,114538.49,1,1,1,131439.73,1
15600128,Cust128,699,France,Male,37,4,0.0,2,1,1,76664.69,0
15600129,Cust129,674,Germany,Male,19,0,98974.39,1,0,1,42283.99,0
15600130,Cust130,638,France,Female,64,3,1000.0,1,0,0,119303.95,0
15600131,Cust131,563,Spain,Male,39,2,91664.45,1,1,1,136063.43,0
15600132,Cust132,626,Germany,Male,28,9,137899.93,1,1,0,64969.95,0
15600133,Cust133,705,France,Female,49,7,0.0,2,0,0,147399.16,0
15600134,Cust134,687,Germany,Female,58,2,0.0,2,1,0,23867.1,0
15600135,Cust135,726,France,Male,36,7,97396.47,2,0,0,148912.23,0
15600136,Cust136,767,Spain,Female,37,9,0.0,1,1,1,30973.77,0
15600137,Cust137,635,France,Female,40,2,170585.77,3,1,0,141542.14,0
15600138,Cust138,668,Spain,Male,27,6,119872.42,2,1,0,93252.94,0
15600139,Cust139,468,France,Male,31,5,0.0,2,1,0,39699.98,0
15600140,Cust140,850,France,Male,56,10,0.0,2,0,0,14986.19,0
15600141,Cust141,610,France,Female,37,4,97984.06,2,1,1,170770.64,0
15600142,Cust142,713,Spain,Male,30,7,0.0,1,1,1,177268.94,0
15600143,Cust143,610,Germany,Male,33,6,117101.41,2,1,1,80931.7,1
15600144,Cust144,608,France,Male,49,3,0.0,2,0,1,135612.87,0
15600145,Cust145,627,France,Female,18,3,1000.0,1,1,1,175374.09,0
15600146,Cust146,530,France,Male,41,9,0.0,1,1,1,27930.37,0
15600147,Cust147,412,Germany,Male,63,9,104218.63,1,1,0,106631.48,0
15600148,Cust148,761,France,Male,58,2,0.0,2,1,0,91303.22,0
15600149,Cust149,702,France,Female,44,5,107786.66,2,1,1,51739.27,0
15600150,Cust150,562,Spain,Male,51,1,109043.07,2,1,1,58397.74,0
15600151,Cust151,693,Spain,Female,51,4,88377.24,2,1,0,184492.05,0
15600152,Cust152,729,France,Male,37,9,77733.8,1,1,0,142337.89,0
15600153,Cust153,583,Germany,Male,47,7,36865.16,2,1,0,129030.95,0
15600154,Cust154,690,France,Male,56,5,83368.29,1,1,0,133330.37,0
15600155,Cust155,747,Germany,Male,25,8,0.0,2,1,1,89097.56,0
15600156,Cust156,512,France,Male,44,6,74875.87,1,1,0,159853.6,0
15600157,Cust157,701,Germany,Female,42,4,135839.17,2,1,1,151960.74,0
15600158,Cust158,685,Germany,Male,39,0,0.0,1,1,0,93456.68,0
15600159,Cust159,831,Spain,Female,38,1,0.0,2,1,1,38733.33,0
15600160,Cust160,703,France,Male,40,5,0.0,1,1,1,29418.17,0
15600161,Cust161,611,Spain,Female,41,0,0.0,1,1,0,161239.35,0
15600162,Cust162,622,France,Male,49,0,0.0,2,1,0,143826.64,0
15600163,Cust163,844,France,Male,43,3,0.0,1,1,0,96017.09,1
15600164,Cust164,616,Germany,Male,36,6,0.0,1,0,1,36722.97,1
15600165,Cust165,706,France,Female,30,8,0.0,1,1,0,157170.74,0
15600166,Cust166,627,Spain,Female,33,10,75864.72,1,1,1,78878.53,0
15600167,Cust167,754,Spain,Female,41,7,78641.24,1,1,0,157799.46,0
15600168,Cust168,759,France,Female,31,10,0.0,1,1,1,143154.95,0
15600169,Cust169,648,Spain,Male,47,3,68955.98,1,1,1,186781.64,0
15600170,Cust170,611,France,Male,42,7,90176.96,1,0,1,23823.59,0
15600171,Cust171,609,Germany,Male,49,0,0.0,1,1,0,132599.6,0
15600172,Cust172,484,France,Female,32,1,115714.12,2,1,0,160791.64,1
15600173,Cust173,660,Spain,Male,30,7,49068.33,1,1,0,66088.76,0
15600174,Cust174,658,France,Male,49,3,0.0,1,1,0,150279.2,0
15600175,Cust175,572,France,Female,39,6,65747.48,2,1,0,67278.23,0
15600176,Cust176,474,France,Male,36,10,116279.46,1,0,1,131006.24,0
15600177,Cust177,670,Spain,Female,45,8,149743.1,1,1,1,139620.27,0
15600178,Cust178,682,Spain,Male,45,3,0.0,2,1,0,180171.8,0
15600179,Cust179,688,Germany,Female,25,7,0.0,2,1,1,190720.53,0
15600180,Cust180,555,Spain,Female,52,10,49407.11,1,1,0,199400.25,0
15600181,Cust181,688,Spain,Female,34,2,67228.91,1,1,0,142138.71,0
15600182,Cust182,633,Germany,Male,55,6,140356.33,1,1,0,120417.64,1
15600183,Cust183,733,France,Male,25,8,25223.55,1,1,0,140055.47,0
15600184,Cust184,556,Spain,Male,41,7,75167.39,2,0,1,152236.59,0
15600185,Cust185,760,Germany,Male,36,5,58233.4,2,1,0,165176.13,1
15600186,Cust186,795,France,Female,18,4,0.0,1,0,0,65985.61,0
15600187,Cust187,661,France,Male,45,6,69110.49,2,1,1,144976.56,0
15600188,Cust188,689,Germany,Male,19,5,21646.48,2,0,0,47296.94,1
15600189,Cust189,725,France,Male,35,3,127331.11,3,0,0,30477.78,1
15600190,Cust190,552,Spain,Female,49,9,115591.26,1,0,1,160915.53,0
15600191,Cust191,603,France,Male,33,8,140269.87,2,1,0,120657.92,0
15600192,Cust192,668,France,Male,29,7,0.0,1,0,1,100960.11,0
15600193,Cust193,845,Spain,Male,46,2,0.0,1,1,1,86266.28,0
15600194,Cust194,535,France,Male,36,5,140170.18,1,1,1,59317.45,0
15600195,Cust195,807,France,Female,34,2,0.0,1,1,0,121790.89,0
15600196,Cust196,631,Germany,Male,51,1,0.0,1,1,1,27099.43,0
15600197,Cust197,647,Spain,Female,26,2,137504.52,1,1,0,142676.77,0
15600198,Cust198,767,France,Female,33,1,102006.43,2,1,1,103154.89,0
15600199,Cust199,844,France,Female,47,8,104287.45,2,1,1,130176.23,0
15600200,Cust200,691,Spain,Female,26,5,96946.78,2,1,1,16970.61,0
15600201,Cust201,762,Spain,Female,56,8,104340.49,2,1,1,81747.93,0
15600202,Cust202,562,Germany,Male,36,10,75398.81,1,1,1,86532.9,0
15600203,Cust203,599,France,Male,47,2,115329.83,2,1,1,120204.48,0
15600204,Cust204,520,France,Female,47,2,108269.94,2,1,0,181454.55,0
15600205,Cust205,601,France,Female,36,1,0.0,1,1,1,146461.0,0
15600206,Cust206,704,France,Male,33,0,0.0,4,1,1,163353.61,0
15600207,Cust207,670,Germany,Male,38,0,155477.33,2,0,0,154399.8,0
15600208,Cust208,816,France,Male,45,6,100370.83,2,1,0,47970.0,1
15600209,Cust209,847,Germany,Male,28,7,0.0,2,0,1,108048.76,0
15600210,Cust210,637,Germany,Male,26,3,108288.76,2,1,0,149916.78,0
15600211,Cust211,585,Germany,Male,53,5,0.0,2,1,1,112271.79,0
15600212,Cust212,761,France,Male,31,2,83619.09,2,1,1,190443.77,0
15600213,Cust213,771,Spain,Female,42,7,204188.23,1,1,1,108919.34,1
15600214,Cust214,692,Germany,Female,36,7,101919.99,1,1,0,114542.8,0
15600215,Cust215,718,Germany,Female,36,7,59612.41,1,0,1,33650.62,0
15600216,Cust216,703,France,Female,52,5,98281.26,3,0,1,25953.54,0
15600217,Cust217,555,France,Male,37,9,74613.77,1,1,1,22124.35,0
15600218,Cust218,533,Spain,Male,34,0,107612.92,1,1,0,39283.01,0
15600219,Cust219,645,France,Female,35,4,0.0,1,1,1,137989.53,0
15600220,Cust220,631,France,Female,33,0,0.0,1,1,0,44659.79,0
15600221,Cust221,677,France,Female,31,9,140131.13,3,0,0,31421.01,0
15600222,Cust222,637,Germany,Female,33,0,45521.13,2,1,0,126818.25,1
15600223,Cust223,486,Spain,Female,55,4,114869.95,1,1,0,173227.46,0
15600224,Cust224,447,France,Female,45,2,0.0,2,0,1,17239.75,0
15600225,Cust225,721,Spain,Female,35,7,87543.25,3,1,1,106661.6,1
15600226,Cust226,586,France,Female,48,4,136542.26,2,0,1,47230.19,0
15600227,Cust227,628,Germany,Male,22,6,89695.79,2,1,1,183821.65,0
15600228,Cust228,596,Germany,Male,52,10,50885.27,2,0,0,90098.59,0
15600229,Cust229,562,France,Male,51,10,14403.58,2,1,1,133329.59,0
15600230,Cust230,560,France,Male,60,4,74996.75,2,1,1,93165.03,0
15600231,Cust231,748,France,Female,48,4,0.0,2,1,0,165568.07,0
15600232,Cust232,627,Spain,Male,42,3,0.0,2,1,1,104118.76,0
15600233,Cust233,711,Germany,Male,51,7,102057.75,1,0,1,189773.72,0
15600234,Cust234,724,Spain,Female,32,10,74626.83,1,0,1,78838.66,0
15600235,Cust235,680,Spain,Male,34,6,0.0,1,1,0,147357.32,1
15600236,Cust236,727,France,Female,37,6,82461.4,2,0,1,27749.41,0
15600237,Cust237,651,Spain,Male,52,10,146490.58,4,1,0,41632.51,0
15600238,Cust238,781,France,Male,29,2,0.0,1,1,1,111097.03,0
15600239,Cust239,729,France,Male,28,0,107259.83,1,1,1,60010.66,1
15600240,Cust240,742,Spain,Male,40,1,19872.04,2,1,1,22143.1,0
15600241,Cust241,560,Spain,Male,45,6,0.0,1,1,1,57813.24,0
15600242,Cust242,675,France,Male,31,9,92732.1,1,1,1,62197.46,0
15600243,Cust243,474,Germany,Male,45,2,0.0,2,0,0,128775.8,0
15600244,Cust244,784,Germany,Male,52,7,0.0,1,1,0,42407.76,0
15600245,Cust245,590,Spain,Female,50,9,82394.54,2,1,1,186459.13,0
15600246,Cust246,603,Germany,Male,42,10,0.0,2,1,1,65240.25,0
15600247,Cust247,519,France,Male,37,8,0.0,2,1,1,193120.36,0
15600248,Cust248,647,France,Male,55,4,94262.34,1,1,1,91048.49,0
15600249,Cust249,624,France,Female,38,7,0.0,1,1,1,149392.47,0
15600250,Cust250,825,Germany,Female,47,6,152203.16,1,1,1,139194.78,0
15600251,Cust251,732,Spain,Female,58,5,75830.57,1,1,1,64119.12,0
15600252,Cust252,601,France,Female,46,7,129241.54,1,0,1,94836.98,0
15600253,Cust253,490,France,Male,28,7,118026.87,2,0,1,54335.34,1
15600254,Cust254,431,France,Female,26,8,103082.49,2,1,0,178183.41,0
15600255,Cust255,551,Germany,Male,35,6,141063.46,2,1,1,178515.92,0
15600256,Cust256,522,Spain,Female,45,7,169370.05,2,1,1,78999.31,0
15600257,Cust257,683,France,Male,42,3,44582.75,1,1,1,88239.8,0
15600258,Cust258,636,France,Male,60,5,0.0,1,0,1,68219.26,0
15600259,Cust259,652,Germany,Female,42,9,0.0,1,0,0,67513.8,1
15600260,Cust260,559,France,Female,35,8,104789.52,2,0,0,27536.19,0
15600261,Cust261,665,Spain,Female,27,5,0.0,1,1,0,131935.77,0
15600262,Cust262,514,France,Male,50,6,53748.55,1,1,1,156170.94,0
15600263,Cust263,642,France,Male,38,2,0.0,2,0,1,75402.24,0
15600264,Cust264,730,Spain,Male,23,4,145771.66,1,0,0,105835.28,0
15600265,Cust265,615,France,Male,38,7,90898.44,1,0,1,15155.87,1
15600266,Cust266,693,France,Male,28,1,0.0,1,1,1,130064.77,0
15600267,Cust267,460,France,Male,34,0,168899.06,1,1,0,72420.05,1
15600268,Cust268,453,France,Female,38,6,107481.31,2,1,0,38929.06,0
15600269,Cust269,681,France,Male,29,7,144564.75,2,1,0,13102.96,0
15600270,Cust270,751,France,Female,33,10,0.0,2,1,1,91690.36,0
15600271,Cust271,627,France,Female,31,5,0.0,2,1,1,137589.87,0
15600272,Cust272,850,France,Female,31,1,0.0,1,1,0,56357.95,0
15600273,Cust273,511,Germany,Male,28,6,0.0,1,1,1,42737.35,1
15600274,Cust274,585,Germany,Male,33,3,0.0,2,0,0,126856.33,1
15600275,Cust275,663,France,Male,29,1,109783.46,1,1,0,123176.38,0
15600276,Cust276,695,France,Female,44,6,0.0,2,1,1,68638.43,0
15600277,Cust277,594,Germany,Male,40,7,0.0,2,1,0,171780.69,0
15600278,Cust278,548,Spain,Male,50,0,153724.51,1,1,1,123841.3,0
15600279,Cust279,710,Spain,Female,57,7,77170.14,1,1,0,165086.46,0
15600280,Cust280,663,France,Female,45,6,0.0,2,1,0,185603.06,0
15600281,Cust281,617,France,Female,42,8,0.0,1,1,0,138599.83,0
15600282,Cust282,698,France,Male,45,6,64112.3,2,0,1,66242.44,0
15600283,Cust283,637,France,Female,43,5,74039.4,1,1,0,139019.4,0
15600284,Cust284,637,Germany,Male,39,3,0.0,1,0,1,90572.8,1
15600285,Cust285,633,France,Male,38,7,118865.95,2,1,1,45287.06,0
15600286,Cust286,571,France,Female,28,2,163007.1,1,0,1,43947.2,0
15600287,Cust287,561,France,Female,46,6,144416.53,1,1,1,40039.3,0
15600288,Cust288,600,Germany,Male,38,8,99312.17,1,1,1,98889.68,0
15600289,Cust289,653,France,Male,52,2,235536.69,1,1,0,123346.71,0
15600290,Cust290,470,Spain,Male,47,0,0.0,2,1,0,195189.56,0
15600291,Cust291,741,France,Female,32,0,0.0,2,1,1,138244.25,1
15600292,Cust292,652,Spain,Female,50,6,43058.56,1,1,0,54852.81,0
15600293,Cust293,548,France,Male,18,4,131385.36,2,1,1,168866.42,0
15600294,Cust294,805,Spain,Male,57,7,29658.89,1,0,1,196959.64,0
15600295,Cust295,654,Spain,Female,25,8,0.0,2,1,1,89042.62,0
15600296,Cust296,522,Spain,Female,43,10,84921.67,2,0,1,177344.57,0
15600297,Cust297,801,Spain,Male,42,3,185878.14,3,1,0,151655.59,0
15600298,Cust298,780,Spain,Female,49,1,0.0,2,0,1,70744.36,0
15600299,Cust299,563,Germany,Female,35,8,0.0,2,1,1,12278.78,0
15600300,Cust300,619,Spain,Male,18,0,84324.84,3,1,0,142971.94,1
15600301,Cust301,606,France,Female,35,7,80214.96,2,0,1,193449.03,0
15600302,Cust302,469,Germany,Female,36,3,168564.09,2,0,1,36624.98,1
15600303,Cust303,681,Germany,Male,18,3,0.0,1,1,1,183960.99,0
15600304,Cust304,731,Spain,Female,38,1,59537.94,2,0,1,50119.6,0
15600305,Cust305,713,France,Female,27,0,0.0,2,1,1,113346.82,0
15600306,Cust306,653,France,Male,44,2,54610.42,3,1,0,115439.59,0
15600307,Cust307,740,Germany,Male,36,4,0.0,2,1,1,52729.2,0
15600308,Cust308,541,France,Female,58,3,64866.42,1,0,1,15526.95,0
15600309,Cust309,825,France,Male,35,4,0.0,1,1,1,43833.56,0
15600310,Cust310,576,France,Male,42,1,61126.61,1,1,1,84806.42,0
15600311,Cust311,587,France,Male,36,1,59994.14,1,1,0,46757.12,0
15600312,Cust312,595,France,Female,22,8,111197.25,2,1,0,137813.85,0
15600313,Cust313,588,France,Female,36,9,0.0,1,1,1,103240.91,1
15600314,Cust314,631,France,Female,46,8,126734.43,1,1,1,77918.07,0
15600315,Cust315,628,France,Female,44,10,2864.8,1,1,0,55010.02,0
15600316,Cust316,662,France,Male,35,8,58199.53,2,1,1,136171.13,0
15600317,Cust317,571,Germany,Male,23,1,90315.08,1,0,1,179564.66,0
15600318,Cust318,666,France,Female,44,8,0.0,1,1,1,133996.28,0
15600319,Cust319,545,Spain,Male,42,2,102497.75,2,1,1,88293.94,0
15600320,Cust320,720,Spain,Female,46,8,0.0,1,1,1,16277.99,0
15600321,Cust321,719,France,Male,35,6,0.0,2,0,1,160357.68,0
15600322,Cust322,649,France,Male,21,9,172885.85,2,1,0,110166.58,0
15600323,Cust323,588,Germany,Female,43,10,1000.0,1,1,0,23368.11,0
15600324,Cust324,680,Spain,Male,38,7,127107.79,2,0,0,148457.91,0
15600325,Cust325,565,Germany,Male,52,10,0.0,2,1,1,54481.33,0
15600326,Cust326,653,Spain,Male,38,5,0.0,1,0,0,67488.39,0
15600327,Cust327,635,Germany,Male,38,10,95317.81,1,1,1,134060.6,0
15600328,Cust328,850,Germany,Male,42,0,63992.27,1,0,1,46669.19,0
15600329,Cust329,532,France,Female,32,4,94639.39,1,1,1,71833.24,0
15600330,Cust330,394,Germany,Male,32,8,168515.1,1,1,1,142859.15,0
15600331,Cust331,589,France,Female,37,10,181817.81,3,1,0,70581.37,0
15600332,Cust332,485,Germany,Female,29,9,94478.86,1,1,1,28332.87,0
15600333,Cust333,580,Spain,Male,36,4,26664.38,3,1,0,29908.69,1
15600334,Cust334,525,France,Male,57,6,88242.2,2,1,0,113295.4,0
15600335,Cust335,563,Germany,Female,48,0,85795.7,2,1,1,199697.16,0
15600336,Cust336,548,France,Female,41,1,0.0,2,1,1,109881.36,0
15600337,Cust337,742,Germany,Female,54,7,45392.11,2,0,0,195730.57,1
15600338,Cust338,645,France,Male,30,3,14949.44,3,1,1,182339.01,0
15600339,Cust339,753,Spain,Female,63,6,0.0,1,0,1,176828.13,0
15600340,Cust340,654,France,Female,33,2,129118.86,1,0,1,95517.1,0
15600341,Cust341,739,Spain,Female,58,8,57175.82,1,1,1,117829.58,0
15600342,Cust342,621,Spain,Male,58,0,0.0,1,1,0,131016.35,0
15600343,Cust343,803,Germany,Female,20,6,132835.14,1,0,1,12613.23,0
15600344,Cust344,695,Spain,Male,53,7,0.0,2,1,1,19260.97,0
15600345,Cust345,575,Spain,Female,35,9,0.0,1,0,0,192348.7,0
15600346,Cust346,709,Spain,Male,32,2,0.0,2,0,1,94113.94,0
15600347,Cust347,653,France,Female,43,3,0.0,2,1,0,168938.73,0
15600348,Cust348,631,Germany,Male,28,6,0.0,1,1,0,34162.26,1
15600349,Cust349,659,France,Female,43,3,168365.2,1,1,1,59705.29,0
15600350,Cust350,722,Germany,Male,29,8,76968.57,2,1,1,20899.3,1
15600351,Cust351,447,France,Male,40,8,135441.67,1,1,1,155100.75,0
15600352,Cust352,616,Germany,Female,51,8,149635.71,1,1,1,59885.28,1
15600353,Cust353,716,Germany,Female,42,5,1000.0,1,1,1,160486.38,1
15600354,Cust354,674,France,Male,34,6,168424.84,1,1,1,158228.35,0
15600355,Cust355,542,Germany,Female,43,1,50119.49,2,0,0,30441.1,0
15600356,Cust356,423,Spain,Male,24,2,0.0,1,1,0,65011.37,0
15600357,Cust357,813,Spain,Female,30,4,0.0,1,1,0,112245.7,0
15600358,Cust358,632,France,Female,34,2,79485.26,2,1,1,163462.87,0
15600359,Cust359,795,Germany,Female,46,8,95264.86,2,1,1,161800.3,0
15600360,Cust360,726,Spain,Female,42,2,140724.44,1,1,0,112890.18,1
15600361,Cust361,574,France,Male,43,10,0.0,1,1,1,142401.75,0
15600362,Cust362,410,France,Male,38,4,0.0,1,0,1,188505.18,0
15600363,Cust363,606,France,Female,30,8,152775.06,1,0,0,88632.89,0
15600364,Cust364,646,Germany,Male,53,0,114645.89,1,1,0,35791.8,1
15600365,Cust365,693,France,Male,31,7,0.0,2,0,1,36708.84,0
15600366,Cust366,543,Spain,Female,42,5,93789.3,1,0,1,81840.56,0
15600367,Cust367,667,Germany,Male,37,8,114259.58,2,0,0,32964.27,0
15600368,Cust368,667,France,Male,44,1,81084.52,1,1,0,177521.24,0
15600369,Cust369,745,Spain,Female,32,2,0.0,1,1,0,113206.28,0
15600370,Cust370,621,Spain,Male,49,9,36806.18,2,1,1,156357.28,0
15600371,Cust371,693,France,Male,52,6,68962.92,2,1,1,198783.69,0
15600372,Cust372,678,France,Male,48,6,115288.23,2,1,1,87354.84,0
15600373,Cust373,734,France,Male,40,6,0.0,1,1,0,162610.64,0
15600374,Cust374,571,France,Female,34,3,35849.44,2,1,0,149803.57,0
15600375,Cust375,355,France,Female,66,10,72807.71,2,0,1,59071.35,0
15600376,Cust376,627,Spain,Female,28,6,0.0,1,1,0,32875.3,1
15600377,Cust377,628,France,Male,47,0,97383.16,1,1,0,12872.73,0
15600378,Cust378,539,France,Male,41,3,166856.65,1,1,1,167270.32,1
15600379,Cust379,505,Germany,Male,37,10,0.0,2,0,1,196189.14,0
15600380,Cust380,595,Germany,Female,40,5,86665.06,2,1,0,84148.16,0
15600381,Cust381,639,Spain,Female,33,7,83812.32,1,0,0,111861.85,0
15600382,Cust382,659,Spain,Male,42,0,82523.31,2,1,0,48040.55,0
15600383,Cust383,431,France,Female,41,0,0.0,2,1,0,157874.24,0
15600384,Cust384,482,France,Female,65,2,99876.14,2,1,1,14955.59,0
15600385,Cust385,758,Spain,Male,49,5,82387.14,1,1,0,36493.61,1
15600386,Cust386,632,Germany,Female,43,6,98369.88,1,0,1,188540.5,0
15600387,Cust387,650,Spain,Female,44,0,47943.37,2,1,0,68645.52,1
15600388,Cust388,522,France,Male,56,10,0.0,2,0,1,113143.83,0
15600389,Cust389,650,Spain,Male,28,6,126596.3,1,1,1,95164.83,0
15600390,Cust390,614,Germany,Female,36,3,210516.89,1,0,0,44545.57,1
15600391,Cust391,591,France,Female,19,4,121076.62,2,0,1,144504.36,0
15600392,Cust392,510,Germany,Female,44,5,91901.64,1,0,0,181778.42,0
15600393,Cust393,567,Germany,Female,46,8,0.0,3,0,1,118136.77,0
15600394,Cust394,839,France,Female,28,1,162138.02,2,0,1,61146.12,0
15600395,Cust395,616,France,Male,52,6,66807.17,2,0,0,171542.37,0
15600396,Cust396,726,Spain,Male,31,5,177314.83,1,1,0,66705.95,1
15600397,Cust397,631,France,Male,35,8,114437.06,1,0,0,165292.15,0
15600398,Cust398,620,France,Female,39,3,0.0,3,1,0,173042.51,1
15600399,Cust399,589,France,Female,54,4,0.0,2,1,0,171799.51,1
15600400,Cust400,779,France,Female,29,8,71522.54,1,1,1,147312.49,0
15600401,Cust401,686,Spain,Male,41,9,166403.98,2,1,1,192284.46,0
15600402,Cust402,574,Spain,Male,46,9,0.0,1,0,1,180096.4,1
15600403,Cust403,612,France,Female,44,9,0.0,2,0,0,187459.77,1
15600404,Cust404,753,Spain,Male,44,1,0.0,1,0,0,92068.02,0
15600405,Cust405,378,Spain,Male,46,7,0.0,1,1,1,56832.75,0
15600406,Cust406,680,France,Female,32,7,0.0,1,1,0,199515.88,0
15600407,Cust407,702,Spain,Female,55,2,81036.27,2,1,1,37379.53,1
15600408,Cust408,578,France,Female,37,4,153210.14,1,1,0,121128.96,0
15600409,Cust409,665,Spain,Male,36,10,107245.44,3,1,0,141666.73,0
15600410,Cust410,698,Germany,Male,51,1,163272.36,2,0,0,78412.1,0
15600411,Cust411,532,Germany,Male,32,8,81085.72,3,1,0,63805.24,0
15600412,Cust412,731,France,Male,41,3,107785.63,2,0,0,39010.66,0
15600413,Cust413,679,Spain,Male,31,9,180639.55,1,1,1,18680.61,0
15600414,Cust414,635,France,Male,63,5,77404.13,4,1,0,195684.84,1
15600415,Cust415,660,France,Female,61,0,143625.76,1,1,1,93814.46,0
15600416,Cust416,718,France,Male,37,1,0.0,3,1,1,65829.8,0
15600417,Cust417,850,Spain,Male,43,9,0.0,1,1,0,45952.66,0
15600418,Cust418,709,France,Male,38,8,0.0,2,1,0,54825.29,1
15600419,Cust419,728,Spain,Female,35,2,0.0,2,1,1,110390.64,0
15600420,Cust420,669,Germany,Male,39,7,0.0,2,1,0,57234.22,0
15600421,Cust421,833,France,Male,38,5,145689.47,2,1,0,62393.03,0
15600422,Cust422,509,France,Male,23,0,0.0,1,1,1,197565.69,0
15600423,Cust423,483,France,Male,41,7,117880.97,1,0,0,123021.71,0
15600424,Cust424,665,Germany,Female,38,1,104839.32,1,1,0,30348.09,0
15600425,Cust425,713,Spain,Male,41,4,0.0,4,0,0,153536.95,1
15600426,Cust426,403,France,Male,37,0,69567.8,1,1,0,25873.85,0
15600427,Cust427,650,Spain,Female,34,2,55954.79,1,0,1,71218.35,0
15600428,Cust428,633,France,Male,47,10,130616.73,1,1,0,75120.88,1
15600429,Cust429,721,Spain,Female,43,5,48043.59,2,1,0,142041.28,0
15600430,Cust430,691,Spain,Male,52,7,0.0,2,0,1,25263.93,0
15600431,Cust431,476,Spain,Female,43,3,53575.66,3,1,0,120348.03,0
15600432,Cust432,546,Germany,Male,36,0,83597.35,1,1,1,110810.82,0
15600433,Cust433,573,Spain,Male,44,6,14352.65,2,0,1,74438.16,0
15600434,Cust434,721,France,Male,18,2,152147.11,1,1,0,101996.6,0
15600435,Cust435,686,France,Female,59,1,0.0,2,1,1,99064.39,0
15600436,Cust436,590,France,Male,41,5,96837.32,2,0,1,195147.63,0
15600437,Cust437,664,Germany,Female,60,4,107310.93,1,1,0,137841.92,1
15600438,Cust438,548,Germany,Female,29,1,0.0,2,1,1,66917.78,0
15600439,Cust439,847,Germany,Male,27,6,74946.64,1,1,0,161450.81,1
15600440,Cust440,705,Spain,Male,42,4,0.0,1,1,0,96019.43,0
15600441,Cust441,725,France,Male,42,10,0.0,1,1,1,29201.31,0
15600442,Cust442,782,Germany,Female,41,0,97428.49,1,0,1,37648.1,0
15600443,Cust443,748,France,Female,40,5,36604.87,1,1,1,118091.17,0
15600444,Cust444,653,France,Male,32,8,161088.29,1,0,1,41896.84,0
15600445,Cust445,632,Germany,Male,23,4,86351.82,2,1,1,168468.44,0
15600446,Cust446,774,Spain,Female,41,2,114480.6,2,1,1,41616.68,1
15600447,Cust447,653,Germany,Male,25,10,0.0,3,1,1,81028.18,1
15600448,Cust448,578,France,Male,24,3,89946.99,1,0,0,116134.63,0
15600449,Cust449,839,Germany,Male,34,10,53890.69,2,1,1,199474.18,0
15600450,Cust450,560,France,Male,42,9,0.0,3,1,1,19902.01,0
15600451,Cust451,483,Spain,Female,58,7,25699.88,1,0,0,130568.56,1
15600452,Cust452,745,Germany,Female,48,8,87178.4,2,1,0,105065.38,0
15600453,Cust453,580,France,Male,52,5,0.0,3,0,1,96478.65,0
15600454,Cust454,692,France,Male,45,7,198194.22,2,0,0,55991.28,1
15600455,Cust455,824,France,Female,42,2,47922.71,1,0,1,12506.63,0
15600456,Cust456,518,Spain,Male,63,0,67050.45,1,1,0,163668.38,1
15600457,Cust457,646,France,Male,25,6,0.0,1,1,1,153428.13,0
15600458,Cust458,792,Spain,Male,34,8,53306.38,2,1,0,32036.89,1
15600459,Cust459,715,Germany,Female,35,9,91423.29,2,1,1,114317.19,0
15600460,Cust460,633,Germany,Female,47,8,129771.88,1,1,1,74530.97,0
15600461,Cust461,850,France,Female,28,10,126369.69,1,1,1,31393.41,0
15600462,Cust462,641,Spain,Male,46,6,99065.74,1,1,1,97837.88,0
15600463,Cust463,688,France,Female,44,1,92675.88,2,1,1,11835.92,0
15600464,Cust464,808,Germany,Male,46,2,0.0,1,1,1,99771.25,0
15600465,Cust465,744,Germany,Female,46,3,151534.5,1,0,0,37838.18,0
15600466,Cust466,777,Germany,Male,53,10,99706.45,2,1,0,77710.67,1
15600467,Cust467,564,Spain,Male,38,9,0.0,1,1,0,82149.84,0
15600468,Cust468,768,France,Male,43,7,0.0,2,1,1,24700.37,0
15600469,Cust469,666,Germany,Male,31,9,0.0,1,1,0,127781.2,1
15600470,Cust470,578,France,Male,28,3,0.0,2,1,1,107626.43,0
15600471,Cust471,671,France,Female,56,7,81972.5,2,1,1,135751.17,0
15600472,Cust472,668,France,Female,30,1,72823.62,1,1,1,166769.2,0
15600473,Cust473,829,France,Female,44,1,177702.23,1,1,1,72233.33,0
15600474,Cust474,687,France,Male,43,7,0.0,3,1,0,106653.72,0
15600475,Cust475,575,France,Male,50,7,86981.48,2,1,1,157691.06,0
15600476,Cust476,553,France,Male,21,6,40202.68,1,1,0,77903.9,0
15600477,Cust477,645,Germany,Male,47,5,0.0,2,1,0,115966.01,1
15600478,Cust478,521,Germany,Male,37,6,73299.47,1,1,0,117026.76,0
15600479,Cust479,581,France,Female,32,4,97544.41,2,0,1,59835.01,0
15600480,Cust480,627,France,Female,35,3,93586.6,2,1,0,111742.16,0
15600481,Cust481,609,France,Male,48,2,203193.43,1,1,0,56874.79,0
15600482,Cust482,720,Germany,Female,45,4,0.0,2,0,0,39085.58,0
15600483,Cust483,579,France,Female,37,3,0.0,1,1,0,161774.78,0
15600484,Cust484,413,France,Male,27,1,68004.19,2,0,0,173921.38,1
15600485,Cust485,488,France,Female,27,5,103072.33,1,1,1,162702.42,0
15600486,Cust486,648,France,Male,46,4,94350.78,3,0,1,127812.71,0
15600487,Cust487,594,France,Male,25,1,0.0,2,1,1,25105.85,0
15600488,Cust488,531,Germany,Female,37,9,213453.36,2,1,1,111322.24,1
15600489,Cust489,838,Germany,Female,65,5,112464.6,1,1,0,190869.22,1
15600490,Cust490,730,Germany,Male,43,1,133696.21,1,1,1,182261.32,0
15600491,Cust491,644,Germany,Male,45,0,0.0,2,1,1,163469.37,0
15600492,Cust492,672,Germany,Female,27,0,121551.54,1,1,1,142235.54,1
15600493,Cust493,625,France,Male,26,4,61734.1,4,1,0,106533.65,0
15600494,Cust494,530,Spain,Female,46,2,93162.44,2,0,0,93940.61,0
15600495,Cust495,749,Germany,Female,35,10,97996.23,2,1,0,122753.75,0
15600496,Cust496,732,France,Male,50,5,65697.75,1,1,0,100456.98,0
15600497,Cust497,460,Germany,Female,39,8,100445.47,1,1,1,89008.47,0
15600498,Cust498,672,France,Female,74,2,0.0,1,0,0,124052.76,0
15600499,Cust499,682,Germany,Female,33,0,9389.44,3,1,1,184335.81,0
15600500,Cust500,619,Germany,Male,42,3,0.0,1,0,1,52317.92,0
15600501,Cust501,850,Spain,Male,30,7,0.0,2,0,0,36624.52,0
15600502,Cust502,841,Spain,Male,49,8,179114.26,2,1,1,40759.95,0
15600503,Cust503,614,Germany,Female,43,2,77465.24,2,0,1,143145.92,0
15600504,Cust504,629,Germany,Female,29,3,0.0,3,1,0,175437.65,0
15600505,Cust505,617,Spain,Female,36,5,80279.74,2,1,1,155905.72,0
15600506,Cust506,591,France,Female,53,3,16682.72,1,1,0,87348.61,1
15600507,Cust507,562,Spain,Male,52,3,97050.6,2,1,0,117828.31,1
15600508,Cust508,699,France,Male,25,10,109486.21,2,1,0,19766.91,0
15600509,Cust509,838,France,Female,34,10,0.0,2,1,1,98823.55,0
15600510,Cust510,799,France,Male,57,3,90601.28,1,1,0,151911.81,0
15600511,Cust511,726,Spain,Female,37,0,142141.63,2,1,1,160690.64,0
15600512,Cust512,419,France,Male,41,3,87445.42,1,1,1,126626.82,0
15600513,Cust513,471,France,Male,49,9,157109.95,2,1,1,168259.12,0
15600514,Cust514,752,France,Female,26,9,109545.98,1,0,1,76253.87,0
15600515,Cust515,805,France,Male,30,7,0.0,2,1,0,27598.36,0
15600516,Cust516,703,France,Male,36,7,171177.65,1,0,1,108544.42,1
15600517,Cust517,621,Germany,Female,51,3,59340.71,1,1,1,198618.16,0
15600518,Cust518,780,France,Female,49,4,0.0,3,0,0,179306.55,0
15600519,Cust519,722,Spain,Female,46,9,0.0,2,1,1,176606.1,0
15600520,Cust520,759,Spain,Female,38,2,148279.62,1,0,1,125509.12,0
15600521,Cust521,472,France,Female,50,4,87996.34,2,0,1,191308.81,0
15600522,Cust522,683,France,Male,37,9,1000.0,2,0,0,116713.06,0
15600523,Cust523,820,Germany,Male,45,7,0.0,2,1,0,93381.47,0
15600524,Cust524,701,France,Female,48,1,29327.06,1,0,1,135481.36,0
15600525,Cust525,741,France,Male,56,8,189817.96,2,1,0,115694.33,0
15600526,Cust526,653,Spain,Female,38,0,0.0,1,0,1,142928.74,0
15600527,Cust527,660,Spain,Female,35,3,43496.46,2,0,0,82377.27,1
15600528,Cust528,785,Spain,Male,52,10,0.0,1,1,0,194967.93,0
15600529,Cust529,586,France,Male,53,0,97016.85,2,1,1,189114.34,0
15600530,Cust530,576,Germany,Female,34,2,198292.88,1,1,1,162764.02,1
15600531,Cust531,604,Germany,Male,28,9,70610.91,1,1,0,17519.14,0
15600532,Cust532,652,France,Male,51,7,141314.76,3,1,1,60776.0,1
15600533,Cust533,495,Germany,Female,23,2,123012.5,2,1,0,187774.78,1
15600534,Cust534,720,France,Male,22,3,60188.92,3,0,0,164340.72,0
15600535,Cust535,634,France,Male,36,10,0.0,2,0,1,58817.05,1
15600536,Cust536,732,Germany,Female,39,6,0.0,1,1,1,119143.53,0
15600537,Cust537,447,France,Female,27,3,0.0,2,1,1,16084.36,0
15600538,Cust538,732,France,Male,40,1,90532.41,1,1,0,167644.24,0
15600539,Cust539,778,Spain,Female,41,4,167101.18,1,1,0,104404.39,1
15600540,Cust540,692,Spain,Female,33,3,0.0,1,1,1,103693.95,0
15600541,Cust541,653,Germany,Male,58,4,45946.12,1,1,1,37412.42,0
15600542,Cust542,733,Spain,Male,42,0,20244.07,1,0,1,17433.31,0
15600543,Cust543,772,Spain,Female,49,5,182687.79,1,0,0,189428.79,0
15600544,Cust544,700,France,Male,23,2,97781.26,2,1,1,149148.14,0
15600545,Cust545,707,France,Female,23,10,97466.51,3,1,0,60514.04,0
15600546,Cust546,809,France,Female,43,3,111641.87,1,1,1,15646.98,1
15600547,Cust547,723,France,Male,57,2,98549.31,1,1,0,131190.97,0
15600548,Cust548,573,Spain,Female,28,3,105551.11,1,1,0,175221.28,0
15600549,Cust549,772,France,Male,39,6,26839.86,2,1,0,99885.7,1
15600550,Cust550,638,France,Female,26,8,142424.16,1,1,0,136885.61,0
15600551,Cust551,653,France,Male,31,3,108065.49,2,1,0,191202.95,1
15600552,Cust552,660,France,Female,40,7,131822.24,1,1,0,102407.19,0
15600553,Cust553,743,Spain,Male,33,1,0.0,2,1,0,164544.92,0
15600554,Cust554,818,France,Female,25,2,99943.37,2,0,1,76599.14,0
15600555,Cust555,652,France,Female,25,3,35776.03,1,0,0,13332.65,1
15600556,Cust556,816,France,Male,19,7,0.0,3,1,0,172192.53,0
15600557,Cust557,666,France,Male,43,6,94927.84,2,1,1,190408.52,0
15600558,Cust558,785,Germany,Female,44,5,1000.0,1,1,0,21935.05,0
15600559,Cust559,669,France,Female,44,6,84147.86,2,1,0,133724.36,0
15600560,Cust560,603,France,Male,29,2,0.0,1,1,0,144774.77,0
15600561,Cust561,835,France,Male,48,2,0.0,3,0,0,174705.73,0
15600562,Cust562,594,Spain,Female,45,7,34499.79,1,1,1,138468.78,0
15600563,Cust563,587,Germany,Male,38,10,159129.88,2,0,1,166286.44,1
15600564,Cust564,529,Germany,Female,36,0,0.0,2,0,0,149705.15,1
15600565,Cust565,772,Germany,Male,32,3,80009.2,2,0,0,83221.04,0
15600566,Cust566,794,Spain,Male,40,9,0.0,1,0,0,36264.91,0
15600567,Cust567,686,France,Female,54,9,114394.4,1,0,1,180065.69,0
15600568,Cust568,556,France,Male,49,2,75254.73,2,1,0,190866.46,0
15600569,Cust569,649,Germany,Female,35,0,150042.33,2,0,0,15493.01,1
15600570,Cust570,621,France,Female,43,6,163077.09,3,1,1,144138.41,0
15600571,Cust571,551,Spain,Male,27,7,36864.44,2,1,0,29506.96,1
15600572,Cust572,603,France,Male,45,2,116535.76,2,1,0,144856.63,0
15600573,Cust573,699,Spain,Male,30,3,93036.05,4,1,1,51442.88,0
15600574,Cust574,592,Spain,Female,45,7,121337.81,2,0,1,195752.88,0
15600575,Cust575,678,Germany,Female,68,5,0.0,1,1,0,151500.08,1
15600576,Cust576,479,Spain,Female,32,3,0.0,2,0,0,143723.29,0
15600577,Cust577,811,Germany,Male,67,9,15594.58,1,1,1,52331.4,1
15600578,Cust578,612,Spain,Male,43,9,108175.51,2,1,0,56046.09,0
15600579,Cust579,734,France,Male,31,7,0.0,1,0,1,116006.75,0
15600580,Cust580,668,France,Female,30,10,0.0,4,1,0,41355.44,0
15600581,Cust581,689,Germany,Male,62,3,13076.58,3,0,0,71012.11,1
15600582,Cust582,541,France,Male,43,1,157369.6,2,1,0,184029.78,1
15600583,Cust583,577,France,Male,32,8,36890.11,1,1,0,96951.17,0
15600584,Cust584,579,Spain,Male,36,6,0.0,2,1,1,75522.7,0
15600585,Cust585,652,Germany,Female,42,4,74975.26,1,1,1,173067.66,1
15600586,Cust586,777,France,Female,38,2,87502.21,1,1,0,137308.91,1
15600587,Cust587,692,France,Female,41,0,126387.76,2,1,0,96250.25,0
15600588,Cust588,564,France,Male,56,1,0.0,1,1,1,156577.69,0
15600589,Cust589,658,France,Female,27,7,40246.88,1,1,0,51117.46,0
15600590,Cust590,642,Spain,Male,44,2,81423.77,2,0,1,31021.23,0
15600591,Cust591,616,France,Female,37,10,0.0,2,1,0,65683.78,0
15600592,Cust592,649,France,Female,33,5,0.0,1,1,1,70745.2,0
15600593,Cust593,723,Germany,Male,49,0,138248.7,2,1,0,181150.51,1
15600594,Cust594,581,France,Female,23,7,0.0,3,0,0,194114.8,0
15600595,Cust595,617,France,Male,18,7,69949.18,1,0,1,21267.17,0
15600596,Cust596,744,Germany,Male,40,1,0.0,2,1,0,179487.96,0
15600597,Cust597,695,Germany,Male,37,9,0.0,2,1,0,167309.11,0
15600598,Cust598,773,Spain,Male,24,8,46487.38,1,1,0,46750.12,0
15600599,Cust599,788,Germany,Female,21,6,121375.16,1,0,0,100549.24,0
15600600,Cust600,519,France,Female,57,1,0.0,1,1,1,102615.82,0
15600601,Cust601,678,Spain,Female,43,5,0.0,2,1,0,49996.41,0
15600602,Cust602,601,Spain,Female,38,10,131855.28,2,0,0,83205.01,0
15600603,Cust603,535,Germany,Female,60,2,0.0,1,1,0,41465.85,1
15600604,Cust604,574,Spain,Male,48,10,247788.44,1,0,1,116882.13,0
15600605,Cust605,621,Spain,Male,56,2,86655.54,2,1,1,75152.18,0
15600606,Cust606,622,Spain,Male,26,6,66505.19,1,1,1,98307.26,0
15600607,Cust607,592,France,Female,26,4,202225.17,1,0,1,104631.37,1
15600608,Cust608,649,Germany,Female,44,0,0.0,3,1,1,110282.82,0
15600609,Cust609,850,France,Female,42,7,0.0,1,0,1,45776.91,0
15600610,Cust610,484,Germany,Male,50,5,0.0,2,1,0,13456.47,0
15600611,Cust611,759,Germany,Male,22,3,182149.45,1,0,1,119317.15,0
15600612,Cust612,648,Spain,Female,45,2,0.0,1,0,0,68414.66,0
15600613,Cust613,608,Spain,Male,48,5,58611.58,1,0,1,23205.91,0
15600614,Cust614,456,France,Female,47,1,0.0,2,1,0,81989.64,0
15600615,Cust615,723,Germany,Male,34,6,128442.88,2,0,1,197850.51,0
15600616,Cust616,512,Germany,Male,43,1,0.0,1,1,0,127808.43,0
15600617,Cust617,729,France,Female,30,2,26283.43,2,1,1,147657.16,0
15600618,Cust618,817,France,Female,35,5,0.0,2,0,1,170463.98,0
15600619,Cust619,527,France,Female,28,8,30354.66,2,0,1,138901.77,0
15600620,Cust620,762,Spain,Male,30,4,84595.71,2,0,1,94230.77,0
15600621,Cust621,652,France,Male,36,6,0.0,2,1,0,175047.79,0
15600622,Cust622,449,Spain,Female,33,10,0.0,1,1,1,68675.73,0
15600623,Cust623,534,France,Female,30,6,0.0,2,1,1,59086.28,0
15600624,Cust624,667,Spain,Male,25,8,0.0,2,1,1,60106.68,0
15600625,Cust625,689,France,Female,58,5,135174.85,2,1,1,76981.94,0
15600626,Cust626,498,Spain,Male,33,2,184103.64,2,0,0,157917.49,1
15600627,Cust627,653,France,Male,41,4,0.0,2,1,1,31396.36,0
15600628,Cust628,729,Germany,Female,20,3,121246.62,2,0,0,109919.52,0
15600629,Cust629,746,Spain,Female,52,6,98203.01,3,1,0,124467.85,0
15600630,Cust630,610,Spain,Male,40,1,91681.97,2,1,0,186831.92,0
15600631,Cust631,692,Spain,Male,34,8,0.0,2,0,0,83583.61,0
15600632,Cust632,753,France,Female,34,1,58783.1,2,1,0,101244.66,0
15600633,Cust633,732,France,Female,47,7,128662.59,1,0,1,141068.0,0
15600634,Cust634,736,France,Female,18,5,85700.24,2,1,1,42283.61,0
15600635,Cust635,661,France,Male,30,8,0.0,2,1,1,88018.98,0
15600636,Cust636,641,Germany,Female,37,1,74605.24,1,1,1,16998.09,1
15600637,Cust637,676,Germany,Female,37,2,0.0,2,1,1,11343.03,0
15600638,Cust638,577,Spain,Male,63,2,0.0,1,1,0,91229.97,0
15600639,Cust639,757,Spain,Male,35,8,0.0,1,1,1,165252.19,0
15600640,Cust640,503,Germany,Female,48,2,0.0,1,1,0,83567.12,0
15600641,Cust641,602,Spain,Female,56,3,185083.51,1,1,0,115539.07,0
15600642,Cust642,647,France,Female,45,1,106027.58,2,0,0,100065.92,0
15600643,Cust643,695,France,Female,31,2,0.0,2,0,1,92243.14,0
15600644,Cust644,713,Germany,Female,25,9,0.0,1,1,1,126705.06,0
15600645,Cust645,793,Spain,Male,45,1,85107.19,1,0,0,190475.8,1
15600646,Cust646,657,France,Male,54,10,118098.53,1,1,1,115115.46,0
15600647,Cust647,581,Germany,Female,43,9,34367.18,2,1,1,171404.53,0
15600648,Cust648,636,Germany,Male,50,10,148195.17,2,1,1,74320.31,1
15600649,Cust649,619,France,Male,64,6,81472.15,2,0,1,63680.69,0
15600650,Cust650,700,France,Female,46,7,0.0,1,1,1,25986.34,0
15600651,Cust651,548,Spain,Male,27,9,0.0,1,1,0,121329.38,1
15600652,Cust652,633,Germany,Female,39,7,35100.73,3,0,0,150245.61,0
15600653,Cust653,806,France,Male,52,6,75570.34,3,1,0,129821.63,0
15600654,Cust654,667,Spain,Male,36,4,117588.14,2,0,1,171717.27,0
15600655,Cust655,549,France,Male,53,9,95448.18,1,0,1,50859.65,0
15600656,Cust656,617,Spain,Female,37,3,0.0,1,0,0,136691.38,0
15600657,Cust657,436,France,Female,41,6,84088.19,1,1,0,104701.48,0
15600658,Cust658,644,Germany,Male,34,0,123944.61,1,1,0,70726.52,1
15600659,Cust659,808,France,Male,40,7,162352.51,2,1,0,103106.29,0
15600660,Cust660,536,France,Male,40,1,0.0,1,1,1,147365.54,0
15600661,Cust661,510,Spain,Female,22,0,59245.79,3,1,1,179350.28,0
15600662,Cust662,587,France,Female,34,3,209706.63,2,1,1,124491.16,0
15600663,Cust663,738,France,Female,26,7,144990.14,3,0,1,136301.24,0
15600664,Cust664,814,France,Male,34,9,93790.46,2,0,1,187563.04,0
15600665,Cust665,693,Germany,Female,30,6,0.0,1,1,0,150920.5,1
15600666,Cust666,527,Spain,Male,48,7,0.0,2,0,1,52779.95,0
15600667,Cust667,648,Spain,Male,48,2,0.0,2,1,1,155918.55,0
15600668,Cust668,822,France,Male,44,1,99931.44,1,0,1,35258.61,0
15600669,Cust669,620,France,Male,25,1,0.0,1,1,0,36353.26,1
15600670,Cust670,663,France,Male,37,0,0.0,1,1,0,190721.03,0
15600671,Cust671,673,Germany,Female,25,3,56658.61,1,1,0,32182.33,1
15600672,Cust672,502,Spain,Male,37,8,0.0,2,1,1,167584.53,0
15600673,Cust673,746,Germany,Female,44,0,0.0,1,1,0,138735.24,1
15600674,Cust674,732,Germany,Female,48,3,46931.99,1,1,0,153710.36,0
15600675,Cust675,459,France,Female,43,6,91589.85,2,1,1,117030.69,0
15600676,Cust676,522,Spain,Male,51,0,165611.5,2,0,1,154291.63,0
15600677,Cust677,557,France,Female,41,6,180867.56,1,1,1,191429.16,0
15600678,Cust678,722,France,Male,36,4,89551.39,2,1,0,151246.77,0
15600679,Cust679,578,France,Male,47,10,96716.93,3,1,1,71456.73,1
15600680,Cust680,689,France,Male,47,5,90345.14,1,0,0,179992.69,0
15600681,Cust681,633,France,Female,33,5,4795.36,2,0,0,101457.49,0
15600682,Cust682,657,France,Female,42,9,0.0,1,1,0,41073.67,0
15600683,Cust683,698,France,Female,35,8,111066.21,2,1,1,182081.42,0
15600684,Cust684,676,Germany,Female,18,6,145783.27,2,1,0,89152.13,0
15600685,Cust685,648,France,Male,42,7,147003.77,1,1,1,58013.9,0
15600686,Cust686,681,France,Female,25,4,127023.34,2,1,0,131925.88,0
15600687,Cust687,671,Spain,Female,41,7,127582.47,1,1,0,199145.41,0
15600688,Cust688,630,Spain,Male,23,3,52629.6,2,1,0,170445.26,0
15600689,Cust689,609,Germany,Female,31,3,0.0,2,1,0,58430.77,0
15600690,Cust690,831,France,Female,34,9,0.0,1,1,0,145706.98,0
15600691,Cust691,608,Spain,Male,50,4,0.0,3,0,0,59097.71,0
15600692,Cust692,781,France,Male,33,5,172594.51,2,1,0,107828.49,1
15600693,Cust693,584,France,Male,27,1,0.0,1,1,0,37560.84,0
15600694,Cust694,728,Spain,Female,42,3,112385.46,2,1,0,65562.78,0
15600695,Cust695,821,Germany,Male,36,7,0.0,1,1,0,198200.11,1
15600696,Cust696,618,Germany,Male,46,5,98328.16,3,0,1,97016.28,0
15600697,Cust697,586,Germany,Female,28,3,0.0,1,0,1,151231.4,0
15600698,Cust698,609,Germany,Female,40,0,0.0,1,0,0,93846.59,0
15600699,Cust699,648,France,Female,63,6,129039.34,2,1,1,11333.12,0
15600700,Cust700,681,France,Female,36,3,190837.99,2,0,0,134655.88,0
15600701,Cust701,646,France,Male,40,10,164420.32,2,1,1,90217.22,0
15600702,Cust702,610,France,Male,21,0,79787.82,1,1,0,60410.41,0
15600703,Cust703,838,Spain,Female,29,7,0.0,2,1,0,47983.19,0
15600704,Cust704,631,France,Male,43,4,75928.45,1,1,0,102865.34,0
15600705,Cust705,590,Germany,Female,35,2,71112.47,2,1,0,180644.66,0
15600706,Cust706,730,Spain,Female,44,7,21320.25,1,0,1,75466.1,0
15600707,Cust707,731,Spain,Female,42,5,104809.4,2,1,0,117862.32,1
15600708,Cust708,786,France,Female,25,0,81354.63,2,1,1,20702.67,0
15600709,Cust709,835,France,Female,48,6,0.0,2,1,0,147518.11,0
15600710,Cust710,683,Spain,Female,26,1,77264.94,1,1,1,158954.91,0
15600711,Cust711,622,Germany,Male,30,9,102487.81,2,1,0,82338.76,0
15600712,Cust712,467,Spain,Male,40,2,70152.11,2,1,1,94053.39,1
15600713,Cust713,560,Spain,Male,54,8,0.0,3,1,0,24102.73,0
15600714,Cust714,670,Spain,Female,28,3,189693.02,1,1,0,184983.29,1
15600715,Cust715,537,France,Male,39,3,44717.01,2,1,1,115130.71,0
15600716,Cust716,498,Germany,Male,40,0,0.0,2,1,0,37400.74,0
15600717,Cust717,656,France,Female,45,10,0.0,4,0,1,151620.67,1
15600718,Cust718,725,Germany,Male,50,6,62491.83,1,1,0,158150.64,0
15600719,Cust719,626,Spain,Female,34,1,0.0,1,1,1,49049.88,0
15600720,Cust720,736,Germany,Male,48,0,82340.04,2,1,1,96706.71,0
15600721,Cust721,709,France,Male,51,3,1000.0,1,1,0,94793.15,1
15600722,Cust722,760,France,Male,56,5,0.0,2,0,1,81436.57,0
15600723,Cust723,850,Spain,Male,43,0,0.0,1,1,0,174445.47,0
15600724,Cust724,850,France,Female,40,3,0.0,3,0,1,144641.37,0
15600725,Cust725,720,France,Female,33,3,0.0,2,0,0,178008.11,0
15600726,Cust726,606,France,Female,23,9,0.0,1,0,0,111157.33,1
15600727,Cust727,656,France,Female,35,4,0.0,2,1,1,163972.13,0
15600728,Cust728,801,France,Female,39,1,58688.05,1,1,0,55757.96,0
15600729,Cust729,564,Germany,Female,37,2,0.0,1,1,1,63838.0,0
15600730,Cust730,789,France,Male,44,9,115525.89,2,0,1,104296.2,0
15600731,Cust731,634,France,Male,23,0,0.0,1,1,0,103829.25,1
15600732,Cust732,672,France,Female,36,1,161021.99,1,0,0,19217.73,1
15600733,Cust733,572,France,Female,58,0,0.0,2,0,1,121690.95,1
15600734,Cust734,523,France,Male,48,0,92317.79,1,1,1,13946.98,0
15600735,Cust735,623,Germany,Male,44,10,130922.09,4,0,0,47477.54,0
15600736,Cust736,775,France,Male,42,10,0.0,2,0,0,70365.98,0
15600737,Cust737,583,France,Male,34,8,0.0,2,0,1,169338.15,0
15600738,Cust738,805,France,Female,20,1,141770.84,2,1,0,48033.63,0
15600739,Cust739,595,France,Male,43,7,0.0,2,1,1,84849.01,0
15600740,Cust740,547,France,Female,18,8,0.0,1,1,0,133164.73,1
15600741,Cust741,674,France,Female,35,8,70826.58,2,0,1,39280.56,0
15600742,Cust742,715,Spain,Male,38,8,0.0,3,1,1,24982.14,0
15600743,Cust743,668,France,Female,34,7,36365.96,2,1,0,12326.87,0
15600744,Cust744,664,Germany,Female,60,4,62445.36,4,0,1,192939.76,1
15600745,Cust745,804,France,Male,56,0,24275.46,2,0,1,18472.93,0
15600746,Cust746,659,France,Male,48,9,0.0,1,1,1,134330.89,0
15600747,Cust747,605,France,Female,29,10,0.0,2,1,0,11798.67,1
15600748,Cust748,541,Spain,Male,57,5,0.0,1,1,0,167235.99,0
15600749,Cust749,772,Spain,Male,44,4,79132.05,2,1,0,137568.59,1
15600750,Cust750,609,France,Male,29,10,91185.32,3,1,1,196182.48,0
15600751,Cust751,619,France,Male,38,4,91356.47,2,1,1,187930.48,0
15600752,Cust752,751,France,Female,48,4,0.0,1,1,0,193426.25,0
15600753,Cust753,847,France,Male,32,9,30975.3,1,0,0,25500.57,0
15600754,Cust754,674,Germany,Female,39,10,0.0,1,1,1,121636.74,0
15600755,Cust755,637,France,Male,41,2,120439.24,2,0,0,152104.72,0
15600756,Cust756,649,France,Female,27,3,0.0,4,0,1,34373.72,0
15600757,Cust757,606,Spain,Male,35,3,0.0,1,1,0,50574.21,0
15600758,Cust758,616,France,Female,28,1,111961.76,2,1,0,88143.73,0
15600759,Cust759,616,France,Female,47,9,139194.87,2,1,0,171531.77,0
15600760,Cust760,737,Germany,Male,29,10,142853.71,2,0,0,165244.98,0
15600761,Cust761,642,France,Female,41,5,0.0,1,0,0,165285.02,0
15600762,Cust762,780,France,Male,24,7,135608.18,1,0,0,62992.33,0
15600763,Cust763,639,France,Female,27,4,13597.55,1,1,0,155702.68,0
15600764,Cust764,615,Spain,Female,26,10,63425.39,1,0,1,28885.97,0
15600765,Cust765,773,France,Male,35,10,131204.82,1,0,1,190251.38,0
15600766,Cust766,652,France,Male,40,8,49605.79,2,1,0,104784.3,0
15600767,Cust767,638,France,Male,42,9,0.0,2,1,0,146503.73,0
15600768,Cust768,653,France,Female,20,1,147053.02,1,1,0,195031.17,0
15600769,Cust769,791,Germany,Female,36,9,119768.82,2,1,0,89409.85,0
15600770,Cust770,679,France,Male,30,4,0.0,2,1,1,68370.36,0
15600771,Cust771,770,Germany,Male,43,2,0.0,1,1,1,70618.07,1
15600772,Cust772,627,Germany,Male,35,10,108757.89,1,0,1,28509.21,0
15600773,Cust773,755,Spain,Female,37,9,146503.78,1,0,0,138880.59,1
15600774,Cust774,673,France,Male,31,1,152445.64,1,1,0,199256.37,0
15600775,Cust775,735,Spain,Male,55,7,0.0,2,1,0,176000.86,0
15600776,Cust776,743,Germany,Female,25,9,40317.79,1,1,0,193741.33,1
15600777,Cust777,560,France,Male,34,7,87519.59,1,1,0,50849.88,0
15600778,Cust778,657,Spain,Female,39,5,112093.29,1,1,0,24126.78,1
15600779,Cust779,742,Spain,Male,35,0,136445.06,1,1,0,63159.82,0
15600780,Cust780,757,France,Male,30,5,119764.98,2,1,0,126156.07,0
15600781,Cust781,770,Spain,Female,20,6,0.0,2,0,1,149385.4,0
15600782,Cust782,660,France,Male,31,9,69832.38,2,1,0,158892.79,0
15600783,Cust783,798,Germany,Male,28,2,70019.16,2,1,1,19808.75,0
15600784,Cust784,587,Spain,Female,55,2,145310.25,1,0,1,125724.59,0
15600785,Cust785,507,France,Female,61,10,59302.36,1,0,1,61096.75,0
15600786,Cust786,623,Spain,Female,37,9,0.0,2,1,1,60629.83,0
15600787,Cust787,765,France,Male,24,6,103019.76,2,1,1,159116.01,0
15600788,Cust788,546,Spain,Male,45,4,134346.09,2,1,0,180016.84,0
15600789,Cust789,509,Germany,Male,28,6,110349.88,2,1,0,124002.2,0
15600790,Cust790,485,France,Female,33,1,1000.0,2,0,0,14557.08,0
15600791,Cust791,721,France,Female,32,2,93900.47,2,1,1,72918.65,0
15600792,Cust792,511,France,Male,33,5,66812.87,2,1,0,188666.09,1
15600793,Cust793,703,France,Female,34,4,0.0,3,1,0,128409.89,0
15600794,Cust794,619,France,Male,25,1,0.0,1,1,0,168670.07,1
15600795,Cust795,576,France,Female,31,5,125900.43,1,0,0,101294.72,1
15600796,Cust796,554,France,Male,48,7,0.0,2,1,1,95434.84,0
15600797,Cust797,670,France,Male,38,8,0.0,1,1,1,115700.03,0
15600798,Cust798,578,Germany,Female,39,6,136005.22,1,1,0,170419.26,0
15600799,Cust799,650,Germany,Female,18,6,90840.25,2,1,1,190038.18,0
15600800,Cust800,689,Germany,Male,47,6,0.0,2,1,1,111999.62,0
15600801,Cust801,709,France,Male,31,1,178347.27,2,0,1,191951.07,0
15600802,Cust802,740,Spain,Female,49,4,145183.29,1,0,1,159117.91,0
15600803,Cust803,666,Germany,Male,40,4,141948.67,1,1,1,157706.16,0
15600804,Cust804,549,France,Female,32,5,140493.76,2,1,1,189539.76,0
15600805,Cust805,695,France,Female,21,3,185614.58,1,0,0,37535.67,0
15600806,Cust806,713,Germany,Male,60,8,0.0,1,1,1,20227.04,0
15600807,Cust807,633,France,Male,46,5,0.0,2,1,0,33579.3,0
15600808,Cust808,622,Germany,Male,47,3,128693.41,3,0,1,118047.54,1
15600809,Cust809,850,Spain,Female,56,5,0.0,1,0,1,173350.39,0
15600810,Cust810,526,France,Male,40,7,138227.55,1,1,0,20804.55,0
15600811,Cust811,697,France,Female,52,0,0.0,1,1,1,107223.43,0
15600812,Cust812,750,Spain,Male,33,3,85286.14,1,1,0,129400.61,0
15600813,Cust813,617,Germany,Female,45,2,0.0,2,1,1,126155.37,0
15600814,Cust814,634,France,Male,32,3,0.0,1,1,1,65964.93,0
15600815,Cust815,611,Spain,Male,33,7,71668.2,1,0,0,56678.32,0
15600816,Cust816,650,Spain,Female,39,2,53620.65,3,1,1,15274.34,0
15600817,Cust817,736,Germany,Female,25,5,89360.58,1,1,1,41124.29,0
15600818,Cust818,631,Germany,Male,41,4,103462.03,2,1,1,13445.21,0
15600819,Cust819,850,France,Male,35,0,0.0,3,1,1,103247.4,0
15600820,Cust820,607,France,Female,18,9,0.0,2,1,0,136290.4,0
15600821,Cust821,782,Germany,Male,33,6,98153.83,1,1,0,126462.49,0
15600822,Cust822,702,France,Male,35,3,126042.93,1,1,0,146719.11,0
15600823,Cust823,660,Germany,Male,47,5,0.0,2,1,0,26600.79,0
15600824,Cust824,791,Spain,Male,41,10,0.0,2,1,0,118028.93,0
15600825,Cust825,496,France,Female,52,1,91061.62,1,1,1,49506.1,0
15600826,Cust826,691,Germany,Female,43,9,0.0,2,1,1,132997.14,0
15600827,Cust827,581,France,Male,32,0,74036.01,1,1,1,163663.46,0
15600828,Cust828,608,Spain,Female,37,9,34239.12,1,1,1,131537.19,0
15600829,Cust829,604,France,Male,35,3,61160.29,3,0,0,85696.94,0
15600830,Cust830,557,Germany,Female,43,3,45883.16,1,0,0,84040.66,0
15600831,Cust831,491,Germany,Male,39,8,0.0,1,1,0,116588.77,0
15600832,Cust832,687,France,Male,32,1,102682.46,2,0,0,179645.44,0
15600833,Cust833,644,Germany,Female,38,1,0.0,2,1,1,135065.99,0
15600834,Cust834,621,Germany,Male,43,5,101977.04,2,0,1,29552.24,0
15600835,Cust835,723,Germany,Male,28,10,153098.76,2,1,1,159329.31,0
15600836,Cust836,693,Spain,Male,41,3,1000.0,2,1,1,21018.79,1
15600837,Cust837,624,Spain,Female,22,5,0.0,2,1,0,81551.9,0
15600838,Cust838,850,France,Male,49,4,0.0,3,0,0,82362.8,0
15600839,Cust839,748,Germany,Female,43,8,65775.31,2,1,0,128927.02,1
15600840,Cust840,850,France,Female,54,9,0.0,2,0,0,169021.11,1
15600841,Cust841,610,Spain,Female,27,10,0.0,3,0,0,63214.55,0
15600842,Cust842,674,Germany,Male,49,2,140316.47,1,0,1,130958.78,0
15600843,Cust843,531,France,Female,47,2,47155.2,1,1,1,120321.04,0
15600844,Cust844,618,France,Male,36,10,0.0,2,0,1,126286.44,0
15600845,Cust845,594,Spain,Female,34,6,41167.65,3,0,0,14575.65,0
15600846,Cust846,850,France,Female,27,3,127265.11,1,0,1,107747.71,0
15600847,Cust847,584,Germany,Male,25,3,0.0,2,1,1,187918.28,0
15600848,Cust848,628,France,Female,30,1,95640.77,2,1,1,57598.12,1
15600849,Cust849,510,Spain,Male,25,0,121510.04,2,0,0,159439.54,1
15600850,Cust850,701,France,Male,54,3,0.0,1,1,0,147297.71,1
15600851,Cust851,564,France,Male,23,8,0.0,1,1,0,197343.3,1
15600852,Cust852,738,Spain,Female,39,7,122782.16,1,1,0,71065.78,0
15600853,Cust853,478,Spain,Female,42,0,0.0,1,1,0,172065.88,1
15600854,Cust854,638,France,Female,42,0,172222.59,1,1,0,63185.18,0
15600855,Cust855,473,France,Male,42,9,113989.79,2,1,1,97622.92,0
15600856,Cust856,603,Germany,Female,47,8,103351.39,1,1,1,102123.52,0
15600857,Cust857,622,Spain,Female,34,8,112528.34,1,0,0,143718.37,0
15600858,Cust858,592,France,Female,39,9,91851.66,2,1,0,57810.08,0
15600859,Cust859,602,Germany,Male,35,7,98563.27,1,1,0,74623.73,0
15600860,Cust860,743,Germany,Male,51,3,73087.37,3,1,0,195396.32,1
15600861,Cust861,850,Germany,Female,59,6,0.0,1,0,0,134456.36,1
15600862,Cust862,683,Spain,Male,26,7,112813.81,2,1,1,114983.49,0
15600863,Cust863,567,Germany,Male,18,9,0.0,1,1,0,21474.25,0
15600864,Cust864,656,France,Male,44,5,57642.96,4,1,0,199578.99,0
15600865,Cust865,616,Spain,Male,49,0,33267.17,2,0,1,155690.94,0
15600866,Cust866,735,Spain,Male,58,6,0.0,3,0,1,195679.4,0
15600867,Cust867,678,Spain,Male,45,8,0.0,1,1,0,74545.13,0
15600868,Cust868,499,France,Female,52,10,0.0,2,1,0,34912.42,0
15600869,Cust869,755,France,Female,55,1,79284.91,1,1,1,151989.89,0
15600870,Cust870,743,Germany,Male,53,9,0.0,1,1,1,150331.38,0
15600871,Cust871,794,France,Male,47,0,82456.46,1,1,1,175498.58,0
15600872,Cust872,600,Spain,Female,25,8,39989.49,2,0,0,12361.13,0
15600873,Cust873,679,France,Male,38,3,100798.54,2,0,1,121964.42,0
15600874,Cust874,536,Germany,Female,41,1,0.0,2,1,0,37921.45,0
15600875,Cust875,645,Spain,Female,37,3,183644.73,1,1,0,101516.56,1
15600876,Cust876,688,France,Male,38,6,113387.25,1,1,0,199863.29,0
15600877,Cust877,589,France,Male,54,2,140352.09,2,0,0,151869.65,0
15600878,Cust878,683,Germany,Male,30,6,101348.27,1,1,0,60955.81,0
15600879,Cust879,666,Germany,Female,46,7,0.0,1,1,1,129107.65,0
15600880,Cust880,607,France,Male,41,9,75982.28,3,0,1,101985.9,0
15600881,Cust881,784,Germany,Female,29,6,97747.95,1,1,1,96668.0,0
15600882,Cust882,627,Spain,Female,27,6,59365.64,2,0,1,23348.99,0
15600883,Cust883,663,France,Female,21,10,80257.11,1,0,1,132897.41,0
15600884,Cust884,509,France,Female,43,0,0.0,2,1,0,126777.38,1
15600885,Cust885,700,France,Male,37,8,117340.06,2,1,0,28118.97,0
15600886,Cust886,604,France,Male,30,10,109843.62,2,1,0,35390.37,1
15600887,Cust887,742,France,Female,19,9,72497.98,2,1,1,98069.12,0
15600888,Cust888,524,France,Male,42,10,199744.2,1,1,0,112738.99,0
15600889,Cust889,691,Germany,Male,36,9,0.0,1,1,1,47152.19,0
15600890,Cust890,441,France,Male,31,6,0.0,1,1,0,168205.46,0
15600891,Cust891,709,Spain,Male,28,8,156822.46,2,1,1,144953.16,1
15600892,Cust892,633,France,Female,36,4,58093.2,1,0,1,53583.72,0
15600893,Cust893,688,France,Male,43,1,91951.02,2,0,0,162974.77,0
15600894,Cust894,592,Spain,Female,35,0,182604.56,1,1,1,121693.32,0
15600895,Cust895,559,Spain,Female,26,2,0.0,2,1,0,70932.08,1
15600896,Cust896,608,France,Male,37,7,135769.24,1,1,0,167573.22,0
15600897,Cust897,668,France,Female,48,4,83226.51,3,0,1,107799.2,0
15600898,Cust898,705,France,Male,38,8,0.0,3,1,0,93640.11,0
15600899,Cust899,679,Germany,Male,39,3,51535.16,1,0,1,14007.38,1
15600900,Cust900,560,France,Male,35,8,190045.23,3,0,1,166217.33,1
15600901,Cust901,826,France,Male,29,9,0.0,2,1,0,63200.97,0
15600902,Cust902,682,France,Male,29,3,39272.24,1,1,1,65891.0,0
15600903,Cust903,590,France,Male,21,5,152945.6,2,0,1,168908.61,0
15600904,Cust904,691,Spain,Male,50,5,0.0,1,1,0,27307.28,0
15600905,Cust905,675,Germany,Male,43,9,131741.48,2,1,0,191405.1,1
15600906,Cust906,633,France,Female,39,4,130337.4,2,1,1,73600.53,0
15600907,Cust907,622,France,Male,41,4,0.0,2,1,1,74033.36,0
15600908,Cust908,745,France,Female,41,8,37229.64,2,1,1,143133.69,0
15600909,Cust909,816,France,Female,31,9,116918.71,2,1,0,79217.5,0
15600910,Cust910,455,Spain,Female,35,0,51128.48,1,0,1,62194.39,0
15600911,Cust911,768,Spain,Female,33,0,102652.48,1,1,0,41116.94,0
15600912,Cust912,652,Spain,Female,63,10,138611.76,2,0,1,73735.48,1
15600913,Cust913,673,Spain,Female,48,4,22905.27,2,0,0,194803.44,1
15600914,Cust914,780,Spain,Female,40,6,0.0,2,1,0,35782.4,0
15600915,Cust915,395,Spain,Female,52,9,57422.82,1,1,1,187926.85,0
15600916,Cust916,728,France,Male,50,4,107264.7,1,1,0,119545.38,1
15600917,Cust917,773,France,Female,24,4,49718.42,1,1,0,138526.85,0
15600918,Cust918,584,France,Female,36,9,0.0,2,1,1,161382.64,0
15600919,Cust919,516,Germany,Male,38,8,88837.56,1,0,1,19352.64,0
15600920,Cust920,807,France,Male,44,7,97575.66,1,0,0,195155.98,0
15600921,Cust921,481,Spain,Female,36,3,110345.07,2,0,1,154582.4,0
15600922,Cust922,690,Germany,Female,37,7,0.0,2,1,1,162582.09,0
15600923,Cust923,748,Germany,Male,33,9,0.0,1,1,1,91453.33,0
15600924,Cust924,688,France,Male,48,10,165643.07,2,1,0,123862.46,0
15600925,Cust925,704,France,Male,24,6,44608.12,1,1,1,117098.92,0
15600926,Cust926,625,France,Female,34,9,52530.91,2,1,0,29540.52,0
15600927,Cust927,694,Spain,Female,20,8,0.0,1,1,0,47596.23,0
15600928,Cust928,582,Germany,Female,28,8,135132.3,1,0,0,156281.85,0
15600929,Cust929,594,Germany,Male,41,5,37609.2,2,0,0,104408.03,0
15600930,Cust930,653,France,Male,41,4,88105.34,1,0,0,46081.43,0
15600931,Cust931,502,France,Female,35,7,154950.14,2,0,0,173049.79,0
15600932,Cust932,705,France,Female,49,9,0.0,1,0,0,43226.94,0
15600933,Cust933,412,Spain,Male,52,5,0.0,1,0,1,185510.49,0
15600934,Cust934,685,Spain,Male,37,7,0.0,3,1,0,153659.69,0
15600935,Cust935,694,France,Male,41,6,0.0,1,1,1,165140.67,0
15600936,Cust936,574,Spain,Female,33,7,120628.75,1,0,0,106523.96,0
15600937,Cust937,532,France,Female,44,7,64812.73,1,0,0,105908.37,1
15600938,Cust938,611,Spain,Male,26,0,144489.87,1,0,1,33673.0,0
15600939,Cust939,711,France,Female,56,1,0.0,2,1,0,187511.31,0
15600940,Cust940,683,France,Female,49,0,0.0,1,1,1,84617.66,0
15600941,Cust941,543,Spain,Female,26,8,0.0,4,1,1,118825.21,0
15600942,Cust942,660,France,Male,30,9,0.0,1,1,1,24718.27,0
15600943,Cust943,675,France,Male,42,3,158820.07,1,0,0,48495.67,0
15600944,Cust944,671,France,Female,35,0,46827.34,2,1,1,175412.81,0
15600945,Cust945,555,France,Female,43,0,169030.91,1,0,0,93477.88,1
15600946,Cust946,665,Germany,Female,34,4,0.0,1,1,0,83608.67,0
15600947,Cust947,738,Spain,Female,53,7,43106.03,1,1,0,60686.79,1
15600948,Cust948,702,Spain,Male,38,3,90642.71,1,1,1,192345.63,0
15600949,Cust949,690,France,Male,62,6,0.0,2,1,1,138652.96,0
15600950,Cust950,808,Germany,Male,44,1,140000.99,2,1,0,104319.14,0
15600951,Cust951,666,France,Female,25,7,95992.8,1,1,1,191482.62,0
15600952,Cust952,569,France,Male,59,3,0.0,2,1,1,119716.08,0
15600953,Cust953,569,France,Female,49,10,148267.49,2,0,0,186864.55,0
15600954,Cust954,667,Spain,Female,42,8,0.0,1,1,1,41160.55,0
15600955,Cust955,512,Spain,Female,44,5,128886.05,1,0,0,88596.88,1
15600956,Cust956,620,Spain,Female,26,10,142980.33,3,1,0,114387.15,0
15600957,Cust957,695,Germany,Female,20,10,0.0,1,1,0,44776.52,1
15600958,Cust958,762,France,Male,38,2,88833.88,1,1,1,130977.64,0
15600959,Cust959,502,Germany,Female,52,6,129386.89,1,1,1,150310.04,0
15600960,Cust960,660,Germany,Male,42,7,143499.51,2,1,0,56190.52,0
15600961,Cust961,643,France,Male,55,3,72689.03,2,1,0,85263.07,0
15600962,Cust962,654,France,Female,51,10,0.0,1,1,0,186403.07,0
15600963,Cust963,664,France,Female,38,7,37744.94,1,1,1,122337.53,0
15600964,Cust964,647,Spain,Male,50,8,81918.04,1,0,0,142515.62,0
15600965,Cust965,784,France,Male,53,2,0.0,2,1,0,161366.77,1
15600966,Cust966,769,Spain,Male,37,9,17799.07,1,1,0,52638.64,0
15600967,Cust967,850,France,Female,36,10,181861.38,1,0,1,146821.39,0
15600968,Cust968,649,Germany,Female,39,9,0.0,1,1,0,178491.78,0
15600969,Cust969,611,France,Male,18,4,46344.56,1,0,1,191124.27,1
15600970,Cust970,557,France,Female,41,10,52851.41,3,1,1,29689.56,0
15600971,Cust971,600,France,Female,45,0,100893.82,1,1,1,50434.37,0
15600972,Cust972,719,France,Female,39,2,81838.62,1,1,1,12169.37,0
15600973,Cust973,733,Spain,Male,41,7,147811.4,3,1,0,85878.92,1
15600974,Cust974,715,France,Female,38,8,135139.13,3,1,0,67882.6,0
15600975,Cust975,586,Germany,Male,18,1,96694.83,1,1,0,122047.58,0
15600976,Cust976,587,France,Male,55,3,40933.52,1,1,1,57160.18,0
15600977,Cust977,838,France,Male,34,0,88185.39,3,1,0,143319.53,0
15600978,Cust978,570,Germany,Male,32,1,214847.98,1,0,1,192398.09,1
15600979,Cust979,786,France,Female,52,0,110779.52,1,0,1,30119.65,0
15600980,Cust980,689,Spain,Male,48,10,0.0,1,1,1,51567.07,0
15600981,Cust981,580,Spain,Male,41,9,117573.36,2,0,1,47722.18,0
15600982,Cust982,536,Germany,Male,46,6,0.0,1,1,1,196023.38,0
15600983,Cust983,584,France,Male,26,0,0.0,1,1,0,120807.27,0
15600984,Cust984,690,France,Female,37,8,155434.51,2,1,1,69977.75,0
15600985,Cust985,563,Spain,Male,51,5,0.0,2,0,0,82950.89,1
15600986,Cust986,799,France,Male,31,8,0.0,1,1,0,164678.88,0
15600987,Cust987,630,France,Female,28,5,0.0,1,1,1,153220.16,0
15600988,Cust988,717,France,Male,39,0,34803.3,2,1,1,90125.57,0
15600989,Cust989,709,Spain,Female,39,10,83862.72,1,0,0,64829.53,1
15600990,Cust990,806,Germany,Female,44,9,0.0,2,0,1,191967.59,0
15600991,Cust991,608,Spain,Female,24,10,181851.73,1,0,0,169066.42,0
15600992,Cust992,660,Spain,Female,18,7,0.0,2,1,1,12223.11,0
15600993,Cust993,515,France,Male,47,10,62769.31,1,1,1,107260.94,0
15600994,Cust994,660,Spain,Female,27,0,0.0,1,1,1,19071.0,0
15600995,Cust995,759,France,Female,32,4,0.0,1,0,1,114541.73,0
15600996,Cust996,671,Germany,Male,18,3,122705.35,1,0,0,189262.9,0
15600997,Cust997,850,France,Female,48,5,87677.78,2,1,1,14771.87,0
15600998,Cust998,700,Spain,Male,42,0,168552.85,2,0,1,68856.06,0
15600999,Cust999,598,France,Female,41,9,112944.03,2,0,1,105979.38,0
15601000,Cust1000,694,France,Female,41,3,0.0,2,1,1,59381.5,0
15601001,Cust1001,510,France,Male,18,1,0.0,1,0,0,33876.93,0
15601002,Cust1002,573,France,Female,28,2,66090.91,2,1,0,62204.2,0
15601003,Cust1003,533,France,Female,33,1,49518.93,1,1,1,84138.02,0
15601004,Cust1004,652,Germany,Female,31,7,121172.82,2,1,0,69842.37,1
15601005,Cust1005,644,France,Male,35,10,104678.03,2,0,0,198862.53,0
15601006,Cust1006,766,Spain,Female,40,0,40829.27,1,1,1,192753.34,0
15601007,Cust1007,640,France,Female,48,0,0.0,2,0,0,130698.87,0
15601008,Cust1008,554,Germany,Male,23,9,0.0,4,1,1,21307.45,0
15601009,Cust1009,800,France,Female,38,4,16443.74,1,1,0,25831.68,0
15601010,Cust1010,367,Germany,Female,45,1,67836.84,2,1,0,143213.8,0
15601011,Cust1011,654,Germany,Female,29,2,0.0,1,0,1,137303.48,0
15601012,Cust1012,671,France,Female,36,7,53778.05,1,0,0,44990.06,0
15601013,Cust1013,649,Spain,Male,43,0,88414.68,1,1,1,178099.52,0
15601014,Cust1014,698,France,Female,38,4,66483.94,1,1,0,147023.33,0
15601015,Cust1015,661,France,Female,45,10,28922.52,1,0,1,49208.96,0
15601016,Cust1016,698,Germany,Male,39,4,0.0,2,0,0,182062.33,0
15601017,Cust1017,592,Spain,Male,35,1,46893.81,1,1,1,150213.26,1
15601018,Cust1018,510,France,Male,26,8,189384.25,2,1,0,182588.45,0
15601019,Cust1019,646,France,Female,40,4,44174.9,1,1,1,179394.9,0
15601020,Cust1020,551,Spain,Male,39,4,0.0,1,0,0,11649.0,0
15601021,Cust1021,580,Germany,Female,28,2,96912.02,2,1,0,112735.67,0
15601022,Cust1022,762,Spain,Female,44,8,0.0,2,1,0,30165.55,0
15601023,Cust1023,800,Germany,Female,51,5,6673.85,2,0,0,75322.76,1
15601024,Cust1024,760,Germany,Male,31,5,67440.34,2,0,0,67364.27,0
15601025,Cust1025,742,France,Female,31,8,112788.0,2,1,0,107888.53,0
15601026,Cust1026,656,Spain,Male,30,3,94041.01,1,0,1,170986.9,0
15601027,Cust1027,747,France,Female,21,7,80317.21,1,0,1,38459.15,0
15601028,Cust1028,684,Germany,Male,58,1,124241.17,1,0,0,99222.45,0
15601029,Cust1029,837,France,Female,34,6,4075.12,1,1,0,172372.03,0
15601030,Cust1030,562,Germany,Male,29,4,85828.17,1,1,0,99352.44,0
15601031,Cust1031,715,Germany,Male,27,5,73222.41,1,1,1,61835.36,1
15601032,Cust1032,529,Germany,Female,34,4,138646.92,1,1,0,117051.54,1
15601033,Cust1033,715,Spain,Male,31,1,0.0,1,0,0,14100.8,0
15601034,Cust1034,485,France,Female,52,10,0.0,1,1,0,96834.51,0
15601035,Cust1035,533,Germany,Female,26,4,0.0,3,1,1,110268.61,1
15601036,Cust1036,527,France,Male,23,8,78833.66,2,0,0,52718.4,1
15601037,Cust1037,674,France,Male,44,9,0.0,3,1,1,58488.97,0
15601038,Cust1038,684,France,Female,37,4,91697.66,2,0,1,30582.02,0
15601039,Cust1039,850,France,Female,36,9,0.0,3,1,1,179857.78,0
15601040,Cust1040,641,France,Female,44,4,126880.57,1,0,0,20272.36,0
15601041,Cust1041,724,Germany,Male,39,0,0.0,2,0,0,179549.21,0
15601042,Cust1042,665,Germany,Female,38,9,64887.45,2,0,1,192436.08,0
15601043,Cust1043,716,Germany,Male,24,9,0.0,1,0,1,119677.11,1
15601044,Cust1044,664,France,Female,21,6,0.0,1,0,0,179563.74,1
15601045,Cust1045,756,France,Female,31,9,70233.48,2,1,1,109405.84,0
15601046,Cust1046,549,France,Female,27,7,41694.18,3,1,1,17461.44,0
15601047,Cust1047,415,Spain,Male,41,8,0.0,2,1,1,57865.89,0
15601048,Cust1048,690,Spain,Male,20,0,109067.12,1,1,1,194549.9,0
15601049,Cust1049,477,France,Male,34,8,83716.98,1,1,1,164734.77,0
15601050,Cust1050,776,Germany,Male,36,2,101332.19,1,1,0,196793.07,0
15601051,Cust1051,597,France,Male,38,10,88507.53,2,1,1,91893.91,1
15601052,Cust1052,550,France,Female,42,10,118936.95,1,1,0,53893.04,0
15601053,Cust1053,850,France,Male,35,0,0.0,1,1,1,61290.58,0
15601054,Cust1054,648,France,Male,31,7,67237.19,2,1,1,167141.35,1
15601055,Cust1055,630,Germany,Female,50,4,125209.45,1,1,1,49166.12,1
15601056,Cust1056,722,Spain,Male,35,2,57601.64,2,1,1,125890.36,0
15601057,Cust1057,728,France,Male,52,10,47715.58,2,0,0,181022.18,0
15601058,Cust1058,759,Germany,Female,35,4,103599.81,2,0,0,164969.26,1
15601059,Cust1059,522,Germany,Male,38,6,0.0,3,1,1,90903.86,0
15601060,Cust1060,701,Spain,Male,37,3,134669.76,2,1,1,84674.71,0
15601061,Cust1061,622,Germany,Female,40,7,179395.24,1,1,1,123356.11,0
15601062,Cust1062,562,France,Male,34,2,13623.01,1,0,1,93694.44,0
15601063,Cust1063,655,Germany,Male,39,3,69742.27,3,1,0,62908.87,1
15601064,Cust1064,476,France,Male,53,7,101757.1,2,0,1,32381.36,0
15601065,Cust1065,739,Spain,Male,48,2,172223.77,1,1,1,69884.17,0
15601066,Cust1066,622,France,Female,49,8,78343.09,2,1,1,37603.79,0
15601067,Cust1067,604,Germany,Male,25,10,22303.11,2,1,1,22834.09,0
15601068,Cust1068,637,France,Male,26,7,46904.08,1,0,1,180301.47,0
15601069,Cust1069,634,France,Male,40,3,0.0,1,1,1,135705.04,0
15601070,Cust1070,760,Spain,Female,46,1,113713.25,2,1,0,193282.93,0
15601071,Cust1071,545,Germany,Male,33,6,195219.39,2,1,1,152143.93,0
15601072,Cust1072,613,France,Female,31,4,66625.52,3,1,0,149038.69,0
15601073,Cust1073,629,Spain,Male,52,2,120091.63,2,1,1,101244.64,0
15601074,Cust1074,548,Spain,Female,45,4,142822.05,1,1,0,128044.69,0
15601075,Cust1075,665,France,Male,49,10,70155.64,1,1,1,29119.86,0
15601076,Cust1076,581,Germany,Male,34,1,0.0,1,1,1,136528.82,0
15601077,Cust1077,515,France,Male,33,2,69618.43,1,1,0,132444.22,0
15601078,Cust1078,701,Germany,Male,47,3,49114.78,2,0,0,103451.8,0
15601079,Cust1079,799,France,Female,35,10,165055.88,1,1,1,135055.11,0
15601080,Cust1080,655,France,Female,32,3,93619.85,1,0,0,163464.2,0
15601081,Cust1081,640,Spain,Female,29,3,45163.57,2,0,0,89642.23,0
15601082,Cust1082,638,Spain,Male,33,3,75868.49,2,0,1,72763.09,0
15601083,Cust1083,600,Spain,Female,47,10,63280.99,1,1,1,66504.72,0
15601084,Cust1084,762,Spain,Male,23,3,70512.28,1,0,0,176445.85,1
15601085,Cust1085,659,Germany,Female,44,4,103505.62,1,1,1,193741.17,1
15601086,Cust1086,441,Spain,Female,31,4,0.0,2,1,1,163170.08,0
15601087,Cust1087,765,Spain,Female,36,9,188160.95,2,0,0,141912.12,0
15601088,Cust1088,742,France,Female,37,7,79269.91,2,1,0,169951.01,1
15601089,Cust1089,708,France,Female,36,6,0.0,1,0,1,155669.01,0
15601090,Cust1090,385,France,Female,35,2,0.0,2,0,0,67727.85,0
15601091,Cust1091,650,Germany,Male,34,1,151434.75,1,0,1,60886.57,0
15601092,Cust1092,736,France,Female,32,0,129255.14,2,1,0,175697.69,0
15601093,Cust1093,686,France,Male,51,3,0.0,1,1,1,173155.16,0
15601094,Cust1094,670,Germany,Male,38,8,0.0,1,0,1,64984.45,0
15601095,Cust1095,736,France,Female,37,8,77987.15,1,1,1,62529.53,0
15601096,Cust1096,663,France,Male,32,8,0.0,2,0,1,193323.29,0
15601097,Cust1097,766,Spain,Female,34,7,68545.44,1,1,1,119772.34,0
15601098,Cust1098,666,Spain,Male,32,5,131370.65,1,1,1,153894.17,1
15601099,Cust1099,658,France,Male,46,3,83586.77,2,0,1,18715.28,0
15601100,Cust1100,736,France,Female,30,7,0.0,1,0,1,107212.72,0
15601101,Cust1101,612,France,Male,18,2,51255.13,1,1,0,87155.93,0
15601102,Cust1102,545,Spain,Female,39,0,0.0,1,1,1,61076.94,0
15601103,Cust1103,650,Spain,Female,35,9,62169.0,1,1,1,71339.35,0
15601104,Cust1104,707,France,Female,32,5,55655.89,2,1,1,172206.3,0
15601105,Cust1105,739,Spain,Male,47,6,85882.46,1,0,0,14666.44,0
15601106,Cust1106,739,France,Female,18,10,36752.01,1,1,1,142887.88,0
15601107,Cust1107,643,France,Male,54,7,0.0,4,0,1,107395.83,0
15601108,Cust1108,634,Spain,Male,49,8,0.0,1,0,1,82038.49,0
15601109,Cust1109,593,France,Male,32,5,0.0,2,1,1,180045.03,1
15601110,Cust1110,674,France,Male,33,3,63396.27,2,1,1,154546.91,0
15601111,Cust1111,492,France,Male,43,3,108917.12,1,1,0,125332.18,0
15601112,Cust1112,652,Germany,Male,43,9,0.0,2,0,1,89937.54,0
15601113,Cust1113,850,Spain,Male,32,4,74197.52,2,0,1,183814.11,0
15601114,Cust1114,506,Spain,Female,22,10,0.0,1,1,1,188397.38,0
15601115,Cust1115,665,France,Male,59,0,21353.91,1,1,0,149647.31,0
15601116,Cust1116,686,France,Male,48,3,0.0,1,1,0,91223.17,0
15601117,Cust1117,699,Spain,Male,40,10,44361.21,1,1,1,196825.4,1
15601118,Cust1118,557,France,Male,40,6,58745.79,1,1,1,19448.59,0
15601119,Cust1119,699,Spain,Female,44,4,75979.93,1,0,0,171546.8,0
15601120,Cust1120,599,Germany,Female,45,1,0.0,2,1,0,67083.97,0
15601121,Cust1121,513,France,Female,18,5,92963.9,1,0,0,103134.6,0
15601122,Cust1122,741,Spain,Female,34,10,100075.72,2,0,0,27219.83,0
15601123,Cust1123,714,France,Male,33,3,72307.96,1,0,0,99164.21,0
15601124,Cust1124,557,France,Female,36,5,1000.0,2,1,1,54370.85,0
15601125,Cust1125,598,Germany,Male,46,3,62248.13,2,0,0,70680.31,1
15601126,Cust1126,594,Germany,Male,20,9,132492.7,1,1,0,118001.59,0
15601127,Cust1127,492,Germany,Male,25,7,120180.83,1,1,1,194734.88,1
15601128,Cust1128,723,Germany,Male,31,6,0.0,1,1,1,53579.32,0
15601129,Cust1129,727,Spain,Female,40,7,0.0,1,0,1,75797.89,0
15601130,Cust1130,618,Spain,Male,46,4,0.0,1,1,0,56319.73,0
15601131,Cust1131,647,Germany,Male,54,8,73625.2,2,1,0,106450.9,0
15601132,Cust1132,661,France,Male,35,6,77993.24,2,1,1,61572.11,0
15601133,Cust1133,673,Germany,Female,46,0,68287.39,1,0,1,47329.81,1
15601134,Cust1134,521,Spain,Female,45,4,0.0,3,1,0,134244.78,0
15601135,Cust1135,697,France,Female,43,9,1000.0,3,1,1,44213.04,0
15601136,Cust1136,537,France,Female,38,2,99801.74,1,1,0,117446.24,0
15601137,Cust1137,715,France,Female,34,10,99776.53,2,0,1,21225.55,0
15601138,Cust1138,548,France,Male,27,8,103468.88,1,1,1,146730.4,0
15601139,Cust1139,525,Germany,Male,27,10,0.0,2,1,0,11091.19,0
15601140,Cust1140,647,France,Male,41,8,149835.72,2,1,0,139340.98,0
15601141,Cust1141,645,Spain,Male,37,1,0.0,1,0,1,38387.79,0
15601142,Cust1142,660,Spain,Female,34,2,84667.43,1,0,0,143833.14,0
15601143,Cust1143,564,Spain,Male,45,5,123532.47,2,1,1,26341.57,0
15601144,Cust1144,669,France,Male,36,3,0.0,1,0,0,71302.87,0
15601145,Cust1145,679,France,Female,29,10,0.0,2,1,1,145274.82,0
15601146,Cust1146,762,Germany,Male,35,9,0.0,2,1,0,128029.97,0
15601147,Cust1147,668,Spain,Male,46,8,106760.18,1,0,1,65761.03,0
15601148,Cust1148,592,France,Male,28,10,0.0,1,0,1,97460.79,0
15601149,Cust1149,521,Spain,Female,40,0,0.0,2,0,0,73986.81,0
15601150,Cust1150,503,France,Male,37,7,86916.03,2,1,0,13288.05,0
15601151,Cust1151,681,Spain,Male,30,9,59893.79,2,1,0,117133.96,0
15601152,Cust1152,726,France,Male,35,10,29913.7,1,0,1,198070.47,0
15601153,Cust1153,565,France,Female,22,9,0.0,2,1,1,108033.13,0
15601154,Cust1154,675,Germany,Male,39,8,0.0,1,1,1,81357.54,1
15601155,Cust1155,633,France,Male,24,8,76932.41,1,1,1,104534.2,0
15601156,Cust1156,719,France,Female,49,1,109211.53,1,0,1,146183.4,0
15601157,Cust1157,733,France,Female,37,4,4072.46,2,1,1,29685.27,0
15601158,Cust1158,432,France,Male,32,9,131317.84,2,1,0,95491.2,0
15601159,Cust1159,749,Spain,Male,50,6,54015.72,2,0,1,43778.92,0
15601160,Cust1160,674,France,Male,28,2,0.0,2,1,0,133358.61,0
15601161,Cust1161,599,Germany,Female,31,7,107250.03,1,1,0,190926.57,1
15601162,Cust1162,602,Spain,Male,20,0,145925.0,2,0,0,55020.4,0
15601163,Cust1163,653,France,Female,51,4,103741.0,2,1,1,84848.02,0
15601164,Cust1164,602,France,Female,57,8,140740.77,2,0,1,62222.85,0
15601165,Cust1165,560,Spain,Female,21,8,115107.79,2,1,1,84112.21,0
15601166,Cust1166,582,Spain,Male,30,5,0.0,1,1,0,97788.15,0
15601167,Cust1167,550,Germany,Female,39,3,109971.1,1,1,0,158178.04,0
15601168,Cust1168,779,Spain,Female,33,5,1000.0,2,1,0,117196.89,1
15601169,Cust1169,655,France,Female,38,2,70202.07,1,1,0,105712.72,0
15601170,Cust1170,850,France,Male,37,10,147866.94,1,1,1,16732.31,0
15601171,Cust1171,686,Germany,Female,42,9,37163.26,3,1,0,18983.12,1
15601172,Cust1172,707,France,Female,28,7,0.0,3,0,1,173701.27,0
15601173,Cust1173,548,Spain,Female,40,3,26389.55,1,0,0,167660.38,0
15601174,Cust1174,629,Germany,Female,27,1,0.0,1,1,0,37290.27,1
15601175,Cust1175,657,Spain,Male,34,0,0.0,1,1,0,177268.68,0
15601176,Cust1176,589,France,Male,21,4,112978.11,1,1,0,196056.04,0
15601177,Cust1177,605,France,Female,34,9,81642.76,1,1,1,146224.36,0
15601178,Cust1178,690,France,Female,32,4,37401.32,1,1,1,98716.9,1
15601179,Cust1179,692,France,Female,47,8,40738.19,2,1,1,52825.34,0
15601180,Cust1180,522,Spain,Male,37,1,0.0,1,1,0,178881.19,0
15601181,Cust1181,677,France,Male,39,8,80249.0,1,1,1,77971.48,0
15601182,Cust1182,703,France,Female,38,0,0.0,2,1,0,56441.73,0
15601183,Cust1183,593,France,Female,18,3,142963.07,1,1,0,119852.31,0
15601184,Cust1184,584,France,Male,18,1,0.0,2,0,1,182242.13,0
15601185,Cust1185,692,Spain,Male,35,6,71558.87,1,1,0,175535.28,0
15601186,Cust1186,403,France,Female,41,2,117325.95,1,1,0,164013.35,1
15601187,Cust1187,650,Spain,Male,36,0,0.0,1,1,1,69468.69,0
15601188,Cust1188,807,France,Male,29,3,161692.55,1,1,1,155441.71,0
15601189,Cust1189,401,Germany,Male,36,0,0.0,1,1,1,180741.72,0
15601190,Cust1190,729,France,Male,35,4,0.0,3,1,1,169379.6,0
15601191,Cust1191,702,France,Male,46,2,0.0,2,0,0,126628.67,0
15601192,Cust1192,512,Spain,Female,45,10,54672.33,3,0,0,117970.24,0
15601193,Cust1193,700,Spain,Female,32,5,66073.28,2,1,0,170475.62,0
15601194,Cust1194,746,Spain,Female,38,4,0.0,1,1,1,109943.61,0
15601195,Cust1195,537,France,Female,41,6,150576.72,3,1,1,57474.13,0
15601196,Cust1196,582,France,Male,42,1,5841.2,2,1,1,96328.91,0
15601197,Cust1197,653,Germany,Male,55,1,0.0,1,1,1,171500.88,0
15601198,Cust1198,744,France,Male,38,1,84043.31,2,1,1,14556.17,0
15601199,Cust1199,598,Germany,Male,50,9,0.0,2,1,0,89326.69,0
15601200,Cust1200,646,Germany,Female,26,8,111044.62,2,0,1,173180.51,0
15601201,Cust1201,586,Germany,Male,32,10,122520.61,2,1,0,113604.24,0
15601202,Cust1202,652,Spain,Female,18,8,136666.26,3,0,0,85435.05,0
15601203,Cust1203,750,Germany,Male,40,1,88356.91,2,1,1,145764.34,0
15601204,Cust1204,660,France,Male,44,1,0.0,2,1,0,127068.04,0
15601205,Cust1205,616,France,Male,18,9,53042.39,2,1,1,117379.82,0
15601206,Cust1206,647,Germany,Male,40,6,137126.49,1,0,0,54733.48,0
15601207,Cust1207,573,France,Female,44,6,163232.48,2,1,0,185070.28,0
15601208,Cust1208,555,France,Female,43,2,61055.71,2,1,1,26925.64,0
15601209,Cust1209,766,France,Male,26,5,0.0,1,0,0,141738.08,0
15601210,Cust1210,807,Spain,Female,46,9,137418.62,2,0,0,137510.85,0
15601211,Cust1211,478,Spain,Female,38,5,26031.0,1,1,0,35597.07,0
15601212,Cust1212,706,Germany,Male,44,7,135793.12,1,1,1,29882.88,0
15601213,Cust1213,732,France,Male,37,8,67175.24,2,1,1,75667.42,0
15601214,Cust1214,534,France,Male,42,10,162296.59,2,0,0,26296.27,1
15601215,Cust1215,605,Germany,Male,49,2,105432.6,1,1,1,191222.71,0
15601216,Cust1216,595,France,Female,36,10,207185.45,2,0,1,173410.17,0
15601217,Cust1217,832,Germany,Male,41,6,93744.05,1,0,1,190217.84,0
15601218,Cust1218,809,Germany,Male,50,9,0.0,2,1,1,198407.79,0
15601219,Cust1219,562,France,Female,37,2,0.0,2,0,1,52604.45,0
15601220,Cust1220,510,France,Male,27,1,0.0,3,1,0,156569.55,0
15601221,Cust1221,724,France,Female,45,0,121640.15,1,1,1,97276.41,0
15601222,Cust1222,702,Spain,Male,52,4,79037.34,2,0,1,19160.43,0
15601223,Cust1223,769,Germany,Male,51,6,131133.79,2,1,0,108278.45,0
15601224,Cust1224,548,France,Male,45,3,43293.53,1,0,0,26532.3,0
15601225,Cust1225,719,Spain,Male,18,2,0.0,1,1,1,197432.6,0
15601226,Cust1226,580,France,Male,32,8,0.0,2,1,1,168318.9,0
15601227,Cust1227,710,France,Female,32,8,0.0,1,1,0,167162.6,0
15601228,Cust1228,646,Spain,Female,38,6,124081.32,2,0,1,25726.11,0
15601229,Cust1229,832,France,Female,55,7,61580.59,1,0,0,12456.53,1
15601230,Cust1230,693,France,Male,27,9,81892.44,2,1,0,61575.34,0
15601231,Cust1231,620,Germany,Female,60,2,0.0,1,1,0,168148.43,1
15601232,Cust1232,663,France,Male,34,10,0.0,1,1,0,120605.8,1
15601233,Cust1233,640,Germany,Female,30,9,0.0,1,1,1,134299.0,0
15601234,Cust1234,539,France,Female,46,3,113390.72,2,0,1,35318.65,0
15601235,Cust1235,835,France,Female,47,3,0.0,2,1,0,98079.76,0
15601236,Cust1236,803,France,Male,44,2,54515.26,1,1,0,98886.54,0
15601237,Cust1237,633,France,Female,30,7,34497.29,2,0,0,196113.69,1
15601238,Cust1238,717,France,Female,43,3,86355.34,1,0,1,157322.26,0
15601239,Cust1239,847,France,Male,28,2,76577.45,1,1,1,36351.09,0
15601240,Cust1240,769,Spain,Female,30,7,124352.12,2,1,1,97759.78,0
15601241,Cust1241,620,France,Male,37,2,61711.05,1,1,1,156800.95,0
15601242,Cust1242,642,France,Male,30,1,109947.94,1,1,0,159317.24,0
15601243,Cust1243,485,France,Female,49,9,0.0,2,0,0,96989.32,1
15601244,Cust1244,724,France,Female,32,0,0.0,3,1,0,166683.87,0
15601245,Cust1245,769,France,Male,36,10,91482.36,1,1,0,100853.82,0
15601246,Cust1246,770,Germany,Male,29,7,64251.28,1,0,0,17319.29,0
15601247,Cust1247,717,France,Male,48,3,81617.2,2,1,0,164465.39,0
15601248,Cust1248,684,Spain,Male,31,6,0.0,2,1,1,198918.06,1
15601249,Cust1249,554,Spain,Male,49,3,0.0,1,0,0,63542.28,0
15601250,Cust1250,681,France,Male,49,4,71181.4,2,1,0,136873.31,0
15601251,Cust1251,589,France,Female,34,7,180110.72,3,1,0,87637.1,0
15601252,Cust1252,700,France,Male,38,10,97162.43,1,0,0,87749.17,0
15601253,Cust1253,577,Germany,Male,33,2,0.0,1,1,0,184389.36,0
15601254,Cust1254,700,France,Male,43,5,64810.89,2,1,0,192437.52,0
15601255,Cust1255,777,Spain,Male,36,9,46338.56,1,1,1,31559.74,0
15601256,Cust1256,686,Spain,Male,34,0,86553.36,1,1,0,148412.65,1
15601257,Cust1257,682,Spain,Male,38,0,0.0,2,1,1,45018.73,0
15601258,Cust1258,738,Germany,Male,22,6,95276.49,2,1,1,111360.89,0
15601259,Cust1259,820,Spain,Male,37,1,0.0,2,1,1,162362.22,0
15601260,Cust1260,640,France,Female,44,10,156884.12,2,0,0,53231.07,0
15601261,Cust1261,700,France,Female,39,1,98683.74,2,1,0,72449.15,0
15601262,Cust1262,795,France,Male,48,8,0.0,2,0,0,189496.06,0
15601263,Cust1263,714,Spain,Male,34,3,31068.94,2,0,1,89945.32,0
15601264,Cust1264,458,Germany,Male,33,10,106413.91,2,1,0,25497.03,1
15601265,Cust1265,581,Spain,Male,27,9,139151.89,1,1,0,89712.91,0
15601266,Cust1266,722,France,Female,34,8,0.0,2,0,1,96342.98,0
15601267,Cust1267,612,Spain,Female,58,7,69410.72,2,1,0,158176.53,0
15601268,Cust1268,788,France,Male,41,2,0.0,1,1,0,76842.77,1
15601269,Cust1269,828,France,Male,32,1,0.0,1,1,1,34942.75,0
15601270,Cust1270,593,Spain,Male,28,2,0.0,1,1,1,158067.05,0
15601271,Cust1271,551,France,Male,22,0,0.0,1,0,1,81936.13,0
15601272,Cust1272,615,France,Female,30,8,115792.36,1,1,0,16896.97,0
15601273,Cust1273,610,Germany,Male,46,3,0.0,1,1,0,168314.13,1
15601274,Cust1274,797,France,Male,34,4,101550.22,1,1,0,193675.56,0
15601275,Cust1275,551,France,Male,28,6,105175.45,1,0,1,192961.3,0
15601276,Cust1276,721,France,Male,30,7,91272.42,2,1,1,128290.1,0
15601277,Cust1277,783,France,Male,44,6,0.0,2,1,1,60852.17,0
15601278,Cust1278,729,Spain,Male,37,8,149040.55,2,1,1,174893.19,0
15601279,Cust1279,692,Germany,Male,32,1,0.0,2,1,1,44627.2,0
15601280,Cust1280,634,France,Male,35,3,1000.0,1,1,0,152619.37,0
15601281,Cust1281,828,France,Female,60,8,0.0,2,1,0,175858.74,0
15601282,Cust1282,626,France,Male,50,7,110384.29,2,1,0,186305.55,0
15601283,Cust1283,741,Germany,Male,53,6,136153.57,2,1,1,118588.7,0
15601284,Cust1284,635,Spain,Female,20,10,102698.55,2,0,1,191893.72,0
15601285,Cust1285,473,Spain,Male,36,10,0.0,1,1,1,17783.64,0
15601286,Cust1286,624,France,Female,32,0,0.0,2,1,0,18199.11,0
15601287,Cust1287,635,France,Female,43,6,61647.42,2,0,0,154935.25,1
15601288,Cust1288,636,France,Male,49,9,77963.93,1,1,1,199579.66,0
15601289,Cust1289,587,Germany,Male,41,3,0.0,1,0,0,38922.39,1
15601290,Cust1290,710,France,Female,29,0,70599.79,1,1,1,81775.95,0
15601291,Cust1291,721,Germany,Male,31,1,0.0,1,1,1,197367.03,0
15601292,Cust1292,621,Germany,Male,44,7,0.0,3,0,0,175766.91,1
15601293,Cust1293,620,France,Female,45,10,0.0,2,1,0,88656.43,0
15601294,Cust1294,549,France,Male,39,7,85254.04,1,0,0,179324.37,0
15601295,Cust1295,674,France,Female,39,0,85971.79,1,1,0,96251.52,0
15601296,Cust1296,782,France,Female,39,4,87354.9,2,1,0,75128.89,0
15601297,Cust1297,782,France,Female,41,3,106140.91,2,1,0,122053.38,1
15601298,Cust1298,592,Germany,Female,45,10,0.0,2,1,0,63651.9,0
15601299,Cust1299,841,France,Female,44,5,74834.7,1,1,0,135165.64,0
15601300,Cust1300,615,France,Male,38,2,118597.5,3,1,0,65941.4,0
15601301,Cust1301,552,Germany,Female,38,6,156406.54,1,1,0,106936.64,1
15601302,Cust1302,519,Spain,Female,37,8,39634.57,1,1,0,157089.04,0
15601303,Cust1303,547,France,Female,30,6,44314.87,1,1,1,174025.68,0
15601304,Cust1304,682,Spain,Female,30,4,0.0,2,1,1,18598.48,0
15601305,Cust1305,625,Spain,Female,43,7,139235.8,2,1,0,148136.3,0
15601306,Cust1306,589,Germany,Male,31,3,0.0,1,1,1,178921.84,0
15601307,Cust1307,569,Germany,Female,46,1,11901.45,2,1,1,150196.56,0
15601308,Cust1308,546,France,Male,37,9,0.0,3,0,1,54542.62,0
15601309,Cust1309,565,Spain,Male,46,7,54754.07,1,1,0,152124.13,1
15601310,Cust1310,747,France,Male,44,8,0.0,1,1,1,163084.91,0
15601311,Cust1311,823,Spain,Female,46,9,88032.85,1,0,1,44955.68,0
15601312,Cust1312,829,Germany,Female,33,7,0.0,1,1,1,183312.28,0
15601313,Cust1313,716,France,Male,42,0,53191.74,3,0,1,62489.48,0
15601314,Cust1314,603,France,Male,45,9,99743.43,1,0,1,189880.87,0
15601315,Cust1315,586,Germany,Male,22,0,0.0,1,1,1,105414.77,0
15601316,Cust1316,723,Germany,Male,55,7,97644.84,1,0,1,35454.13,1
15601317,Cust1317,626,France,Male,61,10,0.0,1,1,0,144706.37,0
15601318,Cust1318,690,Germany,Female,47,4,0.0,1,1,1,118212.65,0
15601319,Cust1319,835,Spain,Male,46,3,126999.17,3,1,1,155173.21,1
15601320,Cust1320,671,France,Male,44,10,152691.08,1,1,0,67467.23,0
15601321,Cust1321,850,France,Male,35,5,146771.46,1,1,0,21777.4,0
15601322,Cust1322,542,France,Male,37,10,47773.82,1,0,1,43565.86,0
15601323,Cust1323,693,Spain,Female,48,3,0.0,3,1,0,101217.97,0
15601324,Cust1324,680,France,Male,28,2,28248.43,3,1,1,19648.43,0
15601325,Cust1325,556,Spain,Male,27,6,0.0,3,0,1,135579.44,1
15601326,Cust1326,727,France,Female,34,4,0.0,1,1,1,106403.74,1
15601327,Cust1327,797,Germany,Male,45,7,107949.06,2,1,1,50625.41,0
15601328,Cust1328,850,France,Female,29,3,154767.07,2,0,1,161989.56,0
15601329,Cust1329,689,France,Female,36,8,0.0,1,0,1,134600.14,1
15601330,Cust1330,468,Spain,Female,37,3,103119.68,2,1,0,114810.05,0
15601331,Cust1331,696,France,Female,28,3,83242.27,2,1,0,147635.36,0
15601332,Cust1332,721,Germany,Male,18,7,0.0,2,1,0,123048.44,0
15601333,Cust1333,627,Spain,Male,28,2,68522.36,1,1,0,12803.32,0
15601334,Cust1334,671,Spain,Male,41,3,112686.71,1,0,0,114399.8,0
15601335,Cust1335,604,Spain,Male,43,6,0.0,2,0,0,58547.49,1
15601336,Cust1336,637,France,Male,43,3,0.0,1,1,0,156319.27,0
15601337,Cust1337,748,Germany,Male,44,4,107965.92,1,0,0,136825.63,1
15601338,Cust1338,783,Spain,Male,32,3,49064.9,2,1,1,123181.27,0
15601339,Cust1339,528,France,Male,30,6,93988.75,1,0,1,111982.73,0
15601340,Cust1340,601,France,Female,42,3,19314.84,1,1,0,59633.04,1
15601341,Cust1341,498,Spain,Male,36,6,0.0,1,0,0,134724.14,0
15601342,Cust1342,826,France,Male,47,2,123293.72,1,1,0,161107.49,0
15601343,Cust1343,734,Germany,Male,42,9,0.0,1,0,0,85195.68,1
15601344,Cust1344,458,Spain,Female,51,10,0.0,2,0,1,77338.15,0
15601345,Cust1345,644,Germany,Male,33,0,0.0,2,1,1,188307.14,0
15601346,Cust1346,623,France,Female,49,1,0.0,1,0,1,162449.19,0
15601347,Cust1347,577,France,Male,58,1,115639.17,2,1,1,22972.03,0
15601348,Cust1348,749,France,Male,39,2,120084.33,1,1,0,63313.02,0
15601349,Cust1349,747,France,Female,43,8,0.0,1,1,1,172083.68,1
15601350,Cust1350,676,Spain,Male,29,2,112903.25,2,1,1,153554.21,0
15601351,Cust1351,588,Spain,Male,47,6,98815.19,3,1,1,47672.29,1
15601352,Cust1352,589,France,Male,49,2,0.0,1,1,1,103447.28,0
15601353,Cust1353,654,France,Male,33,0,0.0,2,1,1,46388.06,0
15601354,Cust1354,606,Spain,Male,44,0,0.0,1,0,0,122510.29,0
15601355,Cust1355,649,France,Male,41,10,100622.64,2,0,1,27691.08,0
15601356,Cust1356,704,Germany,Male,42,6,89026.21,2,1,1,60815.59,0
15601357,Cust1357,503,France,Female,46,7,53496.39,2,1,1,26809.12,1
15601358,Cust1358,577,Germany,Male,43,2,122850.68,2,1,0,185686.12,1
15601359,Cust1359,647,France,Male,37,5,106824.17,2,1,1,45009.13,0
15601360,Cust1360,800,Germany,Female,46,7,171236.59,3,1,0,109607.46,0
15601361,Cust1361,731,France,Male,49,8,0.0,1,1,1,44996.41,0
15601362,Cust1362,650,Germany,Female,32,7,144540.18,3,1,0,35186.28,1
15601363,Cust1363,689,France,Male,38,6,142808.06,2,1,0,11715.06,0
15601364,Cust1364,640,France,Female,20,6,50255.37,1,1,0,26512.71,0
15601365,Cust1365,753,Germany,Female,44,4,0.0,2,1,1,111056.57,0
15601366,Cust1366,692,France,Male,50,7,0.0,3,0,1,110446.38,0
15601367,Cust1367,773,France,Female,35,3,0.0,2,0,1,59142.6,0
15601368,Cust1368,520,France,Female,39,7,0.0,1,1,1,187384.27,0
15601369,Cust1369,573,France,Female,36,4,98522.83,1,1,1,94180.14,0
15601370,Cust1370,676,France,Male,34,6,95460.07,1,0,0,163521.1,0
15601371,Cust1371,697,Spain,Male,40,5,146694.91,1,1,1,107317.63,0
15601372,Cust1372,850,France,Male,30,6,53858.09,1,1,0,57060.3,0
15601373,Cust1373,476,Spain,Female,36,7,100384.38,2,1,0,41083.44,0
15601374,Cust1374,647,Spain,Male,29,3,0.0,1,1,1,44112.94,0
15601375,Cust1375,643,France,Male,44,5,121822.66,1,1,0,138563.16,1
15601376,Cust1376,673,Germany,Female,40,4,82140.99,1,1,1,152524.98,0
15601377,Cust1377,816,Spain,Male,34,0,0.0,1,1,1,42591.77,0
15601378,Cust1378,734,Germany,Female,38,9,33661.74,2,0,0,197746.57,0
15601379,Cust1379,496,France,Male,36,7,68835.95,1,0,0,183800.19,0
15601380,Cust1380,797,France,Female,49,0,84879.1,3,1,1,56904.85,1
15601381,Cust1381,795,France,Male,34,0,49446.79,2,0,1,70337.78,0
15601382,Cust1382,675,Germany,Male,44,10,129557.71,2,1,1,194641.4,1
15601383,Cust1383,495,Spain,Male,31,9,0.0,1,0,1,199546.38,0
15601384,Cust1384,635,Spain,Male,46,8,0.0,2,0,1,88673.54,0
15601385,Cust1385,695,France,Male,48,7,0.0,2,1,1,169348.32,0
15601386,Cust1386,746,Germany,Male,49,9,69615.52,4,1,0,185023.84,0
15601387,Cust1387,480,France,Female,53,6,76010.98,2,1,1,177340.2,0
15601388,Cust1388,576,Spain,Male,41,0,98589.13,3,1,1,137573.53,0
15601389,Cust1389,755,France,Male,50,4,139377.67,2,1,1,90064.95,0
15601390,Cust1390,794,Spain,Male,54,3,95946.95,3,1,0,106378.31,1
15601391,Cust1391,691,Spain,Male,27,1,143930.08,2,1,1,145822.39,0
15601392,Cust1392,760,France,Female,32,9,0.0,1,1,0,59941.62,0
15601393,Cust1393,694,France,Male,23,7,0.0,2,1,1,145153.99,0
15601394,Cust1394,742,Spain,Female,49,9,164077.93,3,1,0,110381.48,1
15601395,Cust1395,664,France,Female,23,1,108673.58,3,1,1,120938.65,0
15601396,Cust1396,696,Germany,Female,20,10,51666.14,3,0,0,168993.53,1
15601397,Cust1397,533,Spain,Female,27,6,0.0,1,1,0,189234.69,0
15601398,Cust1398,719,Germany,Male,21,6,186142.44,2,1,0,68738.63,0
15601399,Cust1399,530,France,Female,41,2,0.0,1,1,0,155144.37,0
15601400,Cust1400,719,France,Female,27,6,0.0,2,1,0,124281.39,0
15601401,Cust1401,608,France,Female,21,6,56323.69,1,1,0,65939.34,1
15601402,Cust1402,686,Spain,Male,38,7,88343.9,1,1,1,133289.53,0
15601403,Cust1403,559,France,Male,38,1,120731.94,1,0,1,134768.4,0
15601404,Cust1404,602,France,Female,19,6,150374.95,1,1,1,166015.39,0
15601405,Cust1405,685,France,Male,31,1,62422.73,1,1,0,87674.83,0
15601406,Cust1406,722,Spain,Female,37,0,158729.21,2,1,1,164342.24,0
15601407,Cust1407,755,France,Male,34,5,0.0,1,0,1,57194.59,0
15601408,Cust1408,540,Spain,Male,35,1,146604.21,2,0,1,98174.88,0
15601409,Cust1409,506,Germany,Male,50,7,143241.83,1,1,1,128028.37,0
15601410,Cust1410,556,Spain,Male,59,5,81798.75,1,1,1,124099.84,0
15601411,Cust1411,548,Spain,Male,35,2,0.0,1,0,1,20219.35,0
15601412,Cust1412,800,Spain,Female,25,2,158021.21,1,1,1,77666.79,0
15601413,Cust1413,779,Spain,Female,36,5,103305.84,2,1,0,71227.59,0
15601414,Cust1414,554,France,Female,40,6,162465.7,2,1,0,193975.5,0
15601415,Cust1415,814,Spain,Female,37,8,217608.37,2,1,1,194082.8,0
15601416,Cust1416,773,Germany,Female,44,6,0.0,2,0,1,79536.35,0
15601417,Cust1417,494,Germany,Male,60,6,0.0,2,1,1,159586.58,1
15601418,Cust1418,551,Spain,Female,21,6,27044.33,2,0,1,115368.2,0
15601419,Cust1419,491,Spain,Female,33,6,113103.06,2,1,1,85798.02,0
15601420,Cust1420,642,Germany,Female,53,3,59429.48,1,0,0,158794.01,0
15601421,Cust1421,652,France,Male,33,2,0.0,2,1,1,190947.85,0
15601422,Cust1422,651,France,Female,46,5,0.0,1,0,1,78967.56,0
15601423,Cust1423,455,France,Male,44,1,0.0,3,1,0,42863.46,0
15601424,Cust1424,513,France,Male,50,2,138986.99,2,1,1,190560.9,0
15601425,Cust1425,675,France,Female,57,1,0.0,1,0,1,144843.66,1
15601426,Cust1426,710,France,Female,41,5,0.0,3,0,1,51739.24,0
15601427,Cust1427,456,France,Male,21,10,113171.19,1,0,1,12611.67,0
15601428,Cust1428,527,Spain,Male,31,9,78206.36,2,1,1,136334.8,0
15601429,Cust1429,748,France,Female,60,0,132954.01,2,1,1,128723.44,0
15601430,Cust1430,532,Spain,Male,24,9,90707.87,2,1,1,53300.88,0
15601431,Cust1431,649,Germany,Male,43,1,0.0,1,1,0,132418.65,0
15601432,Cust1432,523,France,Female,18,10,96963.24,1,1,1,40185.97,0
15601433,Cust1433,730,France,Female,24,2,0.0,1,1,1,87356.56,0
15601434,Cust1434,456,France,Male,47,1,0.0,1,1,0,69851.86,0
15601435,Cust1435,621,Spain,Male,38,8,0.0,1,1,1,174289.97,1
15601436,Cust1436,740,France,Male,34,9,0.0,1,1,1,66201.52,0
15601437,Cust1437,709,Germany,Male,30,4,86512.81,2,1,0,64236.89,0
15601438,Cust1438,605,Spain,Female,18,6,0.0,2,0,1,153544.51,0
15601439,Cust1439,583,Spain,Female,45,8,85375.18,1,1,1,14273.42,0
15601440,Cust1440,628,France,Male,35,9,124864.76,1,0,0,146873.35,1
15601441,Cust1441,526,France,Male,23,4,0.0,2,1,1,19893.25,0
15601442,Cust1442,640,France,Male,38,8,130022.24,2,1,0,21572.48,0
15601443,Cust1443,642,France,Male,44,8,99136.11,1,1,0,103721.51,1
15601444,Cust1444,610,France,Male,36,8,83353.59,1,0,0,192020.67,0
15601445,Cust1445,746,Germany,Male,39,9,59259.87,1,1,1,41741.12,0
15601446,Cust1446,547,Spain,Female,38,9,0.0,1,0,1,68475.12,0
15601447,Cust1447,486,Germany,Male,31,4,0.0,2,0,1,139716.87,0
15601448,Cust1448,600,Germany,Female,39,3,73449.04,1,1,0,179719.06,1
15601449,Cust1449,662,France,Male,45,10,166381.14,1,0,0,104587.19,0
15601450,Cust1450,640,Spain,Female,48,4,140866.38,2,1,0,104997.58,0
15601451,Cust1451,635,Germany,Female,46,10,141449.84,2,1,0,69844.35,1
15601452,Cust1452,542,Spain,Male,31,10,99067.79,1,1,1,82324.39,1
15601453,Cust1453,556,Spain,Male,44,0,0.0,2,1,1,37658.01,0
15601454,Cust1454,603,France,Female,43,1,63603.33,3,0,1,33945.56,1
15601455,Cust1455,596,France,Male,31,6,0.0,2,1,0,149952.93,0
15601456,Cust1456,755,France,Male,33,0,141007.52,1,1,0,102572.99,1
15601457,Cust1457,675,France,Male,45,7,143479.06,1,0,1,157924.32,0
15601458,Cust1458,599,Spain,Female,52,0,138472.14,2,1,1,133562.52,0
15601459,Cust1459,755,France,Male,20,9,0.0,3,1,0,11652.02,1
15601460,Cust1460,693,Spain,Male,54,4,152268.1,2,1,1,106210.78,0
15601461,Cust1461,520,Germany,Male,50,7,0.0,3,1,1,114862.91,1
15601462,Cust1462,350,France,Female,40,5,118013.15,2,1,1,36893.95,0
15601463,Cust1463,523,France,Male,36,7,118043.83,1,1,1,191714.96,0
15601464,Cust1464,707,Germany,Female,42,7,0.0,1,1,0,161854.43,1
15601465,Cust1465,736,Germany,Female,32,3,0.0,3,1,1,181068.84,1
15601466,Cust1466,491,France,Male,36,8,69361.09,1,1,1,123890.29,0
15601467,Cust1467,713,France,Male,23,9,94391.17,2,0,1,168354.95,0
15601468,Cust1468,710,Germany,Female,21,3,53029.25,1,1,0,45084.25,0
15601469,Cust1469,784,France,Female,61,0,129711.28,1,1,0,172465.86,1
15601470,Cust1470,741,Spain,Male,39,4,174347.36,2,1,1,184955.61,0
15601471,Cust1471,780,France,Male,40,7,63798.2,1,0,0,14597.47,1
15601472,Cust1472,697,France,Male,38,8,26543.73,3,1,1,132129.09,0
15601473,Cust1473,694,France,Male,30,2,0.0,1,0,1,28942.48,0
15601474,Cust1474,618,Germany,Male,35,5,114326.26,2,1,0,133268.16,1
15601475,Cust1475,729,Germany,Male,39,8,93121.19,1,1,0,180336.03,0
15601476,Cust1476,522,France,Male,36,5,46220.3,1,0,1,45092.51,0
15601477,Cust1477,637,Spain,Female,30,8,149787.01,1,0,1,104345.62,0
15601478,Cust1478,702,France,Female,43,7,115305.58,1,0,1,29112.8,0
15601479,Cust1479,785,France,Female,40,1,181291.65,2,0,1,133938.76,0
15601480,Cust1480,604,France,Female,42,2,143945.33,1,0,1,33391.75,0
15601481,Cust1481,743,France,Female,45,8,62239.93,1,1,0,194673.15,0
15601482,Cust1482,631,Germany,Male,36,7,121754.66,2,0,0,71594.07,0
15601483,Cust1483,745,France,Female,36,9,126890.8,2,1,1,45921.88,0
15601484,Cust1484,573,Germany,Male,53,3,0.0,3,0,0,191092.71,1
15601485,Cust1485,720,France,Male,29,0,0.0,2,1,0,132756.6,0
15601486,Cust1486,641,Spain,Female,19,2,43939.12,2,1,0,103120.15,0
15601487,Cust1487,536,France,Female,44,4,101618.0,1,1,1,153432.23,1
15601488,Cust1488,635,Spain,Male,32,1,0.0,3,1,1,174627.83,0
15601489,Cust1489,777,France,Female,27,2,0.0,1,1,1,163922.06,0
15601490,Cust1490,552,France,Male,47,1,115142.23,2,0,1,78227.82,1
15601491,Cust1491,508,Spain,Male,37,1,1000.0,1,1,0,85875.31,0
15601492,Cust1492,688,Germany,Male,25,4,49187.19,1,1,0,110546.74,1
15601493,Cust1493,489,Spain,Male,57,8,0.0,2,1,0,121806.02,0
15601494,Cust1494,800,France,Female,22,4,96318.52,1,0,1,67906.0,0
15601495,Cust1495,798,Germany,Male,37,3,190171.62,1,0,1,36733.38,0
15601496,Cust1496,750,Spain,Male,19,6,0.0,2,1,0,93942.89,0
15601497,Cust1497,649,Germany,Female,41,7,39025.77,2,1,0,165074.33,0
15601498,Cust1498,810,France,Male,32,3,68777.7,3,0,1,63224.76,0
15601499,Cust1499,779,Germany,Male,46,0,144670.76,2,1,0,81825.54,0
15601500,Cust1500,599,Germany,Male,38,3,0.0,1,0,1,62787.17,0
15601501,Cust1501,788,Spain,Male,52,0,8502.33,2,1,1,126244.96,0
15601502,Cust1502,562,France,Male,34,1,0.0,1,1,1,190894.51,0
15601503,Cust1503,631,France,Female,22,6,0.0,1,1,0,45051.29,0
15601504,Cust1504,478,Spain,Female,40,1,95193.68,2,0,1,158328.66,0
15601505,Cust1505,664,Germany,Male,35,4,75338.23,2,1,1,136613.82,0
15601506,Cust1506,622,Germany,Male,20,4,0.0,1,1,1,197611.37,0
15601507,Cust1507,607,France,Male,27,9,10328.24,1,1,1,29822.17,0
15601508,Cust1508,634,France,Female,31,1,134080.73,3,0,0,182711.44,0
15601509,Cust1509,594,Germany,Male,54,0,101838.75,1,0,0,163620.27,1
15601510,Cust1510,654,France,Male,45,5,0.0,1,0,1,182173.38,0
15601511,Cust1511,773,France,Female,35,6,0.0,1,1,0,152925.82,0
15601512,Cust1512,548,Germany,Female,43,5,97392.69,1,1,1,64160.67,0
15601513,Cust1513,733,Germany,Male,18,7,143803.54,1,0,0,89828.16,1
15601514,Cust1514,671,Spain,Male,32,9,124717.62,2,1,1,31539.8,0
15601515,Cust1515,686,France,Male,42,6,1000.0,1,1,1,11394.94,0
15601516,Cust1516,647,France,Female,40,5,138415.52,1,1,1,189989.65,1
15601517,Cust1517,581,Spain,Male,33,7,0.0,1,1,1,167303.96,0
15601518,Cust1518,693,France,Male,38,2,0.0,1,1,1,26386.35,0
15601519,Cust1519,700,France,Female,41,2,0.0,1,1,1,96939.73,0
15601520,Cust1520,573,France,Male,38,4,145270.49,1,0,0,65539.53,0
15601521,Cust1521,522,Germany,Male,47,8,105610.67,1,1,1,67194.02,0
15601522,Cust1522,658,Spain,Female,41,9,20015.4,1,1,1,180092.09,0
15601523,Cust1523,722,Spain,Male,43,6,0.0,3,1,0,198530.75,0
15601524,Cust1524,746,Germany,Female,55,6,0.0,1,1,0,90770.08,1
15601525,Cust1525,766,France,Female,46,8,0.0,2,1,1,164943.36,0
15601526,Cust1526,686,France,Male,55,2,0.0,3,1,0,42335.92,1
15601527,Cust1527,625,France,Female,31,1,24873.55,1,0,0,156477.31,0
15601528,Cust1528,650,France,Female,22,8,124376.57,1,1,0,20602.29,0
15601529,Cust1529,531,France,Female,37,1,0.0,1,1,1,75655.88,0
15601530,Cust1530,584,France,Female,36,1,202878.58,2,1,0,118482.24,0
15601531,Cust1531,645,France,Male,53,4,0.0,2,1,0,22895.93,0
15601532,Cust1532,624,Germany,Male,27,8,0.0,1,0,0,33293.17,1
15601533,Cust1533,659,Germany,Female,37,4,18143.64,1,1,1,71286.95,0
15601534,Cust1534,518,France,Male,42,1,74890.5,1,1,0,100770.08,0
15601535,Cust1535,539,France,Male,39,1,195275.03,2,1,0,51556.37,0
15601536,Cust1536,724,Spain,Male,36,2,0.0,2,1,1,71032.41,0
15601537,Cust1537,570,Germany,Male,42,0,0.0,1,1,1,42988.86,0
15601538,Cust1538,585,Spain,Female,49,3,182357.0,1,1,0,30145.25,0
15601539,Cust1539,659,France,Female,53,0,62282.89,2,1,1,90363.53,1
15601540,Cust1540,561,Spain,Female,38,9,117421.06,2,0,1,52768.8,0
15601541,Cust1541,756,France,Male,30,0,122208.8,1,1,1,134201.29,0
15601542,Cust1542,529,France,Male,53,2,94243.82,2,1,0,53995.57,0
15601543,Cust1543,650,France,Female,27,0,36232.91,2,1,0,46957.7,0
15601544,Cust1544,578,France,Male,56,3,167478.62,1,0,1,80506.48,0
15601545,Cust1545,665,France,Female,51,8,104440.99,1,1,0,30569.54,0
15601546,Cust1546,602,France,Female,53,6,0.0,1,1,1,18822.8,0
15601547,Cust1547,648,Spain,Male,45,10,69277.57,1,1,0,155600.22,0
15601548,Cust1548,767,France,Male,18,6,67615.65,1,1,1,43643.31,0
15601549,Cust1549,584,France,Female,28,4,0.0,2,1,0,126596.2,0
15601550,Cust1550,583,France,Male,41,10,89809.13,2,1,1,68587.25,0
15601551,Cust1551,620,France,Female,31,2,150487.25,2,1,0,72679.57,0
15601552,Cust1552,792,France,Female,35,1,117411.84,2,1,1,40875.85,0
15601553,Cust1553,641,France,Male,44,3,0.0,3,0,0,54439.68,1
15601554,Cust1554,768,France,Female,36,10,32448.56,2,1,0,119141.13,0
15601555,Cust1555,633,Spain,Male,26,9,142281.63,3,1,0,122073.61,1
15601556,Cust1556,764,Spain,Male,47,5,147060.24,3,1,1,65194.37,0
15601557,Cust1557,689,France,Female,43,10,0.0,1,1,1,50742.98,0
15601558,Cust1558,703,Germany,Female,36,7,71758.34,3,1,0,75895.14,1
15601559,Cust1559,512,Spain,Female,45,2,0.0,4,1,0,27607.6,1
15601560,Cust1560,498,Spain,Female,39,0,0.0,1,1,1,111048.03,0
15601561,Cust1561,753,Germany,Male,51,0,112650.7,2,1,0,166602.0,0
15601562,Cust1562,752,Spain,Male,40,9,0.0,1,1,0,130031.87,0
15601563,Cust1563,850,Spain,Male,51,3,144517.19,1,1,0,15135.73,1
15601564,Cust1564,507,Spain,Male,19,4,139066.38,2,1,0,62557.89,1
15601565,Cust1565,697,France,Male,43,4,54309.67,1,1,1,100104.69,0
15601566,Cust1566,552,France,Male,34,0,123738.43,2,1,1,183021.25,0
15601567,Cust1567,579,France,Female,29,0,115127.3,1,1,0,43204.55,0
15601568,Cust1568,602,France,Male,50,7,42435.12,1,0,1,25011.12,0
15601569,Cust1569,687,France,Female,47,7,83199.01,2,0,1,111086.2,0
15601570,Cust1570,586,France,Female,18,2,122369.11,3,0,0,116731.14,0
15601571,Cust1571,653,Germany,Female,45,1,36302.95,1,1,0,196606.4,0
15601572,Cust1572,730,Germany,Male,44,5,0.0,1,1,0,113266.81,1
15601573,Cust1573,758,Spain,Female,31,0,0.0,1,0,0,14188.35,0
15601574,Cust1574,716,France,Female,30,3,0.0,1,0,0,137488.71,0
15601575,Cust1575,693,France,Male,22,7,148662.91,1,0,0,49852.34,0
15601576,Cust1576,636,Spain,Male,35,1,0.0,1,1,0,164840.36,0
15601577,Cust1577,595,Spain,Male,36,8,41201.9,2,1,1,94427.3,0
15601578,Cust1578,702,Spain,Female,46,9,61226.74,1,1,0,174091.25,0
15601579,Cust1579,549,Spain,Female,41,2,0.0,2,0,1,44179.84,0
15601580,Cust1580,661,Spain,Male,27,7,125666.18,1,1,1,123766.02,0
15601581,Cust1581,547,France,Female,40,8,1000.0,3,1,1,143715.14,1
15601582,Cust1582,646,France,Male,35,5,0.0,1,1,0,19176.0,0
15601583,Cust1583,549,France,Male,29,3,100676.13,1,1,0,100649.48,0
15601584,Cust1584,612,Germany,Female,22,10,98324.21,1,1,0,139515.98,1
15601585,Cust1585,585,Spain,Female,44,3,60173.51,2,0,0,128767.89,0
15601586,Cust1586,574,France,Female,42,2,156834.68,3,1,0,31100.45,1
15601587,Cust1587,642,Germany,Male,44,1,123407.22,2,1,0,17299.71,1
15601588,Cust1588,417,France,Male,31,9,93908.75,1,1,1,52042.34,0
15601589,Cust1589,477,France,Male,40,2,1000.0,2,1,1,56375.29,0
15601590,Cust1590,727,France,Male,24,1,78047.77,1,1,0,124037.68,0
15601591,Cust1591,664,France,Male,28,0,51000.59,2,1,1,15501.3,0
15601592,Cust1592,581,Spain,Female,38,3,82388.69,1,0,0,62509.53,0
15601593,Cust1593,743,France,Female,41,7,60152.13,2,1,1,55061.71,0
15601594,Cust1594,589,Spain,Male,22,7,136002.3,2,1,1,169030.9,0
15601595,Cust1595,594,Germany,Male,27,9,169686.22,1,0,0,78083.63,1
15601596,Cust1596,575,France,Male,34,7,96690.52,1,1,0,147231.78,0
15601597,Cust1597,833,France,Male,48,0,47919.01,2,1,1,166944.59,0
15601598,Cust1598,673,Spain,Female,30,9,83937.72,2,0,0,144804.64,0
15601599,Cust1599,669,France,Male,39,2,80150.61,2,0,0,32253.92,0
15601600,Cust1600,695,Spain,Female,40,10,0.0,2,0,0,150662.26,1
15601601,Cust1601,472,France,Male,36,3,101900.88,1,1,1,171465.5,0
15601602,Cust1602,593,Germany,Male,41,0,165277.61,2,1,0,81879.43,0
15601603,Cust1603,694,Spain,Female,25,4,36273.26,1,0,0,178777.17,0
15601604,Cust1604,650,France,Male,31,4,0.0,2,1,0,141308.05,1
15601605,Cust1605,850,France,Male,52,9,53193.24,1,0,0,145258.27,1
15601606,Cust1606,599,Spain,Female,53,6,94342.94,1,0,0,114276.13,0
15601607,Cust1607,741,France,Male,46,0,0.0,2,1,0,83471.15,0
15601608,Cust1608,727,France,Male,49,0,32223.56,1,0,1,71678.52,0
15601609,Cust1609,664,France,Male,20,6,75417.58,1,1,0,161921.89,0
15601610,Cust1610,681,France,Male,29,0,91400.44,2,1,1,169653.71,0
15601611,Cust1611,622,Spain,Male,35,5,0.0,2,1,0,73725.93,0
15601612,Cust1612,461,Spain,Male,62,9,0.0,2,1,0,130352.07,1
15601613,Cust1613,684,France,Female,35,9,118429.31,2,1,0,147657.55,0
15601614,Cust1614,691,Spain,Female,45,6,0.0,2,1,1,51530.88,0
15601615,Cust1615,706,France,Male,42,3,144753.47,1,1,0,130115.68,0
15601616,Cust1616,656,France,Male,42,5,0.0,1,0,0,75136.87,0
15601617,Cust1617,743,Germany,Male,38,1,0.0,1,1,1,62620.14,0
15601618,Cust1618,567,Spain,Male,26,8,99138.02,1,1,0,70714.43,0
15601619,Cust1619,791,France,Male,18,1,108450.37,1,1,1,72619.51,0
15601620,Cust1620,555,France,Female,51,0,0.0,1,0,0,104570.92,0
15601621,Cust1621,640,Germany,Male,32,6,0.0,1,0,0,78019.09,1
15601622,Cust1622,715,Spain,Male,19,6,0.0,1,1,1,146932.81,0
15601623,Cust1623,601,France,Female,42,6,0.0,1,1,0,181003.54,0
15601624,Cust1624,722,France,Female,42,5,125513.55,1,1,0,157057.72,0
15601625,Cust1625,617,Germany,Male,46,6,30348.72,2,1,1,115069.85,1
15601626,Cust1626,661,France,Male,49,4,0.0,3,1,1,139914.28,0
15601627,Cust1627,633,France,Female,29,1,174526.32,2,0,0,180639.56,0
15601628,Cust1628,595,France,Male,29,6,137238.6,3,1,1,122894.83,0
15601629,Cust1629,850,France,Female,35,0,158250.2,1,1,0,21115.62,0
15601630,Cust1630,569,France,Female,46,0,205158.94,2,1,0,67267.3,0
15601631,Cust1631,431,Spain,Male,18,6,112856.4,1,1,0,73495.34,0
15601632,Cust1632,573,Germany,Male,39,7,147653.21,1,1,1,196940.94,0
15601633,Cust1633,663,Germany,Male,47,0,0.0,2,1,0,150501.47,0
15601634,Cust1634,614,Spain,Male,47,4,65412.9,2,1,1,91901.23,0
15601635,Cust1635,748,France,Male,45,10,167836.24,1,1,0,77549.66,0
15601636,Cust1636,744,France,Female,49,8,109047.92,1,0,1,192761.83,0
15601637,Cust1637,619,Spain,Female,18,8,0.0,2,0,1,155687.09,0
15601638,Cust1638,489,France,Female,54,7,0.0,2,1,0,49765.66,0
15601639,Cust1639,527,Germany,Female,41,1,69689.92,1,0,0,100674.82,0
15601640,Cust1640,647,Spain,Female,51,4,161379.7,1,1,0,53687.53,0
15601641,Cust1641,500,France,Male,26,6,80499.02,1,0,0,198090.57,0
15601642,Cust1642,615,France,Male,20,7,0.0,1,0,0,119119.43,0
15601643,Cust1643,786,France,Female,56,1,137472.78,1,1,0,26386.49,0
15601644,Cust1644,683,France,Female,29,10,0.0,1,1,0,69819.6,0
15601645,Cust1645,654,France,Male,35,10,0.0,2,1,1,111416.71,0
15601646,Cust1646,550,France,Female,43,0,0.0,2,1,1,107947.87,0
15601647,Cust1647,667,Spain,Male,46,6,0.0,1,1,1,52655.58,0
15601648,Cust1648,625,Spain,Male,49,1,0.0,1,1,0,140520.03,0
15601649,Cust1649,673,Spain,Female,40,3,0.0,2,0,0,55093.98,0
15601650,Cust1650,720,France,Male,27,9,91119.14,3,1,0,196780.83,1
15601651,Cust1651,736,France,Male,45,7,0.0,4,1,0,166836.92,0
15601652,Cust1652,662,France,Female,45,3,86056.79,2,1,0,95545.6,0
15601653,Cust1653,699,France,Female,20,0,50922.65,3,1,0,80260.29,0
15601654,Cust1654,601,Spain,Male,52,9,0.0,1,1,1,44386.48,0
15601655,Cust1655,759,France,Female,18,3,50236.25,1,1,0,26917.4,0
15601656,Cust1656,565,France,Male,48,6,105578.46,1,1,1,153637.16,0
15601657,Cust1657,630,Spain,Female,32,2,0.0,2,1,1,178641.9,0
15601658,Cust1658,769,France,Male,45,8,0.0,1,0,1,105363.87,0
15601659,Cust1659,604,France,Female,43,3,0.0,2,1,0,180207.71,0
15601660,Cust1660,521,France,Female,38,8,51936.89,1,1,1,190408.38,0
15601661,Cust1661,611,Germany,Male,43,0,0.0,2,1,0,122578.92,0
15601662,Cust1662,784,Spain,Male,37,6,1000.0,2,0,1,59065.11,0
15601663,Cust1663,432,France,Male,45,10,0.0,2,1,0,165423.07,0
15601664,Cust1664,660,Spain,Female,60,5,11287.13,1,0,1,52371.36,1
15601665,Cust1665,589,Spain,Female,25,5,0.0,1,1,1,186637.27,0
15601666,Cust1666,634,Spain,Female,18,7,178014.2,1,1,1,47053.57,0
15601667,Cust1667,617,France,Female,34,9,112003.87,2,0,1,78079.68,0
15601668,Cust1668,742,France,Male,33,8,63591.92,1,1,1,33836.94,0
15601669,Cust1669,655,Spain,Female,34,0,16457.74,2,1,0,64510.55,0
15601670,Cust1670,747,France,Male,29,3,0.0,3,0,1,106280.71,0
15601671,Cust1671,773,Germany,Female,47,9,99250.52,1,0,1,84386.95,0
15601672,Cust1672,653,Spain,Male,24,10,110491.97,1,0,0,129831.62,0
15601673,Cust1673,615,France,Female,43,7,0.0,1,1,0,80167.93,1
15601674,Cust1674,686,Spain,Male,44,0,50755.57,2,0,1,118634.54,0
15601675,Cust1675,705,Spain,Male,41,7,90188.92,1,1,1,129961.85,0
15601676,Cust1676,539,Germany,Male,43,10,106795.88,2,1,0,185937.5,0
15601677,Cust1677,673,France,Female,47,8,202566.01,1,0,0,177719.6,0
15601678,Cust1678,626,Spain,Male,39,7,135299.33,1,1,0,61041.74,1
15601679,Cust1679,610,Germany,Male,35,5,0.0,2,0,1,100019.04,0
15601680,Cust1680,584,Germany,Male,43,9,54418.81,1,1,1,29791.04,0
15601681,Cust1681,590,Spain,Male,44,6,0.0,2,1,0,53019.99,0
15601682,Cust1682,771,Germany,Female,47,5,176147.44,1,1,1,66575.65,1
15601683,Cust1683,615,France,Female,21,9,0.0,2,0,0,191369.82,1
15601684,Cust1684,760,France,Female,36,0,0.0,3,1,0,153859.86,0
15601685,Cust1685,663,France,Female,27,1,102754.26,1,1,0,180463.13,0
15601686,Cust1686,541,Germany,Male,44,9,91377.53,2,1,1,67441.48,0
15601687,Cust1687,668,Germany,Male,45,0,163830.25,2,1,0,173319.67,0
15601688,Cust1688,536,Germany,Female,35,9,0.0,1,1,1,156906.33,1
15601689,Cust1689,708,France,Female,31,10,0.0,2,1,1,38488.06,0
15601690,Cust1690,630,Spain,Male,44,2,31226.66,1,1,1,71779.18,0
15601691,Cust1691,732,Spain,Female,37,9,54931.28,2,1,1,145437.82,0
15601692,Cust1692,788,France,Male,52,6,107330.91,2,0,1,72643.6,0
15601693,Cust1693,483,Germany,Male,56,5,31510.59,1,1,0,58571.24,1
15601694,Cust1694,606,Germany,Male,48,10,245683.38,2,1,0,198374.6,0
15601695,Cust1695,534,Germany,Female,40,8,1000.0,2,0,1,102500.28,0
15601696,Cust1696,850,France,Female,56,9,75414.43,1,1,0,76813.87,0
15601697,Cust1697,608,Spain,Male,40,9,110384.79,1,0,0,78442.41,0
15601698,Cust1698,524,Spain,Female,33,7,157644.07,1,1,0,127843.67,0
15601699,Cust1699,850,Germany,Female,31,5,0.0,2,1,1,132903.56,0
15601700,Cust1700,580,Spain,Male,31,2,16921.19,1,1,0,174563.68,0
15601701,Cust1701,494,Spain,Female,38,1,0.0,1,0,0,135221.5,0
15601702,Cust1702,539,France,Male,43,2,0.0,1,1,0,188153.51,0
15601703,Cust1703,664,Germany,Male,24,5,8066.56,1,0,0,119558.58,0
15601704,Cust1704,654,France,Male,34,1,0.0,1,0,1,104254.43,0
15601705,Cust1705,570,Spain,Male,40,3,112829.88,1,1,0,159454.6,0
15601706,Cust1706,603,France,Male,44,8,117985.99,1,1,1,51311.6,0
15601707,Cust1707,655,France,Male,38,0,153963.32,1,1,1,130918.33,0
15601708,Cust1708,777,Spain,Male,40,3,66404.46,2,1,0,86675.14,0
15601709,Cust1709,682,France,Female,26,10,143990.66,2,0,0,36328.64,0
15601710,Cust1710,596,Spain,Female,29,3,107097.18,2,1,0,71098.32,0
15601711,Cust1711,628,France,Male,37,7,40815.91,1,1,0,130527.07,0
15601712,Cust1712,724,Spain,Male,43,6,95791.9,4,1,1,189001.98,0
15601713,Cust1713,811,Spain,Male,40,8,0.0,1,0,1,115327.26,0
15601714,Cust1714,544,France,Female,30,8,1000.0,2,1,1,89048.46,0
15601715,Cust1715,757,Spain,Female,36,6,0.0,2,1,1,180146.71,0
15601716,Cust1716,620,France,Male,53,10,121907.15,1,1,0,48650.48,0
15601717,Cust1717,494,Germany,Female,43,2,106573.44,1,0,1,26335.57,1
15601718,Cust1718,475,Germany,Female,36,3,0.0,2,1,0,72075.7,0
15601719,Cust1719,778,Spain,Female,28,6,157889.24,2,1,0,27494.38,0
15601720,Cust1720,790,France,Male,31,7,59818.47,3,1,1,90291.27,0
15601721,Cust1721,595,France,Male,38,7,66791.16,2,1,1,56570.93,0
15601722,Cust1722,630,Germany,Female,41,10,0.0,3,1,1,46447.8,0
15601723,Cust1723,479,Germany,Male,44,6,122944.13,2,0,1,47389.59,0
15601724,Cust1724,723,France,Male,42,8,75379.79,1,0,0,58037.89,1
15601725,Cust1725,647,France,Male,34,1,0.0,3,0,1,113068.94,0
15601726,Cust1726,501,France,Male,33,0,146668.86,2,0,1,11322.63,0
15601727,Cust1727,670,Spain,Female,58,8,122128.48,1,1,1,127619.01,0
15601728,Cust1728,517,France,Female,32,4,80174.85,2,1,1,144051.04,0
15601729,Cust1729,704,France,Male,25,3,149161.74,1,0,1,146104.18,0
15601730,Cust1730,546,Spain,Female,22,8,99890.03,3,1,1,106963.62,1
15601731,Cust1731,682,France,Male,34,4,0.0,2,0,0,98739.3,1
15601732,Cust1732,587,Germany,Female,47,0,12925.13,1,1,0,124739.94,0
15601733,Cust1733,423,France,Male,32,6,117052.06,3,0,0,67505.18,1
15601734,Cust1734,746,Spain,Female,53,1,101940.25,1,1,1,32642.96,0
15601735,Cust1735,751,Germany,Female,38,10,94800.12,1,1,0,107060.6,0
15601736,Cust1736,600,Spain,Female,49,3,73588.86,1,1,0,174890.8,0
15601737,Cust1737,676,France,Female,30,3,30487.27,1,1,0,102882.45,1
15601738,Cust1738,692,Germany,Male,31,9,97293.46,1,0,0,63841.0,1
15601739,Cust1739,695,Spain,Female,39,0,0.0,2,1,1,50937.08,0
15601740,Cust1740,816,France,Female,43,7,89475.09,1,1,0,23501.87,0
15601741,Cust1741,690,France,Male,36,10,74438.44,3,1,1,185774.15,0
15601742,Cust1742,616,France,Female,41,0,158928.31,1,1,1,72938.8,0
15601743,Cust1743,691,Spain,Male,44,10,184122.22,1,1,1,180752.68,0
15601744,Cust1744,609,Germany,Male,24,6,0.0,1,1,1,189612.58,0
15601745,Cust1745,548,Germany,Female,35,2,135178.65,1,1,1,95025.83,0
15601746,Cust1746,767,Germany,Male,33,9,69869.87,2,1,0,90767.4,1
15601747,Cust1747,701,Germany,Male,33,9,0.0,3,0,1,70686.04,0
15601748,Cust1748,471,France,Male,42,10,0.0,1,0,1,131588.93,0
15601749,Cust1749,584,France,Female,33,10,158308.8,1,1,0,51422.09,1
15601750,Cust1750,723,Germany,Female,18,6,94647.18,1,1,1,74868.39,0
15601751,Cust1751,500,France,Male,36,0,0.0,2,0,1,66653.85,0
15601752,Cust1752,578,Spain,Female,27,8,24629.96,1,0,0,81762.13,1
15601753,Cust1753,850,Spain,Female,43,8,48271.35,1,1,1,25072.0,0
15601754,Cust1754,618,France,Female,46,8,0.0,2,1,1,110977.77,0
15601755,Cust1755,754,Germany,Female,18,1,0.0,2,1,0,28307.51,1
15601756,Cust1756,794,France,Female,30,8,130075.23,1,1,0,159102.78,1
15601757,Cust1757,563,Spain,Male,42,9,0.0,2,1,0,90427.75,0
15601758,Cust1758,676,Spain,Male,24,0,162916.85,2,0,0,150115.12,1
15601759,Cust1759,848,Spain,Female,46,0,0.0,1,1,0,35632.77,1
15601760,Cust1760,694,France,Male,48,0,0.0,2,1,0,120376.32,0
15601761,Cust1761,850,France,Male,36,7,138631.71,1,1,0,47150.0,0
15601762,Cust1762,589,France,Male,30,3,131721.78,1,1,0,120559.72,0
15601763,Cust1763,823,France,Male,18,8,0.0,1,1,0,90875.69,0
15601764,Cust1764,652,France,Female,46,10,171205.7,2,0,1,133193.59,0
15601765,Cust1765,619,France,Male,58,0,75307.6,1,1,1,28147.96,0
15601766,Cust1766,711,Spain,Female,56,8,90003.34,2,1,1,181439.68,0
15601767,Cust1767,639,France,Female,36,8,60161.77,1,1,1,102158.59,0
15601768,Cust1768,642,France,Male,27,0,80356.79,2,1,0,138188.7,0
15601769,Cust1769,697,Spain,Male,46,1,22442.19,3,1,1,59511.13,0
15601770,Cust1770,476,Germany,Male,37,8,0.0,1,1,1,147677.86,1
15601771,Cust1771,573,Spain,Male,43,0,71011.38,2,1,1,188656.55,0
15601772,Cust1772,719,Germany,Male,41,2,0.0,2,1,0,191802.17,1
15601773,Cust1773,745,Spain,Female,39,10,0.0,3,0,0,161696.74,1
15601774,Cust1774,684,Germany,Male,48,7,119833.61,2,1,0,86636.97,0
15601775,Cust1775,676,Germany,Male,49,10,99112.06,2,1,0,45690.08,0
15601776,Cust1776,689,Germany,Male,33,3,0.0,2,1,1,61255.75,0
15601777,Cust1777,742,France,Male,29,8,46583.72,4,0,1,153192.09,0
15601778,Cust1778,513,France,Male,18,6,102243.43,2,1,0,64506.83,0
15601779,Cust1779,601,France,Female,35,9,156412.66,1,1,0,64112.55,0
15601780,Cust1780,643,France,Male,27,2,167856.49,2,0,1,62764.84,0
15601781,Cust1781,669,Spain,Male,42,0,0.0,1,1,0,71659.69,0
15601782,Cust1782,447,France,Female,35,4,66201.65,1,0,1,113981.3,0
15601783,Cust1783,529,France,Female,36,5,0.0,2,1,0,142535.99,0
15601784,Cust1784,648,France,Female,46,6,78272.34,1,1,0,84580.13,1
15601785,Cust1785,747,Spain,Male,42,9,101877.58,2,1,1,83975.03,0
15601786,Cust1786,610,France,Female,37,7,77466.56,1,1,0,168018.31,0
15601787,Cust1787,586,Germany,Male,55,9,0.0,2,1,1,48484.38,0
15601788,Cust1788,701,Spain,Female,45,8,0.0,1,1,1,126431.59,0
15601789,Cust1789,619,France,Male,34,4,0.0,1,0,0,115996.39,0
15601790,Cust1790,735,Spain,Female,34,8,0.0,2,1,1,97913.3,0
15601791,Cust1791,629,France,Female,46,3,79311.16,2,1,1,181505.24,0
15601792,Cust1792,543,France,Female,40,8,104834.91,2,1,1,13204.81,0
15601793,Cust1793,786,Germany,Male,27,7,0.0,2,1,0,162697.9,0
15601794,Cust1794,769,Spain,Female,47,2,112144.31,2,1,1,88077.58,0
15601795,Cust1795,558,France,Female,51,0,174185.14,1,1,1,166788.19,0
15601796,Cust1796,688,Germany,Male,50,9,0.0,1,1,0,96464.49,1
15601797,Cust1797,619,France,Male,53,8,0.0,1,1,1,45344.28,0
15601798,Cust1798,709,Germany,Male,59,0,111778.84,1,1,0,117763.71,0
15601799,Cust1799,566,Germany,Male,55,2,67922.84,2,1,0,194951.92,1
15601800,Cust1800,734,Germany,Female,41,5,0.0,1,1,0,31401.59,0
15601801,Cust1801,765,Germany,Male,36,5,138878.3,1,1,0,178226.5,0
15601802,Cust1802,559,France,Female,20,4,0.0,1,1,1,128733.96,1
15601803,Cust1803,656,Germany,Female,38,2,0.0,2,1,1,166369.97,0
15601804,Cust1804,767,Germany,Female,43,7,0.0,4,1,0,166884.87,0
15601805,Cust1805,554,Germany,Female,38,8,0.0,2,1,0,34203.98,0
15601806,Cust1806,586,France,Female,19,7,74735.5,1,1,0,86115.33,0
15601807,Cust1807,714,France,Male,35,10,134885.32,1,1,1,119272.91,0
15601808,Cust1808,635,France,Male,44,4,144507.62,1,1,1,165550.55,0
15601809,Cust1809,499,France,Female,28,5,0.0,1,1,1,67721.66,0
15601810,Cust1810,619,France,Female,40,3,39621.03,2,1,1,193171.06,0
15601811,Cust1811,818,France,Male,42,10,0.0,3,1,1,19065.13,0
15601812,Cust1812,848,Germany,Female,49,4,0.0,1,0,1,119082.46,1
15601813,Cust1813,589,France,Female,55,4,0.0,1,1,0,133666.09,1
15601814,Cust1814,562,Spain,Male,34,8,26597.0,1,1,1,119798.43,1
15601815,Cust1815,606,Germany,Female,40,3,113220.31,2,1,0,22289.68,1
15601816,Cust1816,823,Spain,Female,40,4,0.0,4,1,1,96807.88,0
15601817,Cust1817,731,France,Male,44,9,0.0,1,0,0,47379.69,0
15601818,Cust1818,791,France,Male,43,0,126487.12,1,0,0,113824.64,0
15601819,Cust1819,746,Germany,Male,52,0,110226.86,1,1,0,80153.19,0
15601820,Cust1820,523,Spain,Female,18,9,0.0,2,0,0,167131.73,0
15601821,Cust1821,559,France,Male,42,3,152485.97,1,0,0,23076.04,0
15601822,Cust1822,583,Germany,Female,43,8,0.0,1,1,0,91680.42,0
15601823,Cust1823,600,Germany,Female,36,7,0.0,2,0,0,173303.83,0
15601824,Cust1824,585,Germany,Female,18,2,0.0,1,1,0,134878.82,0
15601825,Cust1825,596,France,Male,37,2,130240.76,1,1,0,44281.14,0
15601826,Cust1826,711,Germany,Male,31,10,0.0,1,0,1,163713.23,1
15601827,Cust1827,663,France,Male,55,9,131327.51,1,0,0,74420.04,0
15601828,Cust1828,767,Spain,Male,42,2,105820.37,2,0,1,109652.97,0
15601829,Cust1829,674,France,Male,30,5,0.0,1,0,1,121861.37,1
15601830,Cust1830,585,France,Male,18,9,130200.28,2,1,0,33306.81,0
15601831,Cust1831,668,Spain,Male,44,2,0.0,2,1,0,136016.24,0
15601832,Cust1832,505,France,Female,45,7,140353.59,1,1,1,140277.77,0
15601833,Cust1833,428,France,Male,36,4,132043.68,1,1,1,130895.84,0
15601834,Cust1834,712,France,Male,44,9,0.0,2,0,0,138904.91,0
15601835,Cust1835,748,France,Female,35,3,17362.1,2,1,1,56422.23,0
15601836,Cust1836,657,France,Male,49,4,129973.35,2,1,0,54529.19,1
15601837,Cust1837,612,France,Female,48,7,146933.96,2,0,1,58009.73,0
15601838,Cust1838,521,Spain,Female,22,7,0.0,2,1,1,60843.45,0
15601839,Cust1839,762,Germany,Male,24,1,0.0,2,1,0,79496.05,1
15601840,Cust1840,697,France,Female,58,0,0.0,2,1,1,58268.78,0
15601841,Cust1841,678,Germany,Female,47,9,79272.84,2,0,1,193795.27,0
15601842,Cust1842,650,France,Female,25,8,179985.47,3,0,1,26802.97,0
15601843,Cust1843,605,Spain,Male,22,1,65364.7,2,1,0,171374.99,0
15601844,Cust1844,543,France,Male,40,7,0.0,1,1,0,78430.95,0
15601845,Cust1845,674,Germany,Male,27,3,34524.85,2,0,0,125825.61,1
15601846,Cust1846,598,France,Female,35,4,1000.0,1,0,1,70885.42,0
15601847,Cust1847,609,Germany,Male,38,6,100306.36,3,0,1,181486.06,0
15601848,Cust1848,815,France,Male,37,7,95400.55,1,0,0,23519.13,0
15601849,Cust1849,645,Spain,Male,49,3,89614.14,1,0,1,60952.36,1
15601850,Cust1850,415,France,Male,56,9,127466.42,1,1,1,192629.04,1
15601851,Cust1851,599,Spain,Male,33,5,134600.96,2,0,0,78635.14,0
15601852,Cust1852,554,Germany,Male,27,8,69096.43,3,1,1,58533.46,0
15601853,Cust1853,637,Spain,Female,42,6,102818.9,1,1,1,67092.0,0
15601854,Cust1854,513,Spain,Male,54,3,0.0,1,1,1,32721.82,0
15601855,Cust1855,692,Spain,Male,34,2,0.0,2,1,0,75195.64,0
15601856,Cust1856,622,France,Male,47,0,167244.97,1,1,1,71178.95,0
15601857,Cust1857,604,France,Male,30,5,0.0,3,0,1,63723.55,1
15601858,Cust1858,664,France,Female,38,6,0.0,1,1,0,26385.16,0
15601859,Cust1859,643,France,Male,26,10,0.0,2,1,1,123359.36,0
15601860,Cust1860,637,Germany,Female,38,2,48828.25,1,1,0,140785.45,1
15601861,Cust1861,628,Spain,Female,37,0,148236.22,4,1,0,143789.63,0
15601862,Cust1862,648,Spain,Female,44,9,0.0,2,1,1,41514.05,1
15601863,Cust1863,683,Germany,Female,56,6,78626.6,3,1,0,133325.94,0
15601864,Cust1864,671,Germany,Male,34,0,91827.3,1,1,0,179058.46,0
15601865,Cust1865,758,Spain,Female,18,3,0.0,2,1,1,195847.38,0
15601866,Cust1866,598,Spain,Male,36,10,0.0,1,1,1,179978.16,0
15601867,Cust1867,673,France,Female,41,9,94316.14,2,1,0,36907.3,0
15601868,Cust1868,850,Germany,Male,40,6,50760.56,1,1,1,191267.03,0
15601869,Cust1869,646,Spain,Male,36,1,0.0,1,0,0,72247.13,0
15601870,Cust1870,650,France,Male,53,7,0.0,2,1,0,16627.01,0
15601871,Cust1871,529,France,Female,39,0,0.0,1,1,1,79844.04,0
15601872,Cust1872,582,Spain,Female,37,4,1000.0,2,1,0,69074.55,0
15601873,Cust1873,640,Spain,Male,30,4,44430.86,2,1,1,138772.36,0
15601874,Cust1874,701,Spain,Male,21,8,0.0,2,1,1,196951.57,0
15601875,Cust1875,712,Spain,Male,41,7,0.0,2,1,1,148401.32,0
15601876,Cust1876,681,France,Female,40,5,147429.05,1,0,1,139113.67,0
15601877,Cust1877,727,France,Male,27,0,73423.29,1,1,1,43020.26,0
15601878,Cust1878,554,Germany,Male,38,0,94045.06,2,1,0,147004.57,0
15601879,Cust1879,697,Germany,Female,37,8,0.0,1,1,1,62404.95,0
15601880,Cust1880,651,Germany,Female,32,7,144019.14,4,0,0,63703.43,1
15601881,Cust1881,662,Germany,Female,30,3,85054.53,1,1,1,92856.49,0
15601882,Cust1882,615,France,Female,42,8,0.0,1,1,1,179821.6,0
15601883,Cust1883,559,Germany,Female,36,10,167864.17,1,1,0,52020.05,0
15601884,Cust1884,533,France,Male,32,0,90931.38,2,1,0,179639.82,0
15601885,Cust1885,681,France,Male,29,9,0.0,3,0,1,104807.44,0
15601886,Cust1886,698,France,Female,37,2,76779.09,2,1,1,24024.64,0
15601887,Cust1887,638,France,Male,47,8,189335.43,2,1,0,138304.32,0
15601888,Cust1888,649,Spain,Female,40,6,95158.2,3,1,1,137866.91,0
15601889,Cust1889,581,France,Male,36,8,89417.0,1,0,1,193535.7,0
15601890,Cust1890,698,France,Male,41,1,49932.39,1,1,0,71440.58,0
15601891,Cust1891,656,Spain,Male,52,6,75011.06,2,1,0,29647.33,0
15601892,Cust1892,615,Germany,Female,43,10,0.0,2,0,1,94884.62,0
15601893,Cust1893,733,France,Female,41,8,0.0,1,1,0,64215.39,0
15601894,Cust1894,712,France,Male,44,8,86546.8,2,1,1,114407.94,0
15601895,Cust1895,503,France,Male,36,1,0.0,1,0,0,118446.73,1
15601896,Cust1896,655,Germany,Male,40,3,0.0,2,0,1,75781.01,0
15601897,Cust1897,558,France,Male,33,8,101288.9,2,1,1,191160.38,0
15601898,Cust1898,663,France,Male,22,4,0.0,1,1,1,43826.22,0
15601899,Cust1899,350,France,Female,41,6,0.0,2,1,1,52026.2,1
15601900,Cust1900,669,Germany,Male,41,1,0.0,2,1,0,83795.43,0
15601901,Cust1901,718,France,Male,35,8,112779.15,1,1,0,112931.21,0
15601902,Cust1902,639,Spain,Male,48,4,120185.53,1,1,0,112299.42,0
15601903,Cust1903,538,France,Male,31,5,1000.0,2,1,1,144388.53,1
15601904,Cust1904,838,Germany,Male,20,10,0.0,1,1,1,27397.17,0
15601905,Cust1905,761,France,Female,31,6,0.0,1,1,0,189399.89,0
15601906,Cust1906,599,France,Female,23,4,46559.37,1,0,1,21414.44,0
15601907,Cust1907,625,France,Female,41,3,94554.69,1,0,0,131421.36,0
15601908,Cust1908,460,Spain,Male,30,6,105207.88,2,1,0,110315.91,0
15601909,Cust1909,695,Spain,Female,48,4,124242.61,2,1,1,57877.0,0
15601910,Cust1910,519,France,Female,48,2,0.0,2,1,1,82371.21,0
15601911,Cust1911,714,France,Female,29,4,97819.58,1,0,0,103756.42,0
15601912,Cust1912,748,Spain,Female,30,3,172026.57,3,1,1,21250.61,0
15601913,Cust1913,643,Germany,Male,43,8,84224.07,1,1,0,79223.21,1
15601914,Cust1914,548,France,Female,48,5,0.0,1,1,0,89711.68,0
15601915,Cust1915,770,France,Female,18,2,0.0,3,0,1,104007.05,0
15601916,Cust1916,650,Germany,Female,41,1,150610.51,1,0,1,102211.47,0
15601917,Cust1917,659,Germany,Female,18,10,0.0,1,1,0,195114.86,0
15601918,Cust1918,561,Germany,Female,33,9,0.0,2,1,0,177807.18,0
15601919,Cust1919,669,Spain,Male,49,9,0.0,1,1,0,143570.39,0
15601920,Cust1920,631,France,Female,68,8,170134.13,2,0,0,195590.83,1
15601921,Cust1921,522,France,Female,36,9,91651.35,2,1,1,73117.42,0
15601922,Cust1922,779,France,Female,26,7,129270.67,1,1,1,68289.44,0
15601923,Cust1923,819,France,Female,33,10,166472.48,2,1,0,98767.13,1
15601924,Cust1924,748,France,Male,39,10,0.0,1,1,1,139739.77,0
15601925,Cust1925,733,France,Male,31,4,0.0,2,0,1,144471.6,0
15601926,Cust1926,819,France,Male,29,2,0.0,1,1,0,134314.55,0
15601927,Cust1927,549,Germany,Female,34,9,97397.24,2,1,0,47378.17,0
15601928,Cust1928,548,France,Female,42,9,2234.98,2,0,0,52190.96,1
15601929,Cust1929,610,France,Female,36,4,0.0,1,0,1,70164.32,1
15601930,Cust1930,679,Germany,Female,29,9,122862.42,1,0,0,93125.21,0
15601931,Cust1931,622,Germany,Female,31,1,218233.65,2,1,1,79764.71,0
15601932,Cust1932,552,Spain,Male,34,9,74779.55,2,1,0,137044.75,0
15601933,Cust1933,651,Spain,Female,28,0,90295.49,1,0,1,137202.22,0
15601934,Cust1934,641,Germany,Female,31,1,0.0,2,1,0,71231.45,0
15601935,Cust1935,731,France,Female,44,0,170968.26,1,1,1,151844.78,0
15601936,Cust1936,654,France,Female,36,0,0.0,2,1,1,80479.81,0
15601937,Cust1937,467,Germany,Female,20,2,0.0,2,1,1,17537.11,0
15601938,Cust1938,687,France,Male,48,3,0.0,2,0,0,134468.38,0
15601939,Cust1939,802,France,Female,42,3,0.0,2,1,1,160042.02,0
15601940,Cust1940,653,France,Male,24,4,0.0,1,1,1,139142.95,0
15601941,Cust1941,745,France,Male,34,10,118486.14,1,1,1,46570.58,0
15601942,Cust1942,602,France,Male,30,5,127576.13,1,1,1,92380.13,0
15601943,Cust1943,704,France,Male,45,2,116712.36,2,1,0,162195.28,1
15601944,Cust1944,579,Spain,Male,34,1,101674.97,1,0,0,24871.97,0
15601945,Cust1945,626,Spain,Female,37,10,39789.11,1,1,1,189409.83,0
15601946,Cust1946,627,France,Male,36,3,0.0,1,1,1,18564.54,0
15601947,Cust1947,696,Spain,Male,23,8,0.0,1,0,1,46348.39,1
15601948,Cust1948,571,France,Male,52,8,152943.73,2,0,0,126887.46,0
15601949,Cust1949,509,Spain,Male,45,9,165931.09,3,0,0,100479.4,0
15601950,Cust1950,695,Spain,Female,31,1,0.0,1,1,1,124486.71,0
15601951,Cust1951,692,France,Male,40,8,144695.54,1,1,1,96629.45,0
15601952,Cust1952,661,Spain,Male,48,8,31392.08,1,1,1,168503.09,0
15601953,Cust1953,740,Spain,Female,39,10,129959.02,2,1,0,193410.35,0
15601954,Cust1954,631,Spain,Female,54,7,82293.79,2,1,1,156669.56,0
15601955,Cust1955,677,Spain,Female,67,1,6076.19,1,1,1,123443.37,0
15601956,Cust1956,616,Germany,Female,37,5,0.0,1,1,0,82724.31,0
15601957,Cust1957,625,France,Male,32,5,0.0,3,1,0,130544.73,0
15601958,Cust1958,683,Spain,Female,28,5,122291.67,2,0,0,161038.69,1
15601959,Cust1959,850,Germany,Male,18,3,100424.79,2,0,0,159851.33,0
15601960,Cust1960,721,Germany,Male,50,8,97011.4,1,1,1,12545.94,0
15601961,Cust1961,703,France,Male,34,3,0.0,2,0,0,143229.13,0
15601962,Cust1962,724,Germany,Female,47,4,0.0,2,0,0,49292.62,0
15601963,Cust1963,425,France,Male,49,4,57267.7,1,0,1,111759.0,0
15601964,Cust1964,681,Germany,Male,27,7,0.0,1,1,1,151891.19,0
15601965,Cust1965,737,France,Male,29,5,0.0,1,1,1,192021.79,0
15601966,Cust1966,658,Germany,Female,55,10,126584.82,2,1,1,17808.54,1
15601967,Cust1967,646,Spain,Male,37,10,124976.46,1,1,0,72935.71,1
15601968,Cust1968,560,France,Male,31,5,72473.28,1,1,0,22632.63,0
15601969,Cust1969,608,Germany,Male,28,2,193906.82,2,1,0,156711.77,0
15601970,Cust1970,570,France,Female,37,8,0.0,2,1,0,43540.45,1
15601971,Cust1971,746,Spain,Male,53,10,98240.61,1,1,1,34494.22,1
15601972,Cust1972,794,Germany,Female,45,9,3724.57,1,1,1,29239.83,0
15601973,Cust1973,836,France,Male,40,1,0.0,1,1,0,145234.36,1
15601974,Cust1974,568,France,Male,54,0,0.0,1,1,0,28036.02,0
15601975,Cust1975,586,France,Male,52,7,95607.21,1,1,1,95722.84,0
15601976,Cust1976,578,France,Male,41,3,148871.37,2,1,1,41278.78,0
15601977,Cust1977,552,Spain,Male,66,3,110840.21,3,1,1,130308.42,1
15601978,Cust1978,554,Germany,Male,36,0,123669.28,2,0,1,38262.36,0
15601979,Cust1979,601,France,Female,49,10,146416.77,1,1,0,55042.87,0
15601980,Cust1980,734,Spain,Male,34,0,30235.08,1,0,0,172990.55,0
15601981,Cust1981,581,France,Male,47,6,139317.44,2,0,0,14162.55,0
15601982,Cust1982,751,Spain,Male,36,10,84625.8,1,0,0,17561.84,1
15601983,Cust1983,781,France,Male,43,0,0.0,3,0,0,149723.88,0
15601984,Cust1984,677,Germany,Male,62,6,52778.03,2,0,1,51032.15,0
15601985,Cust1985,768,Spain,Male,48,10,121555.43,3,1,0,54837.78,1
15601986,Cust1986,519,France,Male,43,4,107180.3,2,0,1,12466.79,0
15601987,Cust1987,596,Germany,Male,30,3,0.0,1,0,0,107541.5,0
15601988,Cust1988,668,Spain,Female,40,7,0.0,1,1,1,85863.36,0
15601989,Cust1989,671,France,Female,28,10,0.0,2,1,1,168505.63,0
15601990,Cust1990,787,France,Female,47,6,0.0,2,1,0,30602.77,1
15601991,Cust1991,554,Germany,Male,47,0,61208.55,2,1,0,199666.68,0
15601992,Cust1992,598,France,Female,36,7,146165.63,1,1,1,21473.07,0
15601993,Cust1993,642,France,Male,55,2,118454.65,2,1,1,52662.63,0
15601994,Cust1994,600,France,Male,53,10,43282.77,1,1,0,37445.51,1
15601995,Cust1995,550,Spain,Female,39,3,0.0,1,1,0,157787.09,1
15601996,Cust1996,604,France,Male,44,7,1000.0,2,1,0,64621.37,0
15601997,Cust1997,626,France,Male,32,7,0.0,1,1,0,15398.71,0
15601998,Cust1998,789,Spain,Female,35,4,70425.35,1,0,0,111276.67,0
15601999,Cust1999,552,Germany,Female,27,8,0.0,2,1,1,56109.96,0
15602000,Cust2000,728,Spain,Male,33,9,0.0,1,1,0,128088.04,0
15602001,Cust2001,772,France,Male,37,6,113809.38,2,0,1,95430.9,0
15602002,Cust2002,601,Spain,Male,21,8,94124.63,1,1,1,27200.97,0
15602003,Cust2003,675,Germany,Female,44,0,85150.91,2,1,1,181135.55,1
15602004,Cust2004,705,France,Male,48,2,0.0,1,0,1,53848.53,0
15602005,Cust2005,689,Spain,Male,38,4,0.0,2,1,1,12495.97,0
15602006,Cust2006,658,France,Male,18,1,0.0,1,1,1,121080.83,0
15602007,Cust2007,585,France,Female,35,5,99442.52,2,1,1,167414.17,1
15602008,Cust2008,714,France,Female,24,0,78660.73,2,0,1,104130.74,0
15602009,Cust2009,614,Germany,Male,32,3,79451.05,1,1,0,171549.75,1
15602010,Cust2010,653,France,Female,53,0,109674.23,2,0,1,24918.83,0
15602011,Cust2011,667,France,Male,18,4,120788.05,1,1,1,64913.73,0
15602012,Cust2012,732,France,Female,30,4,0.0,1,0,0,132293.04,0
15602013,Cust2013,835,France,Male,46,5,78354.32,1,1,0,157124.97,1
15602014,Cust2014,579,France,Male,31,10,111933.92,2,0,1,25815.5,0
15602015,Cust2015,655,Germany,Male,30,6,114616.24,2,1,0,126650.93,0
15602016,Cust2016,507,France,Female,58,1,0.0,3,1,1,156457.65,0
15602017,Cust2017,792,France,Female,42,6,42691.93,1,1,1,34922.65,0
15602018,Cust2018,654,Germany,Female,47,10,102385.98,1,1,0,38890.77,0
15602019,Cust2019,621,France,Male,43,2,121460.89,1,1,1,106923.8,0
15602020,Cust2020,655,Germany,Male,40,0,112302.79,2,1,1,92760.09,0
15602021,Cust2021,660,France,Male,51,9,0.0,1,1,1,91383.59,0
15602022,Cust2022,580,France,Male,57,1,115006.32,1,1,0,174961.81,1
15602023,Cust2023,764,France,Male,21,9,138839.57,4,1,1,23390.25,0
15602024,Cust2024,712,France,Female,38,4,80641.03,1,1,0,150053.15,0
15602025,Cust2025,725,France,Female,38,8,70438.43,1,0,1,165601.7,1
15602026,Cust2026,585,Spain,Female,34,7,0.0,1,1,1,83659.02,0
15602027,Cust2027,580,France,Male,48,8,0.0,1,1,1,141925.85,0
15602028,Cust2028,639,Germany,Male,41,8,0.0,1,1,1,121923.51,1
15602029,Cust2029,727,Germany,Male,57,5,0.0,1,1,0,61065.23,0
15602030,Cust2030,698,France,Male,49,2,50909.14,1,1,0,107750.72,0
15602031,Cust2031,575,Germany,Female,52,10,119489.16,1,0,0,21931.67,0
15602032,Cust2032,714,France,Female,26,2,0.0,1,0,1,164024.8,0
15602033,Cust2033,557,France,Male,30,4,0.0,1,1,1,21568.71,0
15602034,Cust2034,586,France,Male,31,3,35816.35,3,0,1,66054.7,0
15602035,Cust2035,665,Spain,Female,51,4,156034.56,1,1,1,88396.47,0
15602036,Cust2036,538,Spain,Male,28,2,78979.35,1,0,0,105407.39,1
15602037,Cust2037,558,France,Male,29,8,0.0,2,1,0,111735.4,0
15602038,Cust2038,799,Germany,Female,27,4,164030.42,2,0,1,125055.52,0
15602039,Cust2039,781,Spain,Female,66,9,158516.06,2,1,1,184258.56,0
15602040,Cust2040,850,France,Male,37,0,8097.7,1,1,1,101257.95,0
15602041,Cust2041,693,Spain,Female,43,4,94368.51,2,0,1,134302.17,1
15602042,Cust2042,712,Germany,Female,27,6,5776.0,2,1,1,27858.62,0
15602043,Cust2043,635,Spain,Male,48,9,121343.41,1,1,1,170057.88,1
15602044,Cust2044,616,Spain,Male,20,8,97508.21,1,0,1,74865.04,0
15602045,Cust2045,734,France,Female,28,6,166937.37,1,1,0,122690.63,0
15602046,Cust2046,781,France,Female,31,9,52776.05,1,1,1,196373.01,1
15602047,Cust2047,726,Germany,Male,40,4,0.0,1,1,0,154175.17,1
15602048,Cust2048,569,France,Male,30,10,0.0,1,1,0,87587.73,0
15602049,Cust2049,688,France,Female,53,9,98799.28,3,1,0,96316.07,0
15602050,Cust2050,576,Spain,Male,43,9,135433.48,2,1,1,38536.64,0
15602051,Cust2051,619,France,Male,31,5,121979.37,1,1,1,130325.14,0
15602052,Cust2052,807,France,Male,48,1,0.0,1,0,1,115490.96,0
15602053,Cust2053,535,Spain,Male,34,9,0.0,2,0,1,123043.33,0
15602054,Cust2054,850,France,Female,32,4,116674.89,1,1,1,61572.29,0
15602055,Cust2055,703,France,Female,47,8,0.0,2,1,1,145264.04,0
15602056,Cust2056,605,Spain,Male,18,0,86099.79,3,1,0,67420.58,1
15602057,Cust2057,657,France,Female,45,1,53204.02,1,1,0,95504.09,0
15602058,Cust2058,584,France,Male,31,3,0.0,1,1,0,39213.4,0
15602059,Cust2059,597,France,Male,31,9,120077.41,2,1,1,146150.85,0
15602060,Cust2060,657,Spain,Male,58,0,35651.84,1,0,0,44220.93,1
15602061,Cust2061,618,France,Female,33,1,135702.68,1,1,1,121997.59,0
15602062,Cust2062,560,Germany,Female,48,5,88180.29,2,1,0,167002.9,1
15602063,Cust2063,629,France,Female,41,8,93654.29,1,0,1,122501.19,0
15602064,Cust2064,524,France,Male,42,1,99146.79,1,0,0,125332.96,1
15602065,Cust2065,528,Spain,Male,35,8,107914.75,2,1,0,177282.33,0
15602066,Cust2066,527,Germany,Male,35,5,0.0,1,1,0,199491.34,1
15602067,Cust2067,810,Spain,Female,53,8,95500.0,1,1,1,47861.66,0
15602068,Cust2068,689,France,Male,47,7,68581.43,1,1,0,101030.87,1
15602069,Cust2069,707,Germany,Female,33,10,88211.53,1,1,0,79513.88,0
15602070,Cust2070,651,Spain,Female,28,0,134353.4,2,1,0,24190.58,0
15602071,Cust2071,699,France,Male,32,6,77627.24,3,1,1,80337.19,0
15602072,Cust2072,763,France,Male,48,5,65245.31,3,0,0,143206.58,0
15602073,Cust2073,689,Spain,Male,50,3,114056.54,1,0,1,171920.68,0
15602074,Cust2074,807,France,Female,44,8,46895.26,3,1,0,166417.4,0
15602075,Cust2075,646,Germany,Female,22,6,0.0,1,0,0,14818.36,0
15602076,Cust2076,707,Spain,Male,46,4,0.0,1,1,1,85656.02,0
15602077,Cust2077,718,France,Female,51,7,37796.88,1,1,1,190288.58,1
15602078,Cust2078,561,France,Male,40,6,128076.06,2,1,0,115582.97,0
15602079,Cust2079,654,France,Male,58,4,167335.53,1,1,0,196257.79,0
15602080,Cust2080,473,France,Female,25,3,78744.99,2,1,0,76053.49,0
15602081,Cust2081,638,France,Female,45,2,73539.23,2,0,1,86569.27,0
15602082,Cust2082,623,Germany,Male,28,3,72855.26,1,0,1,97112.77,0
15602083,Cust2083,617,France,Female,49,5,155623.68,2,1,1,172225.34,0
15602084,Cust2084,611,Germany,Female,44,1,0.0,1,0,0,65820.58,1
15602085,Cust2085,699,France,Female,56,9,88319.43,1,1,1,93652.85,0
15602086,Cust2086,565,France,Female,43,6,168388.98,1,0,1,159476.88,0
15602087,Cust2087,829,France,Male,34,6,0.0,2,1,1,73497.51,0
15602088,Cust2088,704,Germany,Male,33,6,122971.41,1,1,0,88069.12,1
15602089,Cust2089,573,France,Female,35,9,61048.55,2,1,0,177429.77,0
15602090,Cust2090,712,France,Male,33,9,0.0,1,1,0,77584.68,0
15602091,Cust2091,746,Spain,Male,51,5,0.0,2,1,1,114420.54,0
15602092,Cust2092,685,Germany,Male,51,3,0.0,1,0,1,23793.45,0
15602093,Cust2093,553,France,Male,23,10,115018.89,1,1,0,190684.73,0
15602094,Cust2094,850,Spain,Male,38,6,45408.78,1,0,1,136100.09,0
15602095,Cust2095,711,France,Male,39,8,132379.37,1,1,0,192971.39,0
15602096,Cust2096,530,France,Male,30,1,133031.87,1,1,0,164488.16,0
15602097,Cust2097,670,France,Male,42,3,105116.84,2,1,1,155288.56,0
15602098,Cust2098,629,France,Female,53,2,86343.57,1,0,0,36537.52,0
15602099,Cust2099,651,France,Female,47,4,0.0,1,0,1,102967.1,0
15602100,Cust2100,535,Germany,Male,51,5,136673.92,1,0,0,13898.12,0
15602101,Cust2101,655,France,Male,31,10,0.0,2,1,0,117134.25,0
15602102,Cust2102,570,Spain,Male,38,1,107934.43,1,1,1,191864.19,0
15602103,Cust2103,616,Spain,Female,30,10,81798.48,1,1,1,84021.08,0
15602104,Cust2104,687,Germany,Female,40,8,120696.95,1,1,1,76768.15,1
15602105,Cust2105,604,Germany,Female,41,4,66785.93,2,1,1,65033.42,0
15602106,Cust2106,622,Germany,Female,48,3,0.0,1,1,0,119743.39,0
15602107,Cust2107,729,Spain,Male,51,9,0.0,1,1,1,181973.66,0
15602108,Cust2108,565,France,Male,45,1,0.0,3,1,1,122268.46,1
15602109,Cust2109,588,France,Male,29,10,75508.91,4,1,0,153507.2,0
15602110,Cust2110,530,Germany,Male,24,10,0.0,1,1,1,80588.39,0
15602111,Cust2111,571,Germany,Male,43,2,0.0,2,0,1,80976.95,0
15602112,Cust2112,662,France,Female,53,6,31162.0,2,0,1,55802.1,0
15602113,Cust2113,711,Germany,Male,38,5,88539.45,3,1,1,29293.97,0
15602114,Cust2114,573,France,Female,23,8,0.0,1,0,1,168930.97,0
15602115,Cust2115,709,Spain,Male,59,8,129784.46,2,0,1,148386.31,0
15602116,Cust2116,660,France,Male,43,10,72107.31,1,1,1,35831.9,0
15602117,Cust2117,517,France,Female,40,0,144214.01,2,0,0,112655.22,0
15602118,Cust2118,667,France,Male,26,8,157256.89,2,1,0,129149.06,0
15602119,Cust2119,765,France,Male,38,8,58318.88,2,1,0,174472.03,0
15602120,Cust2120,468,France,Male,45,8,0.0,3,0,0,37632.04,0
15602121,Cust2121,842,France,Female,43,2,147892.37,1,0,1,32385.19,0
15602122,Cust2122,591,France,Male,31,8,158613.65,1,0,0,59677.77,0
15602123,Cust2123,492,France,Female,37,5,0.0,2,0,1,56125.86,0
15602124,Cust2124,663,France,Female,32,3,0.0,1,0,0,38816.86,1
15602125,Cust2125,730,France,Female,55,4,158696.64,2,1,1,176813.1,1
15602126,Cust2126,623,France,Male,47,4,125745.89,2,1,1,198751.26,0
15602127,Cust2127,680,France,Female,33,8,87628.11,2,0,1,134805.57,0
15602128,Cust2128,850,France,Male,26,2,116737.21,2,1,0,154110.6,0
15602129,Cust2129,670,France,Female,41,2,0.0,1,1,1,110144.38,0
15602130,Cust2130,850,France,Male,33,4,0.0,1,1,1,129049.51,1
15602131,Cust2131,771,Spain,Male,34,5,0.0,2,1,0,171772.52,0
15602132,Cust2132,655,Spain,Male,27,10,139522.62,1,0,0,178434.59,1
15602133,Cust2133,678,Spain,Female,28,2,0.0,2,1,0,72632.36,0
15602134,Cust2134,619,Germany,Female,40,9,0.0,1,1,0,161721.28,0
15602135,Cust2135,674,Germany,Male,35,0,78659.54,2,1,0,14033.42,0
15602136,Cust2136,704,France,Male,63,5,72660.86,1,1,1,34009.13,0
15602137,Cust2137,611,Spain,Female,44,9,0.0,2,1,0,66418.44,0
15602138,Cust2138,518,Spain,Female,26,3,0.0,1,1,1,104212.59,0
15602139,Cust2139,777,Spain,Female,23,2,129115.29,1,0,1,54938.46,0
15602140,Cust2140,743,Spain,Male,42,6,0.0,1,1,0,175567.72,0
15602141,Cust2141,514,France,Female,34,2,0.0,1,1,1,113406.41,0
15602142,Cust2142,666,Spain,Female,51,0,0.0,4,1,1,89136.64,0
15602143,Cust2143,749,Spain,Male,41,0,152695.33,1,0,0,161060.17,0
15602144,Cust2144,739,France,Male,18,5,55667.41,1,1,0,144345.64,0
15602145,Cust2145,583,Spain,Male,28,5,66110.39,1,1,1,153476.35,0
15602146,Cust2146,744,France,Male,31,0,60833.95,1,0,1,72181.06,0
15602147,Cust2147,651,Spain,Female,42,2,119867.77,1,1,1,70279.94,0
15602148,Cust2148,687,Spain,Male,27,8,26585.14,2,0,1,67707.09,0
15602149,Cust2149,562,France,Male,40,6,0.0,4,1,1,160401.87,0
15602150,Cust2150,350,Germany,Male,25,6,0.0,1,1,1,83172.96,0
15602151,Cust2151,575,France,Female,38,7,37817.37,2,1,0,34213.06,0
15602152,Cust2152,702,Spain,Female,42,9,0.0,3,1,1,105802.32,0
15602153,Cust2153,630,Spain,Male,53,0,0.0,3,1,0,50817.76,0
15602154,Cust2154,712,Germany,Female,40,5,0.0,2,1,0,120049.22,0
15602155,Cust2155,756,Spain,Male,30,2,0.0,2,1,1,110215.76,0
15602156,Cust2156,618,France,Female,53,7,84810.91,1,0,0,62296.71,1
15602157,Cust2157,609,France,Female,36,4,98942.59,2,1,0,185973.98,0
15602158,Cust2158,440,France,Male,46,1,0.0,2,1,0,94225.51,0
15602159,Cust2159,501,France,Female,32,9,94676.55,1,1,0,111577.72,0
15602160,Cust2160,521,France,Male,39,5,0.0,1,0,0,145982.94,0
15602161,Cust2161,703,France,Female,30,1,104608.28,1,1,1,131518.76,0
15602162,Cust2162,619,France,Male,41,2,190206.39,1,1,0,18553.24,1
15602163,Cust2163,599,France,Female,46,8,65262.98,1,1,1,104175.45,0
15602164,Cust2164,588,Spain,Male,33,5,0.0,2,1,0,181530.47,1
15602165,Cust2165,575,France,Male,32,10,118103.1,2,1,0,179019.0,0
15602166,Cust2166,739,Spain,Male,42,0,0.0,2,1,1,35400.2,0
15602167,Cust2167,659,France,Female,30,0,0.0,2,1,0,67231.73,0
15602168,Cust2168,745,France,Male,23,7,38502.63,1,0,0,62989.76,0
15602169,Cust2169,439,Germany,Female,42,3,75328.97,1,1,1,184111.97,0
15602170,Cust2170,701,France,Male,37,9,0.0,1,1,0,194004.43,0
15602171,Cust2171,604,France,Female,37,8,111209.22,3,1,0,93930.25,1
15602172,Cust2172,623,Germany,Male,43,0,130193.4,2,1,1,142448.8,0
15602173,Cust2173,780,France,Female,45,10,55387.63,2,1,0,42557.31,0
15602174,Cust2174,613,France,Female,36,10,0.0,1,0,1,135709.63,0
15602175,Cust2175,697,Germany,Male,27,2,0.0,3,1,0,20060.99,0
15602176,Cust2176,552,France,Male,32,6,128048.0,1,0,0,25792.39,0
15602177,Cust2177,653,Spain,Female,44,7,40511.31,1,1,1,85406.84,0
15602178,Cust2178,497,France,Male,39,0,171424.43,2,1,0,172957.02,0
15602179,Cust2179,644,Spain,Male,33,8,0.0,2,0,1,13426.2,0
15602180,Cust2180,687,Spain,Male,30,10,0.0,4,1,0,73465.36,0
15602181,Cust2181,756,Spain,Female,44,4,0.0,2,0,0,130904.63,0
15602182,Cust2182,571,Spain,Female,36,10,0.0,3,1,1,68947.24,0
15602183,Cust2183,599,France,Female,46,7,122013.98,2,1,0,12346.97,0
15602184,Cust2184,588,Germany,Female,47,8,0.0,3,1,1,111339.49,0
15602185,Cust2185,626,France,Male,35,6,79673.08,2,1,1,34281.5,0
15602186,Cust2186,557,Spain,Male,47,7,187846.45,2,0,0,70586.34,0
15602187,Cust2187,443,Germany,Male,39,10,144752.26,2,1,0,180957.39,0
15602188,Cust2188,550,France,Male,41,6,85151.04,3,1,0,123145.65,0
15602189,Cust2189,645,Spain,Male,18,5,98361.26,1,1,0,149334.04,0
15602190,Cust2190,636,France,Female,28,1,0.0,2,0,0,41007.73,0
15602191,Cust2191,703,Germany,Male,29,5,69347.78,1,1,0,152378.21,0
15602192,Cust2192,731,Germany,Male,35,9,0.0,2,1,1,42971.02,0
15602193,Cust2193,607,France,Male,39,7,0.0,2,1,1,176672.3,0
15602194,Cust2194,498,Germany,Male,40,7,115581.53,1,0,0,141393.12,1
15602195,Cust2195,689,Spain,Male,41,1,0.0,2,1,0,137759.1,0
15602196,Cust2196,649,France,Male,31,9,0.0,2,0,0,52618.22,0
15602197,Cust2197,625,Germany,Male,45,5,117707.96,1,0,1,92591.49,1
15602198,Cust2198,767,France,Male,56,5,75005.52,2,0,0,18504.78,0
15602199,Cust2199,693,Germany,Female,34,0,108092.68,1,1,1,76389.14,0
15602200,Cust2200,662,France,Female,31,9,110662.71,2,1,0,15302.82,0
15602201,Cust2201,666,Spain,Female,31,6,71231.28,3,1,1,12109.8,0
15602202,Cust2202,732,Spain,Female,39,3,116951.82,1,1,0,45179.7,0
15602203,Cust2203,584,France,Female,33,5,63640.8,1,1,0,138944.04,1
15602204,Cust2204,565,France,Male,21,10,99241.34,1,0,0,55109.67,0
15602205,Cust2205,628,Germany,Female,23,9,73285.82,2,1,1,181143.0,0
15602206,Cust2206,537,Germany,Male,48,3,78790.61,1,0,1,115478.8,1
15602207,Cust2207,646,France,Male,51,8,141304.91,2,0,0,95843.45,0
15602208,Cust2208,659,France,Male,54,0,140996.51,1,1,0,91050.63,1
15602209,Cust2209,643,France,Male,40,4,0.0,2,0,1,95799.45,0
15602210,Cust2210,615,Spain,Female,28,6,0.0,2,0,0,50701.66,0
15602211,Cust2211,809,France,Male,34,7,0.0,2,1,1,90072.34,0
15602212,Cust2212,740,Spain,Female,23,0,126788.53,2,0,0,13617.9,0
15602213,Cust2213,641,France,Female,23,3,0.0,2,0,0,89500.29,1
15602214,Cust2214,659,Spain,Male,41,2,0.0,1,1,1,83166.07,0
15602215,Cust2215,782,France,Male,43,4,0.0,1,0,0,19073.36,1
15602216,Cust2216,594,France,Male,58,7,110326.87,1,1,0,125987.51,1
15602217,Cust2217,557,Spain,Male,37,0,0.0,1,1,1,159548.39,0
15602218,Cust2218,672,Spain,Female,24,8,141636.47,1,1,1,47088.79,0
15602219,Cust2219,690,France,Female,37,1,73902.49,2,0,1,98122.36,0
15602220,Cust2220,697,France,Female,35,5,0.0,2,0,0,183613.61,1
15602221,Cust2221,729,France,Male,33,9,0.0,3,1,1,181023.3,0
15602222,Cust2222,580,France,Female,41,9,98877.64,1,0,1,60088.64,0
15602223,Cust2223,515,France,Female,26,10,151814.41,2,0,0,52633.53,0
15602224,Cust2224,594,Spain,Male,39,4,64241.16,2,0,0,52418.85,1
15602225,Cust2225,706,France,Male,45,5,114801.62,1,1,0,122331.6,0
15602226,Cust2226,561,Germany,Male,52,9,0.0,2,1,1,169684.95,0
15602227,Cust2227,464,France,Male,41,1,0.0,1,0,1,57022.04,0
15602228,Cust2228,664,France,Female,48,10,78183.35,1,0,1,132461.55,0
15602229,Cust2229,596,Germany,Female,34,0,0.0,1,1,1,145184.78,0
15602230,Cust2230,484,France,Male,35,1,0.0,1,0,0,36370.05,0
15602231,Cust2231,657,Germany,Female,51,0,84161.35,1,1,0,27873.5,1
15602232,Cust2232,613,France,Male,24,2,100466.33,3,1,0,27740.68,1
15602233,Cust2233,811,Spain,Male,34,9,0.0,1,1,1,96149.68,0
15602234,Cust2234,659,Germany,Female,49,2,143956.49,1,0,1,59523.97,1
15602235,Cust2235,706,Spain,Female,36,4,209536.45,2,1,0,78417.48,0
15602236,Cust2236,648,France,Female,35,8,100303.09,3,0,1,195343.7,0
15602237,Cust2237,593,France,Male,35,9,101713.53,1,1,1,72220.84,0
15602238,Cust2238,603,France,Female,39,4,177102.68,2,1,0,73158.23,1
15602239,Cust2239,754,Germany,Female,49,3,208768.87,1,1,1,150899.97,0
15602240,Cust2240,722,France,Female,47,5,93564.01,1,1,1,188929.94,0
15602241,Cust2241,507,France,Male,38,6,0.0,3,1,1,132943.03,1
15602242,Cust2242,530,France,Male,49,3,40123.48,2,0,0,156427.24,0
15602243,Cust2243,535,France,Female,41,7,66055.62,2,1,1,54104.73,0
15602244,Cust2244,752,France,Female,47,8,27153.6,1,1,0,46412.43,0
15602245,Cust2245,484,France,Female,28,0,86561.88,2,1,0,199544.1,0
15602246,Cust2246,726,France,Male,55,9,0.0,1,1,1,193485.84,0
15602247,Cust2247,688,Germany,Female,40,7,61330.45,1,1,1,76031.09,0
15602248,Cust2248,664,France,Male,18,0,71739.58,2,0,1,162981.86,0
15602249,Cust2249,605,France,Male,55,8,121527.44,2,1,0,64318.13,1
15602250,Cust2250,764,Germany,Male,38,5,0.0,2,1,0,21194.31,0
15602251,Cust2251,661,Spain,Male,34,0,115090.34,1,1,1,142154.96,0
15602252,Cust2252,511,France,Female,32,0,1000.0,2,1,0,112764.66,0
15602253,Cust2253,534,Germany,Male,42,0,0.0,3,1,1,20928.3,1
15602254,Cust2254,492,Spain,Male,29,4,29902.91,3,1,0,91033.89,0
15602255,Cust2255,765,Germany,Female,32,5,67255.0,1,1,0,121732.27,1
15602256,Cust2256,787,Spain,Female,32,2,0.0,1,1,0,85591.23,0
15602257,Cust2257,754,Spain,Male,35,10,95184.57,2,1,1,19227.18,0
15602258,Cust2258,636,France,Male,33,0,91437.43,2,1,0,188036.17,0
15602259,Cust2259,513,France,Female,47,10,0.0,2,0,0,186384.17,0
15602260,Cust2260,549,Germany,Male,41,1,0.0,1,1,1,178601.43,0
15602261,Cust2261,555,Spain,Male,42,1,24785.47,2,0,0,142826.94,0
15602262,Cust2262,646,France,Male,44,5,37771.53,1,1,1,182031.25,1
15602263,Cust2263,783,France,Male,37,8,160654.6,3,1,0,172695.5,1
15602264,Cust2264,783,Germany,Female,28,7,100559.31,1,1,0,113909.32,0
15602265,Cust2265,603,France,Male,56,8,157381.8,3,1,1,107769.61,0
15602266,Cust2266,435,Spain,Male,47,4,146894.25,2,0,1,127752.82,0
15602267,Cust2267,538,Germany,Male,54,9,0.0,1,0,0,64592.54,1
15602268,Cust2268,764,Germany,Male,48,8,0.0,2,1,0,33454.02,1
15602269,Cust2269,672,Spain,Male,33,0,73975.96,1,1,1,186596.94,0
15602270,Cust2270,616,Germany,Female,18,5,143269.66,1,1,0,103898.12,0
15602271,Cust2271,609,Germany,Male,26,10,0.0,1,1,1,27207.52,0
15602272,Cust2272,578,Spain,Male,44,7,155515.71,3,1,0,189721.3,0
15602273,Cust2273,534,Spain,Male,37,9,0.0,1,1,0,163784.13,0
15602274,Cust2274,849,Spain,Female,34,7,88225.79,1,0,1,133171.58,0
15602275,Cust2275,815,France,Male,18,6,75785.2,2,1,0,198335.03,0
15602276,Cust2276,571,Germany,Female,38,3,168162.94,1,0,0,166174.17,1
15602277,Cust2277,482,France,Female,27,0,98586.02,1,1,1,26032.99,1
15602278,Cust2278,666,Spain,Male,31,3,95362.7,1,0,0,147128.28,0
15602279,Cust2279,636,Germany,Female,47,2,0.0,1,1,1,33591.09,0
15602280,Cust2280,710,France,Male,28,7,152968.82,2,1,0,157392.53,0
15602281,Cust2281,732,France,Female,29,3,0.0,2,1,0,61995.83,0
15602282,Cust2282,538,France,Female,40,3,213030.07,2,1,1,76917.59,1
15602283,Cust2283,773,Germany,Male,47,9,0.0,1,1,1,168280.5,0
15602284,Cust2284,616,France,Female,34,2,57232.58,2,0,0,35848.65,0
15602285,Cust2285,708,France,Male,53,8,0.0,1,1,0,189362.66,1
15602286,Cust2286,625,Spain,Male,25,3,0.0,1,0,0,34974.18,0
15602287,Cust2287,739,Spain,Female,23,10,1000.0,3,1,0,15780.32,1
15602288,Cust2288,423,France,Female,23,10,0.0,2,0,0,15838.34,0
15602289,Cust2289,721,France,Male,21,4,139313.95,2,1,1,164057.09,0
15602290,Cust2290,570,Spain,Female,41,8,27897.51,1,1,1,101676.2,1
15602291,Cust2291,657,Germany,Female,28,10,123887.2,1,0,1,107014.38,0
15602292,Cust2292,769,Germany,Male,24,6,75144.58,2,1,0,168725.41,1
15602293,Cust2293,573,France,Female,42,9,0.0,2,1,1,107972.58,0
15602294,Cust2294,558,France,Female,46,7,126261.92,2,1,0,191859.8,0
15602295,Cust2295,614,France,Female,49,0,171006.28,1,1,1,11753.07,0
15602296,Cust2296,608,Germany,Female,47,6,0.0,2,1,0,41720.13,0
15602297,Cust2297,549,France,Male,29,2,161770.66,1,1,1,159948.53,1
15602298,Cust2298,660,France,Male,41,6,114962.77,1,1,0,184012.19,1
15602299,Cust2299,665,Germany,Male,43,8,48998.95,2,1,1,144454.83,0
15602300,Cust2300,694,Spain,Male,33,2,0.0,2,0,0,67349.87,1
15602301,Cust2301,571,Spain,Male,40,7,0.0,2,1,1,169868.17,0
15602302,Cust2302,559,France,Female,25,5,117829.7,1,1,0,52585.4,0
15602303,Cust2303,639,France,Male,32,2,42524.97,1,0,0,93904.09,1
15602304,Cust2304,626,France,Female,42,8,33431.9,2,0,1,159242.53,0
15602305,Cust2305,628,France,Male,53,8,0.0,2,1,1,87403.86,0
15602306,Cust2306,582,Germany,Male,50,0,121145.0,2,0,1,166889.61,0
15602307,Cust2307,682,France,Female,45,3,131823.17,2,0,0,125040.06,0
15602308,Cust2308,560,Germany,Female,39,0,1664.02,2,0,1,173846.14,1
15602309,Cust2309,638,Spain,Male,37,6,0.0,2,1,1,55397.25,0
15602310,Cust2310,621,Spain,Female,24,9,74205.46,1,0,0,131115.79,0
15602311,Cust2311,647,France,Male,30,10,148321.39,1,1,0,136183.49,0
15602312,Cust2312,764,France,Male,30,4,0.0,2,1,0,89345.46,0
15602313,Cust2313,524,France,Male,44,2,151165.63,2,1,1,92796.29,0
15602314,Cust2314,420,France,Female,47,3,0.0,1,0,0,184370.19,0
15602315,Cust2315,593,France,Male,45,0,16835.96,3,1,0,52875.66,0
15602316,Cust2316,539,France,Female,50,3,138006.45,1,0,1,29081.88,1
15602317,Cust2317,361,Spain,Male,39,7,90123.28,3,1,1,108516.93,0
15602318,Cust2318,818,France,Male,28,0,102370.14,2,0,0,177369.89,0
15602319,Cust2319,704,Spain,Female,38,8,44129.73,2,0,1,195571.79,0
15602320,Cust2320,714,France,Male,31,9,0.0,1,0,1,180702.68,0
15602321,Cust2321,623,France,Male,45,3,109538.54,2,1,0,156773.31,0
15602322,Cust2322,690,France,Male,34,8,0.0,1,0,1,31556.95,0
15602323,Cust2323,609,France,Male,37,5,130160.3,3,0,1,128384.59,0
15602324,Cust2324,728,France,Male,45,10,0.0,1,0,0,134026.46,1
15602325,Cust2325,668,Spain,Male,31,5,156852.23,1,1,0,104539.07,0
15602326,Cust2326,646,France,Female,48,6,103321.81,2,1,0,170169.35,0
15602327,Cust2327,654,France,Male,25,8,176233.38,1,1,0,196695.47,1
15602328,Cust2328,791,Germany,Male,41,3,0.0,2,1,1,194782.8,0
15602329,Cust2329,666,France,Female,37,7,0.0,2,1,0,14853.48,0
15602330,Cust2330,551,Germany,Male,46,9,0.0,1,0,0,17783.5,0
15602331,Cust2331,682,France,Female,24,3,0.0,1,1,1,21082.16,0
15602332,Cust2332,697,Spain,Female,23,8,80141.05,1,1,1,70055.74,0
15602333,Cust2333,636,France,Male,46,3,0.0,2,1,1,151909.53,0
15602334,Cust2334,645,France,Male,34,6,183721.84,1,1,0,119624.08,1
15602335,Cust2335,548,Germany,Male,37,3,159591.88,1,1,0,102866.71,0
15602336,Cust2336,659,Spain,Male,31,6,140898.09,1,1,1,149869.89,0
15602337,Cust2337,533,France,Male,47,1,94046.45,1,1,0,59516.07,0
15602338,Cust2338,626,Germany,Female,41,8,0.0,1,1,0,198367.8,1
15602339,Cust2339,586,France,Female,40,1,119245.26,1,0,0,57770.41,0
15602340,Cust2340,744,France,Male,26,3,53079.07,1,1,1,81341.72,0
15602341,Cust2341,799,France,Female,43,8,63600.06,1,0,1,172062.05,0
15602342,Cust2342,540,Germany,Male,28,1,173065.04,1,1,0,159966.28,1
15602343,Cust2343,650,France,Female,31,9,0.0,2,0,1,39848.6,0
15602344,Cust2344,620,Germany,Female,24,4,0.0,1,1,1,22696.41,0
15602345,Cust2345,695,France,Male,36,2,107309.65,1,1,1,134624.48,0
15602346,Cust2346,659,Spain,Male,49,9,0.0,2,1,1,142453.41,0
15602347,Cust2347,613,Spain,Male,40,9,0.0,4,1,1,179700.74,0
15602348,Cust2348,659,France,Female,34,9,62585.04,4,1,1,16667.12,1
15602349,Cust2349,629,France,Male,39,6,33971.15,2,1,1,175189.96,0
15602350,Cust2350,803,France,Female,39,2,0.0,1,1,0,74777.06,0
15602351,Cust2351,574,Spain,Male,39,7,75023.65,2,1,1,79401.21,0
15602352,Cust2352,675,France,Male,40,7,75048.48,2,1,0,132843.22,0
15602353,Cust2353,699,Germany,Female,28,9,74711.07,4,1,1,173531.73,1
15602354,Cust2354,692,France,Male,39,8,21498.14,2,1,0,89107.84,0
15602355,Cust2355,621,Spain,Male,20,3,17979.03,2,1,0,12267.69,0
15602356,Cust2356,781,France,Female,44,4,172854.6,1,0,0,133480.21,0
15602357,Cust2357,449,Germany,Male,27,7,0.0,1,1,0,115623.09,1
15602358,Cust2358,545,Spain,Female,50,8,0.0,2,0,1,194607.33,0
15602359,Cust2359,714,France,Female,18,3,0.0,4,0,0,110793.2,0
15602360,Cust2360,566,Spain,Male,55,2,0.0,1,1,1,130139.03,0
15602361,Cust2361,560,France,Male,22,9,158219.14,1,0,1,176125.76,0
15602362,Cust2362,605,France,Male,26,10,100597.72,1,1,1,62043.32,0
15602363,Cust2363,575,Spain,Female,41,3,0.0,1,1,1,13688.82,0
15602364,Cust2364,711,Germany,Female,44,0,113626.76,3,1,1,152601.02,0
15602365,Cust2365,737,Germany,Female,35,6,0.0,1,1,0,140074.97,1
15602366,Cust2366,658,France,Female,47,0,0.0,1,1,0,177471.86,0
15602367,Cust2367,751,France,Male,30,2,0.0,1,1,1,55049.16,0
15602368,Cust2368,517,France,Male,34,5,0.0,2,1,0,92241.47,0
15602369,Cust2369,657,Germany,Male,35,4,87126.7,2,1,0,20178.22,1
15602370,Cust2370,779,France,Female,33,0,0.0,1,0,0,145713.2,0
15602371,Cust2371,744,France,Male,19,3,147094.22,2,1,1,47063.76,0
15602372,Cust2372,788,France,Male,38,7,24236.76,2,0,0,115708.16,0
15602373,Cust2373,593,France,Male,37,8,0.0,1,0,1,106381.58,0
15602374,Cust2374,738,France,Male,49,8,3309.02,1,1,0,88238.14,1
15602375,Cust2375,609,France,Male,25,3,31169.35,1,1,1,20198.9,0
15602376,Cust2376,707,Spain,Male,32,7,103192.19,1,1,0,125545.14,0
15602377,Cust2377,776,Germany,Female,50,3,0.0,1,1,1,107677.73,0
15602378,Cust2378,574,France,Female,41,7,88620.62,1,1,1,56779.24,1
15602379,Cust2379,472,Germany,Male,43,0,129968.74,1,1,0,136132.57,0
15602380,Cust2380,827,Spain,Female,43,4,0.0,1,1,0,194672.92,0
15602381,Cust2381,697,France,Male,43,3,47842.79,2,1,1,186906.26,0
15602382,Cust2382,640,France,Female,56,7,31179.77,2,1,1,178926.53,0
15602383,Cust2383,634,France,Male,39,2,0.0,1,0,0,153064.72,0
15602384,Cust2384,449,France,Female,28,3,60794.08,1,0,1,162335.42,0
15602385,Cust2385,670,Spain,Male,44,5,0.0,3,0,0,145759.14,0
15602386,Cust2386,599,Spain,Male,32,7,164093.48,1,1,1,88408.06,0
15602387,Cust2387,655,France,Female,37,4,0.0,1,1,1,46581.59,0
15602388,Cust2388,653,Germany,Female,42,9,54448.37,1,1,1,154089.55,0
15602389,Cust2389,350,France,Female,30,10,0.0,1,1,0,127488.6,0
15602390,Cust2390,697,Germany,Male,33,6,136443.84,1,1,0,163634.83,0
15602391,Cust2391,668,Spain,Male,43,6,0.0,3,1,0,191232.47,1
15602392,Cust2392,681,France,Female,33,5,157959.41,2,0,0,85375.13,0
15602393,Cust2393,632,France,Male,48,0,0.0,2,1,0,181831.52,0
15602394,Cust2394,655,Germany,Male,28,4,86431.61,3,1,0,24033.39,1
15602395,Cust2395,667,Spain,Male,28,8,0.0,1,0,0,59293.57,0
15602396,Cust2396,676,France,Male,57,7,84693.53,2,1,0,99322.66,0
15602397,Cust2397,696,France,Male,23,0,0.0,4,1,0,188538.83,0
15602398,Cust2398,677,France,Male,38,1,1000.0,2,0,1,194831.65,0
15602399,Cust2399,828,Germany,Female,57,9,143082.84,3,0,0,107567.62,0
15602400,Cust2400,580,Germany,Female,38,8,36030.23,2,1,1,121169.04,1
15602401,Cust2401,614,Spain,Female,51,4,0.0,1,1,1,95948.8,0
15602402,Cust2402,813,Spain,Female,45,10,0.0,1,1,0,179742.11,0
15602403,Cust2403,635,Spain,Male,38,0,86075.25,2,1,0,172330.77,0
15602404,Cust2404,739,Spain,Female,37,8,117104.11,2,1,1,58856.74,0
15602405,Cust2405,663,France,Female,18,10,120431.15,1,1,0,23713.24,0
15602406,Cust2406,628,Germany,Male,35,4,0.0,1,1,1,24836.47,0
15602407,Cust2407,745,France,Male,40,5,82558.58,1,0,0,181227.81,0
15602408,Cust2408,700,France,Female,40,2,121875.31,1,0,0,148545.65,0
15602409,Cust2409,503,Spain,Female,63,9,98679.38,1,1,1,43505.05,0
15602410,Cust2410,667,Germany,Female,41,7,23436.58,1,0,1,143784.67,0
15602411,Cust2411,554,Spain,Female,44,4,0.0,1,1,1,88363.88,0
15602412,Cust2412,772,France,Female,50,2,0.0,3,0,1,121414.81,0
15602413,Cust2413,818,Germany,Female,43,5,125243.72,1,0,1,124117.76,0
15602414,Cust2414,830,France,Female,37,4,125931.22,3,1,0,139868.25,0
15602415,Cust2415,684,France,Female,37,3,110054.31,1,0,0,64473.59,0
15602416,Cust2416,606,France,Female,34,9,0.0,1,0,0,185836.33,0
15602417,Cust2417,681,Germany,Male,42,4,95769.79,2,1,1,176946.92,0
15602418,Cust2418,560,France,Female,36,1,116303.16,4,0,0,13311.26,1
15602419,Cust2419,850,Spain,Male,44,8,0.0,2,1,1,140743.35,0
15602420,Cust2420,765,France,Male,28,8,0.0,3,1,0,113097.32,0
15602421,Cust2421,679,France,Male,39,0,0.0,1,0,0,106876.08,0
15602422,Cust2422,746,Spain,Male,54,7,0.0,1,0,0,32270.69,1
15602423,Cust2423,603,France,Male,36,5,0.0,2,0,1,112719.6,0
15602424,Cust2424,544,Spain,Male,56,7,56025.36,2,1,1,150294.11,0
15602425,Cust2425,438,Germany,Male,40,2,158834.05,1,1,0,13754.26,0
15602426,Cust2426,658,France,Female,37,1,0.0,1,1,1,91108.38,0
15602427,Cust2427,630,Germany,Female,39,6,0.0,2,1,0,128378.02,0
15602428,Cust2428,700,Germany,Female,35,0,55167.27,1,1,1,39077.37,0
15602429,Cust2429,651,Spain,Male,18,2,24954.98,1,1,0,197811.39,1
15602430,Cust2430,695,Spain,Male,47,0,0.0,1,1,0,141049.13,0
15602431,Cust2431,728,Germany,Female,60,3,0.0,1,1,0,140333.44,1
15602432,Cust2432,510,Germany,Male,43,9,0.0,1,1,1,96356.99,1
15602433,Cust2433,733,France,Female,43,5,0.0,1,1,1,27011.31,0
15602434,Cust2434,611,Germany,Female,36,8,155719.6,2,0,0,181571.43,0
15602435,Cust2435,700,Spain,Male,50,8,0.0,1,1,1,21654.84,0
15602436,Cust2436,748,Germany,Male,38,1,0.0,2,1,1,158097.52,0
15602437,Cust2437,749,Germany,Male,41,10,0.0,2,1,0,42903.76,0
15602438,Cust2438,662,France,Male,22,1,32394.48,1,1,0,146808.72,1
15602439,Cust2439,667,Spain,Male,33,2,41979.34,2,0,0,103402.48,0
15602440,Cust2440,736,Spain,Female,42,7,100964.17,1,1,1,96764.75,0
15602441,Cust2441,506,France,Female,47,5,1000.0,1,1,1,199798.01,0
15602442,Cust2442,559,France,Male,47,2,191458.53,1,0,0,199511.96,1
15602443,Cust2443,623,Germany,Male,22,3,117084.02,2,1,0,21310.45,1
15602444,Cust2444,522,France,Male,23,4,0.0,1,1,0,180439.83,0
15602445,Cust2445,624,Germany,Male,44,6,121251.17,2,1,0,12065.75,0
15602446,Cust2446,619,France,Female,31,8,129375.2,1,1,0,124567.83,0
15602447,Cust2447,658,France,Female,47,4,114740.57,1,1,0,166036.34,0
15602448,Cust2448,645,Germany,Female,22,4,136777.48,1,1,0,71791.24,1
15602449,Cust2449,753,Germany,Male,37,1,152369.76,1,1,0,143655.29,0
15602450,Cust2450,705,Germany,Male,38,10,178211.97,1,0,1,125378.03,0
15602451,Cust2451,643,Germany,Female,43,6,0.0,1,0,0,97805.54,1
15602452,Cust2452,618,Germany,Female,28,2,43700.3,1,1,1,171851.97,0
15602453,Cust2453,645,Spain,Female,18,0,0.0,2,1,1,140159.61,0
15602454,Cust2454,647,Germany,Male,40,10,109256.92,1,1,1,161331.94,0
15602455,Cust2455,850,Germany,Female,43,0,0.0,3,1,1,25397.99,0
15602456,Cust2456,510,Germany,Male,48,2,36736.92,2,0,0,50180.29,1
15602457,Cust2457,561,France,Male,34,9,123602.58,2,0,1,124383.35,0
15602458,Cust2458,547,France,Female,46,3,77974.31,1,0,1,166852.08,0
15602459,Cust2459,676,Germany,Male,43,9,93327.55,1,1,1,156747.11,1
15602460,Cust2460,672,Spain,Female,51,6,171781.45,1,1,1,99489.87,0
15602461,Cust2461,595,Germany,Male,37,6,145250.46,1,1,1,166105.9,0
15602462,Cust2462,736,France,Male,21,10,110482.77,2,0,0,178537.72,1
15602463,Cust2463,685,Germany,Male,37,0,52387.97,3,1,0,123040.45,1
15602464,Cust2464,740,France,Female,39,3,90898.68,1,0,0,39276.77,1
15602465,Cust2465,766,Germany,Female,43,3,60094.16,1,1,0,125500.44,1
15602466,Cust2466,445,Spain,Male,23,8,87211.7,2,0,1,70300.06,0
15602467,Cust2467,716,Germany,Male,35,3,57448.9,1,0,1,78630.37,1
15602468,Cust2468,526,Germany,Male,47,9,0.0,2,0,1,179893.34,0
15602469,Cust2469,674,France,Male,37,7,0.0,2,0,1,197226.48,0
15602470,Cust2470,643,France,Female,35,9,56927.49,2,1,1,145143.19,0
15602471,Cust2471,647,Spain,Male,57,8,41961.09,1,1,0,70249.52,0
15602472,Cust2472,534,Germany,Male,27,8,0.0,1,1,0,63901.12,0
15602473,Cust2473,749,Germany,Male,50,3,0.0,2,1,0,18968.15,0
15602474,Cust2474,526,France,Female,48,8,145676.45,1,1,0,22290.35,1
15602475,Cust2475,722,France,Female,36,4,92634.76,2,1,1,25115.88,0
15602476,Cust2476,513,France,Female,38,3,102374.05,1,1,0,138839.67,1
15602477,Cust2477,648,France,Female,38,2,103034.21,1,0,1,46995.08,1
15602478,Cust2478,823,France,Female,40,9,84716.13,1,1,0,26458.84,0
15602479,Cust2479,850,Spain,Male,32,8,97570.11,2,0,1,198207.49,0
15602480,Cust2480,495,Germany,Female,34,0,0.0,1,1,1,145950.4,0
15602481,Cust2481,582,France,Female,34,3,0.0,1,1,1,124857.19,0
15602482,Cust2482,600,France,Male,35,6,89428.34,1,0,1,114442.97,0
15602483,Cust2483,850,France,Female,35,7,99184.35,2,0,0,191940.8,0
15602484,Cust2484,643,Spain,Female,18,3,127449.82,2,1,1,127290.84,0
15602485,Cust2485,753,France,Female,39,7,0.0,1,1,1,17830.88,0
15602486,Cust2486,679,Spain,Male,33,2,88626.06,1,1,0,122397.25,1
15602487,Cust2487,535,Spain,Male,19,1,132981.23,2,1,1,92395.81,0
15602488,Cust2488,471,France,Female,34,0,0.0,2,1,0,199837.29,1
15602489,Cust2489,591,Germany,Male,34,9,148348.07,1,1,0,102726.09,0
15602490,Cust2490,850,Spain,Male,51,7,59524.61,1,1,1,158990.69,0
15602491,Cust2491,675,France,Male,33,9,145354.0,2,1,0,165675.61,0
15602492,Cust2492,751,France,Male,45,5,0.0,2,1,0,20799.93,0
15602493,Cust2493,514,Spain,Female,52,6,0.0,1,1,0,193110.4,0
15602494,Cust2494,619,Spain,Female,32,3,142915.5,1,1,0,109199.28,0
15602495,Cust2495,725,Germany,Female,38,0,81574.16,2,1,0,167783.4,0
15602496,Cust2496,545,Germany,Male,55,7,65444.53,1,1,0,132140.07,1
15602497,Cust2497,644,France,Male,40,1,115467.21,2,1,0,96229.19,0
15602498,Cust2498,566,Spain,Male,42,9,137501.51,2,1,0,62766.21,1
15602499,Cust2499,729,France,Male,34,1,54740.35,1,1,0,46528.96,1
15602500,Cust2500,688,France,Female,45,10,19842.17,1,1,0,145592.11,0
15602501,Cust2501,716,Germany,Male,38,5,0.0,1,0,0,25661.42,1
15602502,Cust2502,734,Spain,Male,20,3,172254.18,2,1,0,56999.14,0
15602503,Cust2503,628,Spain,Female,34,2,97323.01,2,0,0,110305.37,0
15602504,Cust2504,746,France,Female,26,7,0.0,3,0,0,52537.09,0
15602505,Cust2505,593,France,Male,39,9,0.0,2,1,0,114911.33,0
15602506,Cust2506,710,Spain,Female,29,5,0.0,2,0,1,79257.89,0
15602507,Cust2507,461,Spain,Male,43,4,0.0,2,0,0,61886.9,1
15602508,Cust2508,578,Germany,Female,38,9,0.0,1,1,0,146296.24,0
15602509,Cust2509,850,Germany,Female,26,4,105063.81,2,1,1,56842.91,0
15602510,Cust2510,709,France,Male,33,3,46802.83,1,1,0,48264.06,0
15602511,Cust2511,709,France,Male,44,10,136565.73,2,0,0,43067.72,0
15602512,Cust2512,571,France,Male,49,8,0.0,1,0,1,49312.86,0
15602513,Cust2513,545,France,Female,29,6,91978.02,1,0,0,13378.72,0
15602514,Cust2514,625,France,Male,27,0,90371.6,1,0,1,146208.85,0
15602515,Cust2515,644,Spain,Female,58,4,63952.79,1,1,1,117868.18,0
15602516,Cust2516,834,France,Male,38,10,0.0,2,1,1,20022.93,0
15602517,Cust2517,748,France,Male,39,10,0.0,2,1,1,102211.01,0
15602518,Cust2518,660,Germany,Male,31,7,0.0,2,1,0,168813.42,0
15602519,Cust2519,656,France,Male,40,5,0.0,1,1,1,101595.98,0
15602520,Cust2520,723,France,Male,55,9,60031.43,2,0,0,199974.22,0
15602521,Cust2521,523,Germany,Female,41,6,0.0,2,0,0,30347.58,0
15602522,Cust2522,466,France,Female,49,0,26347.8,1,1,0,127023.79,0
15602523,Cust2523,721,Germany,Male,38,4,66584.76,3,0,0,110483.16,1
15602524,Cust2524,657,Spain,Female,28,3,0.0,1,1,0,121701.28,0
15602525,Cust2525,524,France,Male,31,7,26497.56,2,1,1,108932.69,0
15602526,Cust2526,449,Spain,Female,27,2,0.0,1,1,0,117292.09,0
15602527,Cust2527,736,Spain,Male,40,8,112972.38,2,1,1,182941.3,0
15602528,Cust2528,600,Spain,Female,50,2,103184.8,2,1,1,79865.29,0
15602529,Cust2529,688,Germany,Male,40,6,98174.59,1,1,0,135737.0,0
15602530,Cust2530,625,Germany,Male,35,3,73479.65,1,1,0,52958.53,0
15602531,Cust2531,647,Germany,Female,30,2,152448.05,1,0,0,78142.63,1
15602532,Cust2532,593,Germany,Male,42,7,0.0,1,1,0,112604.18,0
15602533,Cust2533,643,France,Male,26,10,0.0,2,1,0,144950.72,0
15602534,Cust2534,705,Spain,Male,27,8,161429.69,2,1,0,183640.28,0
15602535,Cust2535,624,Germany,Female,47,5,59222.07,1,1,1,144009.12,1
15602536,Cust2536,618,Spain,Male,35,10,86332.65,1,1,1,141285.21,0
15602537,Cust2537,708,France,Male,35,9,143192.59,1,1,0,91828.6,0
15602538,Cust2538,715,France,Female,36,10,0.0,2,1,1,55762.01,0
15602539,Cust2539,541,Germany,Female,45,0,149431.46,1,1,1,145197.52,1
15602540,Cust2540,647,Germany,Male,40,8,0.0,2,1,1,81636.49,0
15602541,Cust2541,600,France,Female,31,5,122365.0,2,1,0,176323.6,1
15602542,Cust2542,651,France,Male,31,7,0.0,1,1,0,173862.92,0
15602543,Cust2543,788,France,Male,36,10,88030.19,1,1,1,25826.83,0
15602544,Cust2544,684,Germany,Male,41,5,0.0,2,0,0,18262.72,0
15602545,Cust2545,850,France,Female,38,7,133685.41,3,0,0,98076.24,0
15602546,Cust2546,671,Spain,Female,37,10,20927.09,1,0,0,53397.01,1
15602547,Cust2547,634,France,Male,38,1,0.0,1,1,0,56256.82,0
15602548,Cust2548,648,France,Male,38,8,0.0,2,1,1,88613.38,0
15602549,Cust2549,664,France,Male,30,7,0.0,1,1,1,158696.9,0
15602550,Cust2550,681,Germany,Male,49,2,62324.79,1,1,0,42239.68,0
15602551,Cust2551,555,France,Male,33,0,147681.35,1,1,1,190940.16,0
15602552,Cust2552,628,Germany,Female,39,6,113880.32,1,1,0,125524.81,1
15602553,Cust2553,580,Spain,Male,18,4,75892.01,2,1,0,155664.24,0
15602554,Cust2554,749,France,Female,36,3,0.0,2,1,1,40883.8,0
15602555,Cust2555,465,Germany,Male,27,2,0.0,3,0,0,39352.95,0
15602556,Cust2556,665,France,Male,28,5,57628.14,1,1,1,70790.52,0
15602557,Cust2557,504,France,Male,62,2,44563.0,1,0,1,180115.19,0
15602558,Cust2558,691,France,Female,40,0,0.0,1,0,0,169174.89,0
15602559,Cust2559,612,France,Male,50,0,145368.16,1,1,0,61274.26,0
15602560,Cust2560,476,Germany,Male,47,2,0.0,2,0,0,89671.72,0
15602561,Cust2561,740,Germany,Male,48,6,0.0,1,1,0,105459.82,0
15602562,Cust2562,408,Germany,Female,36,5,138047.98,1,1,1,72355.18,0
15602563,Cust2563,647,Germany,Female,54,8,138118.28,1,1,0,190575.5,0
15602564,Cust2564,716,Germany,Male,46,6,141144.39,1,1,1,139401.95,0
15602565,Cust2565,782,France,Male,38,3,0.0,2,1,0,92507.73,0
15602566,Cust2566,495,France,Male,41,10,88049.81,4,1,0,12477.65,0
15602567,Cust2567,600,France,Male,37,6,187594.33,2,1,0,21935.24,0
15602568,Cust2568,754,Germany,Female,39,6,0.0,1,1,0,114570.07,0
15602569,Cust2569,761,Spain,Male,38,5,0.0,1,1,1,153792.62,0
15602570,Cust2570,773,France,Female,42,4,0.0,2,0,0,127520.14,0
15602571,Cust2571,850,Germany,Female,55,10,77109.37,2,0,1,164349.93,1
15602572,Cust2572,601,Spain,Female,26,4,0.0,2,1,1,157282.41,0
15602573,Cust2573,686,Spain,Male,49,8,81364.51,1,0,0,162834.88,0
15602574,Cust2574,617,Germany,Female,34,0,0.0,2,0,0,126127.94,0
15602575,Cust2575,460,Germany,Male,51,10,104823.04,1,0,1,174029.78,0
15602576,Cust2576,641,Germany,Male,35,8,34626.08,1,0,0,74741.17,0
15602577,Cust2577,459,Spain,Female,42,9,55907.63,3,0,1,40089.71,0
15602578,Cust2578,600,France,Male,36,3,205270.11,2,1,1,162300.45,1
15602579,Cust2579,509,Spain,Male,21,7,62148.26,1,1,0,67359.25,0
15602580,Cust2580,692,France,Male,55,8,111918.16,2,1,1,54477.94,0
15602581,Cust2581,575,Spain,Male,29,0,0.0,1,0,1,116194.46,0
15602582,Cust2582,479,France,Female,39,7,86051.33,1,0,0,117148.82,0
15602583,Cust2583,733,France,Female,27,9,0.0,2,1,0,25228.86,0
15602584,Cust2584,592,France,Female,25,9,0.0,2,1,0,128999.49,0
15602585,Cust2585,609,France,Male,36,8,57250.71,1,1,0,54058.04,1
15602586,Cust2586,556,France,Male,32,9,0.0,2,1,0,36184.15,1
15602587,Cust2587,760,France,Male,26,3,0.0,1,0,0,193332.93,0
15602588,Cust2588,676,France,Male,38,7,135983.06,2,0,1,66120.21,0
15602589,Cust2589,591,France,Female,23,2,0.0,4,1,1,88784.72,0
15602590,Cust2590,466,Spain,Female,39,9,59642.75,2,1,0,38061.83,0
15602591,Cust2591,850,Spain,Female,37,5,89319.33,2,1,0,189921.46,0
15602592,Cust2592,840,Germany,Female,18,9,146074.14,1,0,1,13947.31,0
15602593,Cust2593,789,France,Male,33,3,0.0,2,0,1,12773.48,0
15602594,Cust2594,582,France,Female,43,3,0.0,3,1,0,87683.12,0
15602595,Cust2595,602,Spain,Female,27,10,151904.43,1,1,1,33862.27,1
15602596,Cust2596,688,France,Female,43,9,0.0,1,0,1,47781.49,0
15602597,Cust2597,564,France,Male,42,2,0.0,1,1,0,65359.34,0
15602598,Cust2598,555,Spain,Female,28,4,0.0,2,1,1,99669.01,0
15602599,Cust2599,790,Spain,Male,38,1,130221.47,1,0,0,179207.6,0
15602600,Cust2600,645,France,Female,46,6,168500.93,2,1,0,90799.1,0
15602601,Cust2601,542,Germany,Female,29,0,116674.63,1,0,0,160153.36,1
15602602,Cust2602,741,France,Female,36,0,0.0,4,0,0,192565.38,1
15602603,Cust2603,595,Spain,Male,50,6,0.0,1,1,1,170516.7,0
15602604,Cust2604,460,France,Male,29,9,108017.14,2,1,0,172245.62,0
15602605,Cust2605,541,France,Female,43,8,0.0,3,1,1,162025.2,0
15602606,Cust2606,600,Germany,Female,27,7,168995.2,1,1,1,32661.14,0
15602607,Cust2607,671,France,Female,36,6,125807.0,1,0,1,43293.05,0
15602608,Cust2608,666,Germany,Male,42,1,106282.12,2,1,1,62837.28,0
15602609,Cust2609,768,France,Female,18,2,64115.11,1,0,0,138533.63,0
15602610,Cust2610,627,Spain,Female,33,6,137334.9,2,0,0,90189.72,0
15602611,Cust2611,605,Spain,Male,42,10,0.0,1,0,0,105985.94,0
15602612,Cust2612,770,France,Male,40,0,104652.12,1,0,1,164604.65,0
15602613,Cust2613,744,Spain,Female,33,4,125222.79,2,1,1,17229.29,0
15602614,Cust2614,630,France,Male,27,2,101250.84,2,1,0,174616.8,1
15602615,Cust2615,678,France,Female,44,1,117416.34,3,0,0,117656.74,0
15602616,Cust2616,604,France,Female,35,3,0.0,2,1,1,122791.15,0
15602617,Cust2617,538,Spain,Male,43,2,84278.7,1,0,0,64009.49,0
15602618,Cust2618,850,Spain,Male,42,2,139962.29,2,1,0,42159.24,0
15602619,Cust2619,598,Spain,Female,34,4,1000.0,1,1,0,119105.91,1
15602620,Cust2620,678,Spain,Female,49,8,0.0,1,0,0,170183.86,1
15602621,Cust2621,505,Spain,Female,32,5,54133.53,1,1,0,153831.7,0
15602622,Cust2622,721,France,Female,50,5,0.0,1,1,1,162142.45,0
15602623,Cust2623,534,Spain,Female,51,6,17543.24,1,1,0,74771.95,1
15602624,Cust2624,811,Germany,Female,49,2,0.0,1,1,1,129838.52,0
15602625,Cust2625,823,France,Female,36,0,0.0,1,0,1,117850.36,0
15602626,Cust2626,704,Germany,Male,63,0,93786.46,2,1,0,27785.04,1
15602627,Cust2627,661,France,Male,40,9,67971.12,1,1,1,112871.84,0
15602628,Cust2628,632,France,Male,40,9,149398.98,3,1,1,11303.62,1
15602629,Cust2629,645,France,Female,38,3,0.0,2,1,1,150008.05,0
15602630,Cust2630,689,France,Male,27,8,104496.29,2,1,0,179011.67,0
15602631,Cust2631,659,France,Female,51,2,71742.98,1,1,1,178776.1,0
15602632,Cust2632,744,Spain,Female,32,3,134482.74,1,1,0,72212.73,0
15602633,Cust2633,562,Germany,Male,47,7,74007.23,1,1,0,126401.27,0
15602634,Cust2634,797,Germany,Male,50,10,0.0,1,1,0,152017.41,0
15602635,Cust2635,609,France,Female,44,6,86338.91,1,0,1,132038.87,0
15602636,Cust2636,578,France,Male,31,10,97134.1,1,1,0,13594.99,0
15602637,Cust2637,685,France,Female,35,10,0.0,2,0,0,110172.88,1
15602638,Cust2638,691,Spain,Male,18,0,101856.11,2,1,1,108319.14,0
15602639,Cust2639,483,France,Male,37,4,0.0,1,0,1,163991.31,0
15602640,Cust2640,604,Germany,Female,46,5,0.0,1,0,1,162962.39,0
15602641,Cust2641,441,Spain,Male,36,2,0.0,2,1,0,135515.54,0
15602642,Cust2642,585,Germany,Male,32,2,0.0,2,1,1,40305.78,0
15602643,Cust2643,589,Spain,Male,35,10,116849.65,2,1,1,116753.04,0
15602644,Cust2644,679,France,Male,50,1,99302.06,2,1,0,178463.35,0
15602645,Cust2645,574,Spain,Female,37,5,0.0,2,1,0,41791.1,0
15602646,Cust2646,597,Germany,Male,57,5,108688.83,1,0,0,173053.32,1
15602647,Cust2647,775,Spain,Male,32,7,176421.27,1,1,1,26656.9,0
15602648,Cust2648,848,Germany,Male,40,6,95576.83,1,1,0,193055.74,0
15602649,Cust2649,562,Spain,Male,34,0,0.0,1,1,0,193390.3,0
15602650,Cust2650,748,Spain,Male,59,4,67843.57,2,1,1,196975.86,0
15602651,Cust2651,687,France,Female,40,3,206801.8,2,1,1,75386.87,0
15602652,Cust2652,483,Spain,Male,59,1,0.0,2,1,1,172319.73,0
15602653,Cust2653,574,Germany,Female,34,10,178043.53,1,0,1,75892.72,0
15602654,Cust2654,359,France,Male,53,5,0.0,2,1,1,30077.44,0
15602655,Cust2655,681,Spain,Male,39,10,0.0,1,1,1,92491.49,0
15602656,Cust2656,547,France,Male,46,10,0.0,1,1,1,162598.92,0
15602657,Cust2657,663,Germany,Female,26,10,227667.13,2,1,1,15618.51,0
15602658,Cust2658,850,France,Female,41,2,92758.86,1,1,0,94354.89,0
15602659,Cust2659,803,France,Male,27,9,62722.08,1,1,0,124941.57,0
15602660,Cust2660,576,Spain,Female,41,0,120864.98,1,0,1,165146.97,0
15602661,Cust2661,553,France,Male,23,5,0.0,1,0,1,58136.93,1
15602662,Cust2662,774,France,Female,37,9,0.0,1,1,1,31739.46,0
15602663,Cust2663,554,France,Female,49,6,62826.24,2,1,0,49311.66,0
15602664,Cust2664,745,France,Male,43,2,140752.54,1,0,1,126714.22,1
15602665,Cust2665,850,Spain,Male,26,0,60708.07,1,1,1,127811.77,0
15602666,Cust2666,715,Spain,Male,19,5,0.0,1,1,1,79031.27,0
15602667,Cust2667,764,France,Female,43,8,0.0,1,1,1,108782.28,0
15602668,Cust2668,753,Germany,Male,54,10,0.0,2,1,1,81497.18,0
15602669,Cust2669,597,France,Female,28,8,0.0,2,1,1,28149.81,0
15602670,Cust2670,678,Germany,Male,59,4,139573.22,2,1,1,28006.95,0
15602671,Cust2671,558,France,Female,38,7,0.0,2,1,0,107058.39,0
15602672,Cust2672,774,France,Male,18,8,0.0,2,0,0,186704.8,1
15602673,Cust2673,546,France,Female,22,4,57508.46,1,1,1,93697.38,0
15602674,Cust2674,717,Germany,Male,46,2,0.0,2,1,0,109620.81,0
15602675,Cust2675,759,Germany,Male,39,2,0.0,1,0,1,163831.14,0
15602676,Cust2676,603,France,Male,53,8,63574.93,1,1,1,114016.47,0
15602677,Cust2677,581,Spain,Female,26,8,77604.83,2,1,1,21299.78,0
15602678,Cust2678,634,Germany,Male,39,2,118001.87,2,1,1,82081.72,0
15602679,Cust2679,564,France,Female,38,10,0.0,1,1,1,15207.39,0
15602680,Cust2680,665,Spain,Female,37,0,79826.38,3,1,1,184809.83,0
15602681,Cust2681,562,Spain,Male,34,4,94372.24,2,1,0,196177.17,0
15602682,Cust2682,569,France,Male,34,5,0.0,1,1,1,53240.91,0
15602683,Cust2683,703,Germany,Male,40,0,0.0,2,1,1,113963.63,0
15602684,Cust2684,709,France,Male,41,7,0.0,2,0,1,25393.11,1
15602685,Cust2685,622,Germany,Male,41,9,0.0,3,1,0,52773.63,1
15602686,Cust2686,492,France,Female,50,2,0.0,2,1,1,27557.92,0
15602687,Cust2687,762,Germany,Male,26,7,0.0,1,1,0,11745.57,0
15602688,Cust2688,607,France,Male,20,10,0.0,2,1,0,134457.62,0
15602689,Cust2689,848,Germany,Female,48,7,0.0,1,0,0,93457.56,0
15602690,Cust2690,637,Spain,Male,29,4,0.0,2,1,0,142410.57,0
15602691,Cust2691,663,France,Female,34,10,150839.63,4,0,0,194270.73,0
15602692,Cust2692,609,Spain,Female,32,4,0.0,2,1,1,180306.72,0
15602693,Cust2693,673,Spain,Male,32,7,45088.07,1,1,1,17817.03,0
15602694,Cust2694,850,Spain,Male,23,8,72980.48,1,1,1,88284.52,0
15602695,Cust2695,616,France,Female,32,6,3989.96,1,1,1,187811.1,0
15602696,Cust2696,773,Spain,Female,44,3,160668.77,1,1,1,192888.17,0
15602697,Cust2697,659,France,Female,38,7,78103.15,4,1,1,147759.91,1
15602698,Cust2698,763,France,Female,43,3,197825.81,1,0,1,58830.83,0
15602699,Cust2699,465,Spain,Male,33,5,79391.64,2,1,1,92401.23,0
15602700,Cust2700,837,Germany,Male,47,5,90735.34,1,1,0,64331.73,1
15602701,Cust2701,683,Germany,Female,33,3,125492.25,2,1,1,58979.58,0
15602702,Cust2702,624,France,Female,18,8,179736.61,3,0,0,59890.09,0
15602703,Cust2703,737,Spain,Female,41,2,186890.06,2,1,0,141239.99,0
15602704,Cust2704,664,Germany,Male,46,1,0.0,2,0,0,144090.23,1
15602705,Cust2705,540,France,Female,32,7,95989.38,1,0,0,118663.6,0
15602706,Cust2706,417,Spain,Male,50,9,0.0,1,1,1,188769.74,0
15602707,Cust2707,825,France,Male,29,2,183671.44,2,1,0,154823.29,0
15602708,Cust2708,629,France,Male,45,5,0.0,1,1,1,90455.61,0
15602709,Cust2709,591,Germany,Male,55,10,71903.65,2,0,0,166588.35,1
15602710,Cust2710,599,Spain,Female,38,4,0.0,1,1,0,56800.1,0
15602711,Cust2711,791,France,Male,36,4,0.0,1,1,1,89526.51,0
15602712,Cust2712,603,France,Female,37,7,68849.75,2,1,0,20968.96,0
15602713,Cust2713,712,France,Male,54,6,76251.25,2,0,1,183935.2,0
15602714,Cust2714,618,Spain,Male,42,1,0.0,3,1,0,63159.22,0
15602715,Cust2715,530,France,Male,59,0,151515.95,1,1,0,30436.44,0
15602716,Cust2716,737,Germany,Male,41,4,0.0,1,1,0,157050.81,0
15602717,Cust2717,756,Spain,Female,31,4,0.0,1,0,1,189577.03,0
15602718,Cust2718,585,France,Male,32,6,0.0,3,1,0,169571.85,0
15602719,Cust2719,646,Germany,Male,39,4,114162.49,2,1,1,72104.19,0
15602720,Cust2720,659,Germany,Male,18,1,2758.52,3,0,0,199574.16,1
15602721,Cust2721,693,Spain,Male,33,8,131584.18,2,1,1,63136.72,0
15602722,Cust2722,839,France,Male,33,4,11960.55,1,1,1,54532.91,0
15602723,Cust2723,619,France,Female,40,0,62755.41,1,1,0,48931.23,0
15602724,Cust2724,618,France,Male,57,6,0.0,1,0,0,13820.98,0
15602725,Cust2725,633,Germany,Male,39,4,118303.14,1,1,0,120800.62,0
15602726,Cust2726,560,Spain,Female,19,5,64907.37,4,1,1,149957.05,0
15602727,Cust2727,485,France,Female,29,9,39565.27,1,1,0,126002.6,1
15602728,Cust2728,663,France,Male,41,2,180367.29,2,1,0,111670.61,1
15602729,Cust2729,701,Spain,Female,39,7,166653.26,1,1,0,132234.2,0
15602730,Cust2730,650,France,Female,54,1,86279.86,2,1,1,175655.92,0
15602731,Cust2731,644,France,Male,48,8,96826.68,1,1,1,69330.86,0
15602732,Cust2732,564,Germany,Male,47,4,0.0,2,0,0,100966.52,1
15602733,Cust2733,674,France,Female,36,8,0.0,2,1,1,181608.45,0
15602734,Cust2734,666,France,Female,49,0,99060.56,1,0,1,62292.3,0
15602735,Cust2735,696,France,Female,29,7,0.0,3,1,0,19930.94,0
15602736,Cust2736,681,France,Male,48,2,22959.89,2,1,1,73919.55,0
15602737,Cust2737,688,Germany,Female,35,4,117038.03,1,1,1,136478.41,0
15602738,Cust2738,777,Germany,Male,24,2,0.0,1,0,1,22945.46,1
15602739,Cust2739,705,Germany,Female,44,4,82735.68,1,0,0,48122.81,0
15602740,Cust2740,696,France,Female,52,8,53555.42,1,0,0,92471.6,0
15602741,Cust2741,483,Spain,Male,34,0,147788.28,1,1,0,81897.45,0
15602742,Cust2742,751,France,Male,54,6,0.0,1,0,0,185334.22,1
15602743,Cust2743,621,Spain,Female,21,2,38906.24,2,0,0,111117.67,0
15602744,Cust2744,658,France,Female,26,4,0.0,4,1,0,178897.15,1
15602745,Cust2745,528,Spain,Male,37,6,120695.8,1,1,1,86628.29,0
15602746,Cust2746,850,France,Female,34,1,41028.46,2,1,0,121163.54,0
15602747,Cust2747,412,France,Male,31,9,21684.69,1,1,1,117727.01,0
15602748,Cust2748,793,France,Male,39,7,0.0,2,1,1,41387.33,0
15602749,Cust2749,691,France,Male,33,6,49376.78,1,1,1,13804.6,0
15602750,Cust2750,467,France,Female,34,10,125031.99,1,1,0,61813.03,0
15602751,Cust2751,845,Germany,Male,41,4,121024.3,1,0,1,20738.31,0
15602752,Cust2752,699,Spain,Female,31,1,101415.61,2,1,1,151933.52,0
15602753,Cust2753,424,France,Male,37,9,62680.05,1,1,1,170791.45,0
15602754,Cust2754,609,Spain,Female,32,6,0.0,2,0,1,75396.53,0
15602755,Cust2755,701,Spain,Female,26,4,0.0,1,0,0,44155.91,1
15602756,Cust2756,814,Spain,Male,46,0,0.0,2,1,0,39256.59,0
15602757,Cust2757,611,Germany,Male,55,2,0.0,1,0,1,107266.68,0
15602758,Cust2758,396,Germany,Male,49,6,93511.09,1,1,1,94656.08,0
15602759,Cust2759,790,Germany,Male,41,0,114512.95,1,0,1,189372.66,0
15602760,Cust2760,698,Germany,Female,32,6,156150.83,1,0,0,182527.57,0
15602761,Cust2761,436,Spain,Female,35,9,111691.11,2,1,0,190370.06,0
15602762,Cust2762,683,France,Male,49,4,0.0,2,1,0,134387.58,0
15602763,Cust2763,693,France,Female,18,6,0.0,2,1,1,171420.09,1
15602764,Cust2764,619,France,Male,34,2,0.0,1,1,0,163564.94,0
15602765,Cust2765,571,Spain,Male,45,6,144325.81,1,0,1,67326.88,0
15602766,Cust2766,591,France,Male,27,2,0.0,2,0,1,127362.3,0
15602767,Cust2767,619,Germany,Male,42,7,0.0,1,1,1,106693.82,0
15602768,Cust2768,684,Spain,Female,42,5,116301.69,1,0,0,118627.49,1
15602769,Cust2769,726,Spain,Male,23,6,0.0,1,1,1,94045.05,0
15602770,Cust2770,444,France,Female,39,3,92730.28,3,1,1,58137.64,0
15602771,Cust2771,675,Spain,Male,32,3,106658.85,1,0,0,161347.42,0
15602772,Cust2772,697,Spain,Female,42,7,105359.49,1,1,1,40141.64,0
15602773,Cust2773,666,France,Male,45,6,35764.85,1,1,1,62036.53,0
15602774,Cust2774,611,Spain,Male,42,7,71186.43,2,0,0,165151.64,0
15602775,Cust2775,786,France,Male,39,1,0.0,1,1,1,180658.85,0
15602776,Cust2776,779,Germany,Male,41,2,187875.66,1,1,1,187783.5,1
15602777,Cust2777,615,Germany,Male,26,3,0.0,4,1,0,191328.42,1
15602778,Cust2778,642,France,Male,38,4,94158.38,2,1,0,38376.68,0
15602779,Cust2779,724,France,Female,30,5,0.0,2,1,1,112971.23,0
15602780,Cust2780,773,France,Male,48,5,1000.0,1,1,0,44862.6,0
15602781,Cust2781,572,France,Female,45,0,169736.81,1,1,1,102938.14,0
15602782,Cust2782,550,Germany,Female,45,0,0.0,2,0,1,150566.23,0
15602783,Cust2783,676,France,Male,55,9,0.0,2,1,0,195320.54,0
15602784,Cust2784,542,France,Female,35,6,0.0,1,0,1,194124.41,0
15602785,Cust2785,463,Germany,Male,33,0,99638.85,1,1,1,120177.81,0
15602786,Cust2786,571,Germany,Female,34,9,0.0,1,1,0,85116.04,0
15602787,Cust2787,690,Germany,Female,22,4,121812.88,2,0,0,78922.05,0
15602788,Cust2788,799,Spain,Female,23,7,0.0,2,1,1,114329.32,0
15602789,Cust2789,582,France,Male,44,4,132256.74,1,0,1,33187.21,0
15602790,Cust2790,638,Spain,Female,24,2,73146.23,2,0,1,82340.18,0
15602791,Cust2791,665,France,Male,27,7,213218.03,2,1,0,36248.31,0
15602792,Cust2792,588,Germany,Male,37,3,173399.88,2,1,0,22669.42,0
15602793,Cust2793,580,Spain,Male,34,1,126030.51,1,1,1,192589.42,0
15602794,Cust2794,682,Spain,Male,47,2,0.0,3,1,0,71019.06,0
15602795,Cust2795,535,Germany,Female,39,9,116019.56,1,1,0,100392.07,1
15602796,Cust2796,576,Germany,Female,30,5,110703.66,2,1,1,142552.1,1
15602797,Cust2797,631,France,Male,48,4,0.0,1,1,1,107362.07,0
15602798,Cust2798,681,Germany,Female,45,8,195082.82,2,1,1,180998.85,0
15602799,Cust2799,505,Spain,Female,24,2,155893.33,2,1,0,182912.04,0
15602800,Cust2800,637,Spain,Female,41,1,100050.75,1,1,0,63524.04,0
15602801,Cust2801,526,France,Female,31,1,110492.37,2,1,0,91975.92,0
15602802,Cust2802,584,France,Male,31,1,29717.56,2,1,1,48838.79,0
15602803,Cust2803,726,Germany,Male,57,10,106650.15,1,1,1,186981.25,0
15602804,Cust2804,643,France,Female,39,9,0.0,1,1,1,22373.56,0
15602805,Cust2805,810,France,Male,36,4,118933.18,1,1,0,163414.92,1
15602806,Cust2806,643,France,Female,39,5,0.0,3,1,0,168067.72,1
15602807,Cust2807,743,Germany,Female,47,4,0.0,1,1,0,177067.82,1
15602808,Cust2808,726,France,Female,31,6,141069.66,1,0,0,133846.39,1
15602809,Cust2809,649,France,Male,33,1,146221.76,1,1,1,108489.81,1
15602810,Cust2810,524,France,Female,45,7,0.0,2,1,0,125072.42,0
15602811,Cust2811,640,Spain,Female,23,5,104134.21,2,1,1,47156.21,0
15602812,Cust2812,599,Germany,Male,48,10,99093.34,2,1,1,44169.58,1
15602813,Cust2813,595,France,Male,22,3,114364.38,2,1,0,160759.73,0
15602814,Cust2814,665,France,Male,36,8,123987.88,2,1,1,114012.83,0
15602815,Cust2815,511,Germany,Male,22,1,0.0,3,0,1,187176.45,1
15602816,Cust2816,566,France,Female,27,1,78929.03,2,0,1,61578.37,0
15602817,Cust2817,553,Germany,Female,51,8,42731.32,2,1,0,64393.83,0
15602818,Cust2818,626,France,Male,48,9,75496.9,2,0,0,107459.94,0
15602819,Cust2819,576,Spain,Male,50,9,155063.89,1,1,0,25913.31,1
15602820,Cust2820,583,France,Male,24,0,55352.54,2,1,1,151344.03,0
15602821,Cust2821,663,Germany,Male,27,3,28158.13,2,1,0,42535.72,0
15602822,Cust2822,607,France,Male,41,5,0.0,2,1,1,117279.46,0
15602823,Cust2823,650,Spain,Female,45,3,112051.66,3,1,0,29657.41,0
15602824,Cust2824,543,Spain,Female,30,3,132160.73,1,0,0,88326.97,0
15602825,Cust2825,570,Germany,Female,32,4,0.0,2,0,1,116590.14,0
15602826,Cust2826,846,France,Female,27,0,6003.78,1,1,1,111214.43,0
15602827,Cust2827,583,France,Male,55,10,67965.77,2,1,0,195313.45,0
15602828,Cust2828,448,Spain,Female,33,3,0.0,2,0,0,137679.87,0
15602829,Cust2829,683,Germany,Male,38,6,0.0,3,0,0,111764.11,0
15602830,Cust2830,582,France,Male,39,8,6085.51,2,1,0,134500.85,0
15602831,Cust2831,673,France,Male,49,1,0.0,2,1,0,150772.41,0
15602832,Cust2832,641,France,Male,28,2,0.0,1,1,1,191437.65,1
15602833,Cust2833,703,Spain,Male,50,6,78052.99,2,1,1,38840.39,0
15602834,Cust2834,640,Germany,Male,25,10,105073.69,1,1,1,145972.38,1
15602835,Cust2835,628,Germany,Male,50,4,0.0,2,1,0,13425.06,0
15602836,Cust2836,760,Germany,Female,21,10,82277.26,1,1,0,12199.16,1
15602837,Cust2837,437,France,Male,37,0,0.0,1,1,0,145892.85,0
15602838,Cust2838,523,France,Male,54,8,0.0,2,1,0,115754.84,0
15602839,Cust2839,571,France,Female,45,10,84067.97,2,0,0,162124.01,0
15602840,Cust2840,487,Spain,Female,42,8,0.0,1,1,0,82376.05,1
15602841,Cust2841,604,France,Male,28,1,135196.89,2,0,1,39855.5,0
15602842,Cust2842,595,France,Female,31,0,0.0,1,1,1,132608.48,0
15602843,Cust2843,744,France,Male,51,4,0.0,1,1,0,109423.9,0
15602844,Cust2844,642,France,Male,43,6,66313.71,1,0,0,67398.42,0
15602845,Cust2845,630,Germany,Male,47,7,156932.07,1,1,0,99011.63,1
15602846,Cust2846,614,France,Male,39,10,0.0,2,1,0,114644.21,0
15602847,Cust2847,549,France,Female,35,6,34578.15,2,1,1,49965.96,1
15602848,Cust2848,736,Spain,Male,46,2,124667.6,2,1,1,149683.38,0
15602849,Cust2849,766,France,Female,41,0,56767.27,2,1,0,125806.22,1
15602850,Cust2850,534,France,Female,36,10,0.0,1,0,0,23459.02,0
15602851,Cust2851,806,France,Female,24,6,155944.51,2,1,0,105598.08,1
15602852,Cust2852,586,Spain,Male,48,7,0.0,2,1,1,61997.89,0
15602853,Cust2853,578,France,Male,42,7,1460.2,2,1,0,178974.39,0
15602854,Cust2854,695,Spain,Female,32,8,0.0,1,1,1,96162.4,0
15602855,Cust2855,704,Spain,Female,50,9,29357.3,1,1,1,38148.05,0
15602856,Cust2856,643,Germany,Male,40,9,0.0,1,1,0,136844.69,0
15602857,Cust2857,617,France,Male,41,2,0.0,1,0,1,60934.75,0
15602858,Cust2858,763,Germany,Female,47,3,47426.56,2,1,1,192317.91,1
15602859,Cust2859,590,France,Female,45,0,122373.85,1,0,0,17662.63,0
15602860,Cust2860,643,France,Female,41,1,67327.76,2,1,0,35805.76,0
15602861,Cust2861,813,Germany,Female,36,10,1000.0,2,0,1,198655.49,0
15602862,Cust2862,522,France,Male,58,4,0.0,1,1,1,190203.21,0
15602863,Cust2863,606,France,Male,31,7,0.0,2,1,1,22535.9,0
15602864,Cust2864,748,France,Female,45,6,0.0,1,1,0,82629.57,0
15602865,Cust2865,701,France,Female,37,5,100945.41,3,1,0,188777.78,0
15602866,Cust2866,736,France,Male,43,1,103369.59,1,0,1,62174.46,0
15602867,Cust2867,523,Germany,Female,50,7,80555.83,2,1,0,173433.49,0
15602868,Cust2868,681,Spain,Male,35,8,81843.49,1,1,0,109501.82,0
15602869,Cust2869,623,France,Male,44,1,130510.47,1,1,0,163648.39,0
15602870,Cust2870,850,Germany,Female,41,3,0.0,1,0,1,136411.92,0
15602871,Cust2871,728,France,Male,32,10,0.0,1,1,1,163036.64,0
15602872,Cust2872,648,France,Male,51,9,0.0,1,1,1,76088.85,0
15602873,Cust2873,677,France,Female,45,7,83790.85,1,1,0,197090.6,0
15602874,Cust2874,655,France,Male,34,10,0.0,2,0,1,85756.8,0
15602875,Cust2875,717,France,Male,49,9,46473.96,2,1,0,18215.01,0
15602876,Cust2876,568,France,Female,30,6,145950.51,1,1,1,156152.65,0
15602877,Cust2877,781,France,Male,38,6,62250.58,1,1,1,52136.66,0
15602878,Cust2878,523,Germany,Female,34,7,123438.79,4,0,0,28521.59,0
15602879,Cust2879,670,France,Male,46,8,118471.44,1,0,1,140484.68,1
15602880,Cust2880,571,France,Male,33,10,88631.15,2,1,1,158365.9,0
15602881,Cust2881,654,France,Female,46,3,150726.21,1,1,1,130675.23,0
15602882,Cust2882,745,Germany,Male,44,3,104532.27,1,1,1,57359.3,0
15602883,Cust2883,486,France,Female,34,1,1059.87,1,1,0,50639.16,0
15602884,Cust2884,634,Germany,Female,56,0,70899.37,3,0,0,70187.72,1
15602885,Cust2885,512,France,Female,31,3,225708.07,2,1,0,141035.22,0
15602886,Cust2886,623,France,Male,24,2,102125.28,1,0,0,22201.66,0
15602887,Cust2887,512,Spain,Male,47,9,96293.82,2,1,1,173752.39,0
15602888,Cust2888,666,France,Female,18,5,0.0,1,0,1,193001.11,0
15602889,Cust2889,609,France,Male,53,7,0.0,3,1,1,178261.19,1
15602890,Cust2890,722,France,Female,39,2,57268.71,1,1,1,91035.62,0
15602891,Cust2891,768,Spain,Female,24,5,0.0,2,1,0,110632.48,0
15602892,Cust2892,651,Germany,Male,29,8,99936.19,2,0,1,108161.17,0
15602893,Cust2893,736,Germany,Male,22,2,34055.25,1,1,0,123860.69,0
15602894,Cust2894,783,Spain,Female,42,4,0.0,3,0,1,172561.95,0
15602895,Cust2895,561,France,Female,25,6,109947.82,4,1,1,174583.33,0
15602896,Cust2896,788,Spain,Male,43,2,0.0,2,1,1,69760.85,0
15602897,Cust2897,646,France,Female,35,6,0.0,1,0,1,31973.04,0
15602898,Cust2898,556,Germany,Female,33,6,0.0,2,1,0,116056.78,0
15602899,Cust2899,679,France,Male,43,5,0.0,1,0,0,18287.65,1
15602900,Cust2900,643,France,Male,44,1,101411.02,3,1,0,139052.27,1
15602901,Cust2901,515,Spain,Female,49,8,134589.47,1,1,0,145745.45,0
15602902,Cust2902,544,France,Female,32,9,0.0,2,1,1,137889.85,0
15602903,Cust2903,807,Spain,Female,38,2,29073.19,2,1,1,59858.05,0
15602904,Cust2904,677,France,Male,32,1,43874.85,3,1,1,151329.16,0
15602905,Cust2905,792,Germany,Female,40,5,111493.85,2,0,0,66334.62,0
15602906,Cust2906,610,Spain,Female,30,1,158365.75,2,1,0,91211.63,0
15602907,Cust2907,573,France,Female,34,3,80164.81,2,1,1,143135.0,0
15602908,Cust2908,488,Spain,Male,34,7,141486.42,2,1,0,69653.99,0
15602909,Cust2909,743,Germany,Male,41,2,120768.83,1,0,0,178666.24,1
15602910,Cust2910,689,Germany,Male,38,4,0.0,3,0,1,72620.96,0
15602911,Cust2911,611,France,Male,43,3,0.0,1,1,0,173546.61,0
15602912,Cust2912,574,Germany,Male,37,7,0.0,2,1,0,188700.04,0
15602913,Cust2913,758,Germany,Female,32,8,181102.55,1,1,1,81784.49,0
15602914,Cust2914,633,France,Male,40,9,20879.6,1,1,0,20737.69,1
15602915,Cust2915,634,France,Female,29,1,0.0,1,1,1,58981.35,0
15602916,Cust2916,592,France,Male,44,8,172342.27,4,1,0,156574.55,0
15602917,Cust2917,611,Spain,Female,35,3,0.0,1,1,0,28994.89,0
15602918,Cust2918,703,France,Male,40,9,165216.19,2,0,1,176462.26,0
15602919,Cust2919,514,Germany,Female,40,5,0.0,1,1,0,124127.97,1
15602920,Cust2920,658,Spain,Female,54,10,137825.1,1,1,0,161633.72,1
15602921,Cust2921,742,France,Female,42,4,116939.26,2,1,1,154472.05,0
15602922,Cust2922,642,France,Male,39,3,48631.97,1,1,0,153319.4,0
15602923,Cust2923,751,Germany,Male,31,9,0.0,2,1,0,15619.03,0
15602924,Cust2924,779,France,Female,46,3,90110.32,2,1,1,150657.97,0
15602925,Cust2925,737,Germany,Male,35,8,15577.55,2,1,1,139083.22,0
15602926,Cust2926,598,Germany,Female,23,0,127267.66,2,0,0,124726.19,0
15602927,Cust2927,647,Germany,Male,36,7,0.0,1,1,1,172970.54,0
15602928,Cust2928,683,France,Male,40,9,102017.27,2,1,1,110978.11,0
15602929,Cust2929,605,Germany,Female,30,3,0.0,2,1,0,118807.15,0
15602930,Cust2930,602,Germany,Female,37,10,0.0,2,1,0,108860.76,1
15602931,Cust2931,596,France,Female,37,0,93989.73,2,1,0,151700.64,0
15602932,Cust2932,850,Germany,Male,37,1,0.0,2,1,1,186881.7,1
15602933,Cust2933,624,Spain,Female,50,3,0.0,2,0,0,124243.13,0
15602934,Cust2934,753,Germany,Female,25,3,118450.67,2,1,0,77801.99,0
15602935,Cust2935,567,France,Male,58,6,0.0,2,1,1,107689.29,0
15602936,Cust2936,813,France,Male,38,9,105579.93,1,1,1,189742.57,0
15602937,Cust2937,614,France,Male,44,1,121691.8,2,1,1,45666.28,0
15602938,Cust2938,655,France,Female,39,8,163316.11,2,1,1,182296.99,1
15602939,Cust2939,474,France,Male,21,9,104033.7,2,0,1,168188.66,0
15602940,Cust2940,757,Spain,Female,27,6,72666.67,1,1,1,80650.05,0
15602941,Cust2941,778,France,Male,33,10,0.0,1,1,1,176876.88,0
15602942,Cust2942,536,Spain,Female,48,1,120998.06,2,1,1,152570.56,0
15602943,Cust2943,763,France,Female,24,8,0.0,1,0,0,190251.1,1
15602944,Cust2944,522,France,Male,29,4,0.0,1,1,1,107111.98,0
15602945,Cust2945,711,France,Male,40,4,105635.18,2,0,0,146462.52,0
15602946,Cust2946,622,France,Male,43,6,0.0,1,0,1,77766.53,0
15602947,Cust2947,778,Spain,Male,42,8,93729.28,2,1,1,83333.27,0
15602948,Cust2948,674,Spain,Male,28,5,79434.6,1,1,0,45056.49,0
15602949,Cust2949,739,Spain,Female,22,2,0.0,1,0,0,119759.68,1
15602950,Cust2950,769,France,Male,43,2,59742.17,4,0,1,11715.31,0
15602951,Cust2951,622,Spain,Male,52,10,79739.96,2,0,1,184623.45,0
15602952,Cust2952,647,France,Male,35,4,0.0,3,1,1,73652.12,0
15602953,Cust2953,543,Spain,Male,27,4,67504.16,1,0,0,128626.77,1
15602954,Cust2954,621,Germany,Female,34,6,54545.21,2,1,1,195115.52,0
15602955,Cust2955,835,France,Male,42,7,0.0,1,0,1,90106.83,0
15602956,Cust2956,723,France,Male,36,0,3407.47,1,1,1,24508.17,0
15602957,Cust2957,550,France,Male,52,0,54184.56,1,0,0,81939.11,0
15602958,Cust2958,807,France,Female,47,6,126311.68,1,1,0,196304.6,1
15602959,Cust2959,687,Spain,Female,40,6,29677.37,3,1,1,192031.9,1
15602960,Cust2960,730,Spain,Male,18,5,0.0,2,1,1,139951.34,0
15602961,Cust2961,697,Spain,Female,31,3,86174.28,2,0,0,139482.14,0
15602962,Cust2962,690,France,Female,33,8,0.0,2,0,0,102322.53,0
15602963,Cust2963,458,Germany,Female,31,1,0.0,1,1,1,106414.11,1
15602964,Cust2964,756,France,Male,40,7,0.0,3,1,1,115535.85,0
15602965,Cust2965,434,Germany,Female,40,4,0.0,2,1,0,85927.34,1
15602966,Cust2966,748,France,Female,21,4,0.0,1,1,0,165410.02,0
15602967,Cust2967,660,France,Male,46,1,0.0,1,1,1,182679.24,0
15602968,Cust2968,730,Germany,Male,38,7,50874.61,1,1,0,174049.64,0
15602969,Cust2969,665,France,Male,42,2,0.0,2,1,1,64442.92,0
15602970,Cust2970,750,France,Male,45,5,144723.83,2,1,1,49018.94,0
15602971,Cust2971,652,Germany,Male,30,9,0.0,3,0,1,195403.96,1
15602972,Cust2972,677,France,Female,51,8,125405.39,3,0,1,40671.01,0
15602973,Cust2973,689,Spain,Female,37,0,0.0,1,1,1,81554.4,0
15602974,Cust2974,830,Germany,Male,53,10,137421.59,1,1,1,20506.61,0
15602975,Cust2975,708,Spain,Male,29,6,0.0,2,0,1,50680.22,0
15602976,Cust2976,524,Germany,Female,52,9,50030.41,2,1,0,91755.1,0
15602977,Cust2977,596,Germany,Male,29,0,67668.11,1,1,0,22566.81,1
15602978,Cust2978,707,Germany,Male,63,10,80241.67,2,1,0,119504.75,1
15602979,Cust2979,771,Spain,Female,28,7,0.0,1,0,1,92359.84,0
15602980,Cust2980,581,Germany,Male,49,9,120622.38,2,1,1,92434.59,0
15602981,Cust2981,850,France,Male,34,10,0.0,3,0,0,155145.32,0
15602982,Cust2982,667,France,Female,45,9,103982.23,2,0,0,85718.45,0
15602983,Cust2983,690,Germany,Female,38,4,69086.22,1,1,1,23930.54,0
15602984,Cust2984,530,France,Male,27,9,103457.53,1,0,0,140158.61,0
15602985,Cust2985,757,France,Female,18,10,22474.95,3,1,1,142765.9,0
15602986,Cust2986,607,France,Female,63,9,18327.33,2,0,0,108112.65,0
15602987,Cust2987,578,Germany,Male,39,7,0.0,2,1,1,12037.95,0
15602988,Cust2988,620,France,Female,18,10,0.0,1,1,0,190323.31,0
15602989,Cust2989,783,Germany,Male,41,6,135898.97,3,1,0,68464.2,1
15602990,Cust2990,695,Spain,Male,45,4,161219.7,1,0,0,68847.7,0
15602991,Cust2991,565,Spain,Male,31,1,97607.39,4,0,1,45938.03,0
15602992,Cust2992,599,France,Male,31,5,95391.68,1,0,1,131355.22,0
15602993,Cust2993,785,Germany,Male,38,10,0.0,1,1,1,123513.31,0
15602994,Cust2994,627,Germany,Female,50,1,1625.82,1,0,1,178923.41,0
15602995,Cust2995,704,France,Male,39,9,0.0,1,1,1,129196.17,0
15602996,Cust2996,727,Germany,Female,53,7,162476.06,3,1,0,62332.05,1
15602997,Cust2997,350,France,Male,49,1,0.0,1,1,0,159332.41,0
15602998,Cust2998,771,Spain,Female,36,2,91356.9,2,1,1,65772.02,0
15602999,Cust2999,568,France,Male,22,0,101688.18,2,1,0,180369.73,0
15603000,Cust3000,615,Spain,Male,36,8,0.0,1,1,1,31081.07,0
15603001,Cust3001,798,Germany,Female,43,3,42865.9,2,1,0,91202.1,0
15603002,Cust3002,789,France,Female,39,2,140534.5,2,0,0,196197.17,0
15603003,Cust3003,697,Germany,Male,44,1,56250.44,2,0,1,153825.42,1
15603004,Cust3004,720,France,Male,47,5,0.0,1,0,1,76103.81,0
15603005,Cust3005,744,Spain,Female,43,3,84863.72,2,1,1,151851.84,0
15603006,Cust3006,787,Germany,Female,35,9,0.0,2,0,1,13856.72,0
15603007,Cust3007,800,France,Male,43,10,173705.65,4,1,1,14367.52,0
15603008,Cust3008,660,France,Female,60,2,119684.21,2,0,0,87530.18,1
15603009,Cust3009,579,Spain,Male,23,9,0.0,1,1,1,192135.35,0
15603010,Cust3010,626,France,Male,43,0,71846.56,1,1,0,118156.23,0
15603011,Cust3011,662,Spain,Female,56,4,21144.97,2,0,1,30074.16,1
15603012,Cust3012,645,Spain,Female,26,6,89043.58,4,0,1,120169.48,0
15603013,Cust3013,553,Germany,Male,48,3,51604.68,1,1,0,181527.56,0
15603014,Cust3014,692,France,Male,49,7,87952.24,1,1,0,119531.03,0
15603015,Cust3015,499,Germany,Male,23,6,160272.86,1,1,1,64511.23,0
15603016,Cust3016,658,Spain,Female,45,10,0.0,1,0,0,194928.43,0
15603017,Cust3017,664,France,Male,35,10,0.0,1,1,0,188872.07,1
15603018,Cust3018,661,France,Male,37,8,18061.8,1,0,1,100085.77,0
15603019,Cust3019,732,France,Male,35,8,0.0,1,1,1,169277.71,0
15603020,Cust3020,719,France,Female,51,3,0.0,1,1,0,69015.3,1
15603021,Cust3021,850,Germany,Male,37,9,0.0,3,0,0,52695.55,1
15603022,Cust3022,600,France,Female,33,3,87071.7,1,1,1,96350.61,0
15603023,Cust3023,677,Germany,Male,34,8,0.0,2,0,0,179189.11,1
15603024,Cust3024,671,France,Male,35,5,82098.46,1,0,1,155677.76,0
15603025,Cust3025,666,France,Male,27,5,152903.51,2,1,1,199210.42,0
15603026,Cust3026,529,France,Male,33,8,145283.55,3,0,0,159939.65,1
15603027,Cust3027,536,Spain,Male,39,1,90832.59,1,1,1,159539.85,0
15603028,Cust3028,651,Germany,Male,42,9,153741.02,2,1,1,170906.45,0
15603029,Cust3029,499,France,Male,50,9,0.0,1,1,1,19334.91,0
15603030,Cust3030,618,Spain,Male,40,5,101854.38,1,0,1,145868.34,1
15603031,Cust3031,588,France,Male,33,7,0.0,1,0,0,25812.47,0
15603032,Cust3032,621,France,Male,28,2,0.0,1,1,0,105273.29,0
15603033,Cust3033,759,France,Male,41,8,77885.96,1,1,1,101315.9,0
15603034,Cust3034,546,Spain,Male,37,1,118222.28,2,1,0,153452.86,0
15603035,Cust3035,734,Germany,Female,37,8,36128.18,1,1,0,188712.65,1
15603036,Cust3036,595,Germany,Female,41,7,146128.9,2,1,1,43565.7,0
15603037,Cust3037,607,France,Female,43,2,162573.58,1,1,1,187236.86,1
15603038,Cust3038,695,France,Male,41,8,117663.61,1,1,1,145144.94,0
15603039,Cust3039,624,Germany,Female,36,3,119673.54,1,1,0,126725.21,1
15603040,Cust3040,564,France,Female,30,5,130045.25,2,1,1,150715.4,0
15603041,Cust3041,614,Spain,Male,32,9,114916.22,2,0,1,52396.25,0
15603042,Cust3042,479,Spain,Male,46,0,100179.59,2,1,0,22667.36,0
15603043,Cust3043,687,France,Female,34,4,90553.82,2,1,0,51507.5,0
15603044,Cust3044,352,Germany,Female,25,6,138635.72,3,1,0,77750.08,1
15603045,Cust3045,735,Spain,Female,50,1,0.0,1,0,1,92111.3,1
15603046,Cust3046,709,France,Female,29,5,34054.36,4,0,1,33785.68,1
15603047,Cust3047,804,Germany,Female,38,7,95369.91,1,1,1,153897.75,1
15603048,Cust3048,850,Spain,Female,43,9,119302.59,1,1,1,115303.12,0
15603049,Cust3049,740,France,Male,38,3,29939.18,1,1,1,135943.71,0
15603050,Cust3050,590,Spain,Male,18,9,125639.55,2,1,0,27099.19,1
15603051,Cust3051,850,France,Female,42,7,0.0,1,0,1,105571.18,0
15603052,Cust3052,535,Germany,Male,51,5,0.0,1,0,0,176320.35,1
15603053,Cust3053,467,Spain,Male,46,6,130477.39,1,1,0,173608.31,0
15603054,Cust3054,828,Germany,Male,18,10,0.0,1,1,1,143527.03,0
15603055,Cust3055,708,France,Male,59,7,117859.16,2,1,1,125521.74,0
15603056,Cust3056,470,Germany,Male,25,4,0.0,3,0,1,185736.34,0
15603057,Cust3057,520,France,Female,27,10,0.0,3,1,1,31241.07,0
15603058,Cust3058,703,France,Male,46,7,0.0,2,1,1,18671.82,0
15603059,Cust3059,566,France,Female,43,3,23077.25,2,1,0,148421.12,0
15603060,Cust3060,580,Germany,Male,39,6,0.0,2,1,1,77879.39,0
15603061,Cust3061,839,France,Female,32,10,0.0,2,1,0,36114.8,0
15603062,Cust3062,850,France,Female,51,7,42059.9,2,1,0,188005.45,0
15603063,Cust3063,664,Spain,Female,38,8,94126.26,2,0,1,14804.57,1
15603064,Cust3064,636,France,Male,22,7,164573.23,1,0,1,160248.75,0
15603065,Cust3065,737,France,Male,50,9,73133.02,2,1,0,87143.69,0
15603066,Cust3066,596,France,Female,40,0,54834.48,2,1,1,82875.69,0
15603067,Cust3067,436,France,Female,49,8,147390.45,1,1,1,88984.08,0
15603068,Cust3068,385,Germany,Male,44,9,0.0,2,1,0,77074.9,0
15603069,Cust3069,643,France,Female,62,0,0.0,1,0,0,31458.07,1
15603070,Cust3070,735,France,Female,35,8,121961.12,1,1,0,145107.19,0
15603071,Cust3071,652,Spain,Male,38,5,105276.0,2,0,0,108728.65,1
15603072,Cust3072,728,Spain,Female,45,4,63247.79,2,1,0,86045.59,0
15603073,Cust3073,737,Germany,Male,35,1,46136.2,3,1,0,111786.78,0
15603074,Cust3074,783,Spain,Male,46,3,178679.73,3,1,1,101586.94,0
15603075,Cust3075,668,Spain,Female,18,7,0.0,1,1,0,57424.92,0
15603076,Cust3076,676,France,Male,37,5,0.0,1,1,0,40351.78,0
15603077,Cust3077,646,Germany,Female,37,0,87090.36,1,1,1,162150.04,0
15603078,Cust3078,625,Germany,Female,37,3,153818.02,3,1,0,146061.24,0
15603079,Cust3079,499,France,Female,29,0,0.0,1,0,0,47355.87,0
15603080,Cust3080,763,France,Male,47,3,27033.59,1,1,1,34058.67,1
15603081,Cust3081,613,France,Male,33,9,0.0,2,1,1,114921.35,0
15603082,Cust3082,608,Germany,Male,40,8,140227.32,1,1,0,134316.7,0
15603083,Cust3083,598,Spain,Female,38,10,145402.73,2,1,0,121640.98,0
15603084,Cust3084,521,Spain,Male,43,1,117204.65,2,1,1,62830.09,0
15603085,Cust3085,642,France,Female,52,6,67476.44,2,1,1,149325.23,0
15603086,Cust3086,700,France,Male,40,3,115469.56,1,1,0,51029.31,0
15603087,Cust3087,582,France,Male,46,5,114773.54,1,1,1,107868.37,1
15603088,Cust3088,750,Germany,Female,39,10,94836.06,1,0,1,46941.14,0
15603089,Cust3089,615,Spain,Female,33,9,0.0,1,1,0,77193.2,0
15603090,Cust3090,503,Spain,Male,37,7,0.0,1,1,0,105279.78,0
15603091,Cust3091,782,Spain,Female,35,10,107310.78,1,0,0,119192.59,0
15603092,Cust3092,669,Spain,Male,44,5,0.0,2,1,0,31451.9,0
15603093,Cust3093,733,Spain,Female,39,0,32038.88,1,0,0,78423.37,0
15603094,Cust3094,735,France,Male,30,10,185646.33,1,1,0,112625.78,1
15603095,Cust3095,559,France,Male,36,1,33572.97,1,0,0,161757.15,0
15603096,Cust3096,600,France,Male,23,2,0.0,1,1,1,59849.23,0
15603097,Cust3097,749,France,Male,36,9,109273.8,2,1,0,160376.17,0
15603098,Cust3098,826,France,Female,38,9,0.0,1,1,1,193322.97,0
15603099,Cust3099,656,France,Male,56,1,61011.07,2,0,0,133313.21,0
15603100,Cust3100,590,Spain,Male,51,9,55578.69,2,1,1,150560.54,0
15603101,Cust3101,812,France,Male,28,7,0.0,2,1,0,162547.75,0
15603102,Cust3102,590,Spain,Male,40,1,96590.13,3,0,0,174733.59,0
15603103,Cust3103,682,Spain,Female,40,6,162269.35,2,0,1,29465.54,0
15603104,Cust3104,609,Germany,Male,36,2,49412.27,2,1,0,70640.37,0
15603105,Cust3105,676,Germany,Female,36,5,0.0,2,1,0,106695.41,0
15603106,Cust3106,559,France,Female,34,2,90734.38,3,0,0,74308.1,0
15603107,Cust3107,614,Germany,Male,57,1,114937.93,2,0,1,52727.84,0
15603108,Cust3108,590,France,Female,34,7,0.0,2,1,0,183852.27,0
15603109,Cust3109,714,Spain,Male,41,8,0.0,2,1,1,156486.87,0
15603110,Cust3110,666,France,Male,18,2,0.0,1,0,1,53198.94,0
15603111,Cust3111,734,France,Male,46,6,156806.9,3,0,1,56559.78,0
15603112,Cust3112,571,Germany,Male,50,5,103479.76,1,0,1,130532.57,0
15603113,Cust3113,630,Germany,Male,27,10,97304.53,1,1,0,99152.02,0
15603114,Cust3114,710,France,Male,33,6,0.0,1,1,0,69162.61,1
15603115,Cust3115,732,Germany,Female,43,5,0.0,2,1,1,168803.93,0
15603116,Cust3116,511,France,Male,38,0,114827.56,1,1,0,187477.33,0
15603117,Cust3117,681,Germany,Female,43,10,0.0,2,1,1,79514.09,0
15603118,Cust3118,572,France,Male,35,7,122949.33,2,1,0,133062.49,0
15603119,Cust3119,737,France,Female,57,2,0.0,1,1,0,74383.76,1
15603120,Cust3120,829,France,Male,31,0,45514.7,2,1,0,191441.01,0
15603121,Cust3121,399,France,Male,65,2,0.0,1,1,1,87502.81,0
15603122,Cust3122,587,France,Male,50,5,107978.53,2,1,0,50209.75,0
15603123,Cust3123,675,France,Female,46,10,147667.9,2,1,1,86365.1,0
15603124,Cust3124,650,France,Female,28,6,0.0,1,0,1,71173.37,0
15603125,Cust3125,740,France,Male,47,1,170623.92,1,1,0,107242.38,1
15603126,Cust3126,658,Germany,Female,44,2,0.0,1,0,0,28636.18,0
15603127,Cust3127,599,France,Female,18,2,180603.74,2,0,0,127814.24,0
15603128,Cust3128,552,Germany,Female,24,0,51184.27,2,1,0,157260.56,0
15603129,Cust3129,536,Spain,Male,42,1,163698.71,1,1,1,60718.4,0
15603130,Cust3130,579,France,Female,37,1,77857.89,1,0,0,58368.11,0
15603131,Cust3131,596,Spain,Female,33,7,0.0,2,1,0,74165.48,0
15603132,Cust3132,687,France,Male,49,7,1000.0,2,1,0,108000.65,1
15603133,Cust3133,635,France,Male,29,8,124412.64,1,0,1,30469.89,0
15603134,Cust3134,588,Germany,Male,33,2,0.0,1,1,1,115433.56,0
15603135,Cust3135,553,Spain,Female,32,9,0.0,1,0,0,135840.99,0
15603136,Cust3136,583,Spain,Male,43,4,0.0,1,1,0,196043.29,0
15603137,Cust3137,596,France,Male,21,1,145408.87,2,0,1,193411.0,0
15603138,Cust3138,578,Spain,Male,33,1,107151.22,2,1,1,71070.31,0
15603139,Cust3139,715,France,Female,21,3,0.0,2,1,1,136973.8,0
15603140,Cust3140,781,France,Female,35,0,0.0,2,1,0,149493.04,0
15603141,Cust3141,537,France,Male,45,3,140848.89,1,1,1,168291.78,1
15603142,Cust3142,757,Spain,Male,45,7,148250.91,1,0,0,27207.39,0
15603143,Cust3143,717,France,Female,31,10,0.0,2,1,1,35492.14,0
15603144,Cust3144,667,Spain,Male,43,0,133691.99,2,1,0,67387.11,0
15603145,Cust3145,797,Germany,Male,36,6,0.0,2,1,1,61563.53,0
15603146,Cust3146,634,Germany,Female,52,2,79086.03,1,1,0,158866.78,0
15603147,Cust3147,689,Germany,Male,37,3,0.0,1,1,1,165067.51,1
15603148,Cust3148,662,Spain,Male,18,7,77585.32,2,1,0,99387.93,0
15603149,Cust3149,655,France,Male,47,3,104800.61,1,1,0,100892.23,0
15603150,Cust3150,694,France,Female,33,4,124251.63,1,0,0,109038.81,0
15603151,Cust3151,654,Germany,Female,35,3,161883.32,2,1,1,17035.98,0
15603152,Cust3152,695,France,Male,41,3,1000.0,2,1,0,86117.34,0
15603153,Cust3153,586,France,Female,24,7,138912.7,1,1,0,28294.53,1
15603154,Cust3154,589,France,Female,39,3,0.0,2,1,0,36173.5,0
15603155,Cust3155,585,France,Female,43,6,0.0,1,0,0,140480.28,0
15603156,Cust3156,615,France,Male,42,8,0.0,2,1,0,113878.27,0
15603157,Cust3157,747,France,Male,32,6,65962.77,2,1,0,93278.59,0
15603158,Cust3158,606,Spain,Female,48,8,0.0,2,1,1,154447.82,0
15603159,Cust3159,713,France,Male,28,5,0.0,1,0,0,120825.69,1
15603160,Cust3160,675,Spain,Male,32,5,91011.2,2,0,1,60643.26,0
15603161,Cust3161,608,Spain,Male,37,0,176296.41,2,1,1,136346.41,0
15603162,Cust3162,776,France,Female,41,7,99488.82,1,1,0,65286.39,0
15603163,Cust3163,721,Germany,Male,35,7,114399.73,1,1,0,31968.41,0
15603164,Cust3164,650,Germany,Male,50,5,62288.3,3,1,1,191564.29,0
15603165,Cust3165,642,Germany,Female,41,7,78962.82,2,1,1,168532.0,0
15603166,Cust3166,659,France,Male,39,7,118266.21,4,1,1,114454.27,0
15603167,Cust3167,503,France,Male,41,1,1000.0,1,1,1,29098.1,0
15603168,Cust3168,571,France,Male,45,2,104126.16,1,1,0,91404.08,1
15603169,Cust3169,694,Germany,Male,40,7,0.0,1,0,0,119824.34,0
15603170,Cust3170,498,Spain,Female,20,1,0.0,2,1,0,73825.8,1
15603171,Cust3171,578,Germany,Male,49,9,164475.39,2,1,0,47439.17,0
15603172,Cust3172,612,Germany,Female,39,3,0.0,1,0,0,106878.98,0
15603173,Cust3173,850,Spain,Male,45,6,89011.26,1,1,0,178613.33,0
15603174,Cust3174,715,Germany,Male,34,5,81611.82,2,1,1,71016.04,0
15603175,Cust3175,755,France,Male,20,7,0.0,1,1,1,175841.19,0
15603176,Cust3176,573,Spain,Male,18,3,0.0,1,1,0,82793.09,0
15603177,Cust3177,685,France,Male,29,7,0.0,3,1,0,64151.51,1
15603178,Cust3178,481,France,Male,43,1,150255.29,2,1,0,174378.16,0
15603179,Cust3179,618,Germany,Female,51,3,162463.94,2,0,0,28732.19,0
15603180,Cust3180,699,Spain,Male,41,0,151229.39,3,1,0,155465.16,0
15603181,Cust3181,514,France,Female,27,1,131765.56,2,0,1,100916.26,0
15603182,Cust3182,688,France,Male,30,0,55831.61,1,1,1,25995.95,0
15603183,Cust3183,696,France,Male,52,5,96163.36,2,1,1,138416.65,0
15603184,Cust3184,592,France,Female,25,0,0.0,2,1,1,80950.3,0
15603185,Cust3185,570,France,Male,59,2,0.0,3,1,0,154056.47,1
15603186,Cust3186,581,Germany,Male,57,5,117322.87,1,1,0,108225.71,1
15603187,Cust3187,617,Spain,Male,59,7,32325.02,2,0,0,163145.0,1
15603188,Cust3188,620,France,Male,42,0,0.0,2,1,1,15481.22,0
15603189,Cust3189,699,France,Female,35,7,69281.76,1,0,1,102688.73,0
15603190,Cust3190,599,France,Male,42,5,0.0,2,1,1,105506.98,0
15603191,Cust3191,804,France,Female,47,0,0.0,1,1,1,172637.62,0
15603192,Cust3192,803,Germany,Male,31,1,97334.16,1,0,0,173213.32,1
15603193,Cust3193,673,Germany,Male,27,10,140096.5,1,1,1,101690.78,0
15603194,Cust3194,617,Germany,Male,35,4,141943.19,2,1,0,63119.41,0
15603195,Cust3195,599,France,Male,30,10,82027.68,1,1,1,94203.92,0
15603196,Cust3196,680,Germany,Female,50,5,134361.38,2,1,0,148060.56,1
15603197,Cust3197,697,France,Female,32,1,143034.09,1,1,1,25551.95,0
15603198,Cust3198,631,France,Male,39,8,65153.84,1,1,1,195720.25,0
15603199,Cust3199,612,Spain,Male,48,5,143332.73,1,1,0,131535.07,0
15603200,Cust3200,684,Spain,Female,51,4,84793.0,2,1,1,91630.59,0
15603201,Cust3201,657,Spain,Male,40,2,0.0,1,1,0,123286.91,0
15603202,Cust3202,595,Spain,Male,42,4,68379.05,2,1,1,179869.01,0
15603203,Cust3203,661,Germany,Male,28,10,0.0,2,1,0,87038.59,1
15603204,Cust3204,592,Spain,Male,48,2,0.0,2,1,0,53794.26,0
15603205,Cust3205,578,France,Male,51,6,7093.27,2,1,1,137249.36,0
15603206,Cust3206,650,France,Male,19,0,117355.39,2,0,0,21385.59,0
15603207,Cust3207,595,France,Female,56,7,115543.99,2,1,1,82018.72,1
15603208,Cust3208,580,France,Male,31,9,87434.42,1,1,0,50390.8,0
15603209,Cust3209,750,France,Female,44,10,103773.24,1,0,0,153122.04,0
15603210,Cust3210,612,France,Female,39,8,129153.97,3,1,0,173337.0,1
15603211,Cust3211,827,Germany,Male,37,7,22628.8,2,1,1,163188.7,0
15603212,Cust3212,710,Spain,Male,36,6,1000.0,2,1,0,30356.37,0
15603213,Cust3213,571,Germany,Male,28,9,136084.73,2,0,0,37902.53,0
15603214,Cust3214,761,France,Female,43,0,0.0,2,0,0,186787.04,0
15603215,Cust3215,581,Germany,Male,35,2,123218.46,1,1,0,128313.97,1
15603216,Cust3216,839,France,Female,25,0,0.0,1,0,0,62803.25,1
15603217,Cust3217,672,France,Female,28,2,107967.1,1,0,1,124118.01,0
15603218,Cust3218,702,France,Female,25,2,147080.14,2,1,1,148868.23,0
15603219,Cust3219,653,France,Male,33,4,108570.56,2,1,0,138246.97,0
15603220,Cust3220,676,France,Female,43,7,75934.08,1,1,0,80393.44,0
15603221,Cust3221,628,Spain,Female,31,9,109266.01,1,1,1,127866.15,0
15603222,Cust3222,561,Spain,Female,48,6,159655.55,2,0,1,27635.61,0
15603223,Cust3223,683,Germany,Male,37,0,0.0,2,1,1,183788.54,0
15603224,Cust3224,748,France,Female,35,1,48396.17,2,1,1,162351.43,0
15603225,Cust3225,536,Spain,Male,38,4,176594.68,1,0,0,177553.14,1
15603226,Cust3226,798,Germany,Female,52,6,85541.75,1,0,0,60227.67,1
15603227,Cust3227,708,France,Male,24,9,67978.17,2,1,0,55880.05,0
15603228,Cust3228,608,Germany,Male,55,4,71241.6,1,1,0,117039.52,0
15603229,Cust3229,606,France,Female,48,1,121691.85,1,1,0,81917.87,1
15603230,Cust3230,829,France,Male,38,1,71887.21,1,0,0,48425.42,1
15603231,Cust3231,740,France,Female,50,6,25389.96,2,1,0,161717.36,0
15603232,Cust3232,759,Germany,Female,35,10,119396.15,1,1,1,27201.81,0
15603233,Cust3233,626,France,Female,41,0,0.0,1,1,0,16004.55,1
15603234,Cust3234,703,France,Female,33,0,103498.33,1,0,0,167628.88,0
15603235,Cust3235,684,France,Male,48,0,52887.73,2,1,0,52219.0,0
15603236,Cust3236,633,Spain,Male,31,6,0.0,2,1,1,176678.57,0
15603237,Cust3237,660,France,Female,37,3,119180.04,2,0,0,116415.54,0
15603238,Cust3238,757,France,Male,45,9,103795.49,1,1,1,124997.9,0
15603239,Cust3239,804,France,Male,48,8,113470.16,2,0,0,14918.29,0
15603240,Cust3240,626,Spain,Male,30,5,0.0,1,1,1,94450.99,0
15603241,Cust3241,524,Germany,Male,46,0,0.0,2,0,0,183733.49,0
15603242,Cust3242,808,Spain,Female,28,6,0.0,2,1,0,151825.55,1
15603243,Cust3243,809,France,Male,18,4,0.0,1,0,1,59646.92,0
15603244,Cust3244,688,France,Male,31,9,48049.52,2,1,1,18692.71,0
15603245,Cust3245,822,Germany,Female,46,8,0.0,1,1,1,37846.75,1
15603246,Cust3246,681,France,Female,38,10,78045.21,3,1,0,161111.23,0
15603247,Cust3247,563,Spain,Male,33,4,20486.96,2,0,1,104372.25,0
15603248,Cust3248,524,Spain,Female,39,3,121347.9,1,1,0,103011.63,0
15603249,Cust3249,523,France,Male,38,5,146003.49,2,1,1,173241.96,0
15603250,Cust3250,650,Spain,Female,44,9,51781.72,2,1,0,97085.31,0
15603251,Cust3251,605,Germany,Male,22,5,21995.38,3,1,0,95303.98,1
15603252,Cust3252,594,France,Male,37,3,0.0,1,1,0,23062.98,0
15603253,Cust3253,640,France,Male,39,9,158180.31,2,0,1,160083.88,0
15603254,Cust3254,732,France,Female,24,4,145563.83,2,0,1,95089.11,0
15603255,Cust3255,597,Spain,Male,24,9,62425.57,1,1,0,188841.56,0
15603256,Cust3256,581,France,Male,34,7,86548.15,2,1,1,53576.7,0
15603257,Cust3257,604,France,Female,38,0,117879.44,2,1,1,46812.42,0
15603258,Cust3258,738,Germany,Male,38,5,139947.94,2,0,1,11610.73,0
15603259,Cust3259,643,France,Female,32,7,93965.54,3,1,0,141344.1,0
15603260,Cust3260,677,France,Male,32,10,219157.98,3,1,1,112773.29,0
15603261,Cust3261,799,Germany,Male,34,5,127051.08,2,1,1,64511.98,0
15603262,Cust3262,850,France,Male,41,0,0.0,1,0,0,73528.74,0
15603263,Cust3263,711,France,Male,50,3,0.0,2,1,0,68267.36,0
15603264,Cust3264,702,France,Male,18,10,110435.09,1,1,1,83475.24,0
15603265,Cust3265,536,France,Male,44,5,117421.24,2,1,1,68937.69,0
15603266,Cust3266,685,France,Female,37,4,49528.25,3,0,0,93460.78,1
15603267,Cust3267,656,Spain,Male,43,9,0.0,1,0,0,170892.49,0
15603268,Cust3268,736,Spain,Male,50,4,0.0,1,0,1,111335.25,1
15603269,Cust3269,612,France,Female,30,8,85609.06,2,0,1,157785.39,0
15603270,Cust3270,669,Spain,Male,47,0,107498.4,1,1,1,119191.2,0
15603271,Cust3271,708,Germany,Female,25,6,79968.52,1,1,0,63296.24,1
15603272,Cust3272,832,Germany,Female,39,0,98891.64,1,0,1,194186.71,0
15603273,Cust3273,800,Germany,Male,36,1,0.0,2,1,1,45764.32,0
15603274,Cust3274,772,Germany,Female,38,5,0.0,1,1,0,190508.51,0
15603275,Cust3275,720,Spain,Female,28,6,37819.27,1,1,0,187924.29,0
15603276,Cust3276,609,France,Male,42,1,0.0,3,1,1,45845.48,0
15603277,Cust3277,720,Germany,Female,54,5,0.0,2,1,0,41627.82,0
15603278,Cust3278,576,France,Male,28,4,0.0,2,1,0,66299.66,0
15603279,Cust3279,630,France,Female,40,4,170148.76,1,0,1,125777.65,0
15603280,Cust3280,821,Germany,Male,47,8,136784.45,2,1,1,92209.66,0
15603281,Cust3281,702,France,Male,35,10,0.0,1,1,0,171889.77,0
15603282,Cust3282,672,France,Female,52,0,110538.74,3,0,0,196319.38,0
15603283,Cust3283,684,France,Male,34,10,83750.84,1,1,0,94786.56,0
15603284,Cust3284,641,France,Female,37,0,40733.54,2,0,1,13714.88,0
15603285,Cust3285,443,Germany,Female,28,10,144662.03,3,1,0,195663.83,0
15603286,Cust3286,529,Germany,Female,39,6,204883.44,1,1,1,90555.12,0
15603287,Cust3287,709,France,Female,38,8,158229.64,1,0,1,105920.63,0
15603288,Cust3288,562,France,Female,44,2,45234.83,1,1,0,129460.11,0
15603289,Cust3289,640,France,Female,32,6,0.0,1,0,1,155211.27,0
15603290,Cust3290,532,France,Female,31,6,72156.49,2,1,0,101900.45,0
15603291,Cust3291,581,Germany,Male,43,3,0.0,1,1,0,18328.13,0
15603292,Cust3292,650,Germany,Female,52,5,66511.76,1,1,0,128612.05,0
15603293,Cust3293,739,France,Male,44,10,107180.48,1,0,1,95893.21,0
15603294,Cust3294,758,France,Male,56,1,0.0,1,1,0,113373.92,0
15603295,Cust3295,579,Spain,Male,44,5,56172.5,2,1,1,62874.83,0
15603296,Cust3296,679,Spain,Male,43,3,152683.91,1,1,1,11863.98,0
15603297,Cust3297,513,France,Male,45,2,216647.68,1,1,0,35823.73,0
15603298,Cust3298,655,France,Male,53,5,1000.0,1,1,1,120833.81,0
15603299,Cust3299,742,France,Female,50,1,147491.48,1,1,1,133027.44,0
15603300,Cust3300,644,Spain,Female,27,1,0.0,1,0,1,34504.74,0
15603301,Cust3301,776,France,Female,46,9,79247.05,1,0,1,93611.71,0
15603302,Cust3302,730,France,Female,41,3,43060.44,1,0,1,129856.34,0
15603303,Cust3303,673,Spain,Female,36,3,0.0,1,0,0,91534.8,1
15603304,Cust3304,626,Germany,Female,20,7,125798.5,2,1,0,143048.58,0
15603305,Cust3305,599,France,Male,23,8,105441.31,2,1,0,187554.17,0
15603306,Cust3306,510,France,Female,34,9,134942.49,3,0,1,72666.83,0
15603307,Cust3307,526,France,Male,23,6,0.0,2,0,1,160887.76,0
15603308,Cust3308,746,Germany,Male,35,2,0.0,1,0,1,55850.43,0
15603309,Cust3309,795,France,Male,45,3,114925.12,1,1,0,120216.29,0
15603310,Cust3310,546,Spain,Female,32,7,0.0,2,0,0,176270.09,0
15603311,Cust3311,657,Spain,Female,39,9,0.0,2,1,0,176931.36,0
15603312,Cust3312,499,Germany,Male,27,10,122938.64,1,0,1,89784.39,0
15603313,Cust3313,556,Germany,Female,41,9,0.0,2,0,0,167028.68,0
15603314,Cust3314,675,France,Male,43,6,96651.34,1,1,0,100137.25,1
15603315,Cust3315,600,France,Male,24,1,174449.01,1,1,0,133312.08,0
15603316,Cust3316,466,Germany,Male,30,4,85346.45,2,1,1,111516.93,1
15603317,Cust3317,815,France,Male,25,1,23922.59,3,1,0,116893.01,1
15603318,Cust3318,645,France,Female,43,4,39405.93,2,0,1,23790.91,0
15603319,Cust3319,544,France,Male,40,6,0.0,3,1,0,171332.15,0
15603320,Cust3320,662,France,Male,38,7,118508.92,1,1,0,69243.7,0
15603321,Cust3321,642,France,Male,37,2,186880.87,1,1,1,31338.77,0
15603322,Cust3322,690,Germany,Female,41,7,0.0,1,1,0,79280.27,1
15603323,Cust3323,617,Spain,Female,41,3,141158.4,1,1,0,26271.06,0
15603324,Cust3324,680,Germany,Female,33,7,0.0,2,0,1,16114.78,0
15603325,Cust3325,741,Spain,Female,32,10,0.0,1,0,1,81737.95,0
15603326,Cust3326,523,France,Female,37,3,0.0,1,1,1,105035.17,0
15603327,Cust3327,583,Spain,Male,36,1,104883.68,3,1,0,181286.22,0
15603328,Cust3328,731,Germany,Male,59,10,60453.45,1,1,0,84240.6,0
15603329,Cust3329,597,France,Male,34,5,0.0,1,0,0,163697.87,0
15603330,Cust3330,642,Spain,Male,41,2,82486.69,3,0,1,128819.05,1
15603331,Cust3331,605,France,Male,43,3,21876.52,1,1,1,98815.3,0
15603332,Cust3332,611,France,Male,52,5,0.0,2,1,0,19975.71,1
15603333,Cust3333,603,France,Male,30,3,85478.67,1,1,1,172064.03,0
15603334,Cust3334,529,France,Male,51,9,139879.36,1,0,1,127705.11,0
15603335,Cust3335,694,France,Male,37,4,0.0,1,1,0,52033.93,0
15603336,Cust3336,752,Germany,Male,63,5,0.0,1,1,0,63378.17,1
15603337,Cust3337,633,Spain,Female,42,2,79598.03,1,0,0,151694.76,0
15603338,Cust3338,741,France,Female,26,7,0.0,2,1,1,165514.78,0
15603339,Cust3339,603,Germany,Male,36,8,0.0,2,0,0,148282.68,1
15603340,Cust3340,597,France,Male,51,6,152625.97,1,1,0,50316.73,0
15603341,Cust3341,689,Spain,Male,39,8,0.0,1,1,1,24873.97,0
15603342,Cust3342,691,France,Male,37,3,73567.99,2,1,1,93657.57,0
15603343,Cust3343,639,France,Male,45,5,0.0,1,1,1,112953.5,1
15603344,Cust3344,715,Germany,Male,35,8,0.0,1,1,1,113120.16,0
15603345,Cust3345,526,Germany,Female,36,9,0.0,3,1,0,115166.05,1
15603346,Cust3346,621,Spain,Female,29,3,0.0,3,1,1,145080.76,0
15603347,Cust3347,743,Germany,Female,55,1,120661.24,1,1,1,118328.64,1
15603348,Cust3348,742,Spain,Female,26,8,48452.11,1,1,1,55771.04,0
15603349,Cust3349,730,France,Female,40,5,0.0,2,1,0,18482.2,0
15603350,Cust3350,748,France,Female,43,0,77655.14,1,1,0,101720.61,0
15603351,Cust3351,614,France,Female,38,9,99441.18,2,1,1,46798.19,0
15603352,Cust3352,486,France,Female,25,5,115242.02,1,1,0,88305.27,1
15603353,Cust3353,625,France,Female,28,6,0.0,1,0,0,54215.44,0
15603354,Cust3354,711,France,Female,43,3,84084.15,2,0,1,102306.26,1
15603355,Cust3355,727,France,Female,30,10,107313.76,1,1,1,55165.85,1
15603356,Cust3356,599,Germany,Male,18,4,32497.41,1,1,0,67861.37,1
15603357,Cust3357,557,France,Male,42,6,85373.77,2,1,0,46961.64,0
15603358,Cust3358,567,Germany,Male,29,5,112910.07,3,1,0,123493.53,1
15603359,Cust3359,598,Germany,Male,44,10,108395.81,1,0,1,140292.77,1
15603360,Cust3360,468,France,Male,36,6,66223.23,2,1,1,112809.92,0
15603361,Cust3361,599,France,Male,36,1,77450.23,1,1,0,199547.97,0
15603362,Cust3362,655,Germany,Male,39,9,32295.96,2,1,1,91519.07,0
15603363,Cust3363,641,Germany,Female,27,0,65056.32,1,1,0,45772.18,0
15603364,Cust3364,618,France,Male,30,5,0.0,1,1,1,166915.81,0
15603365,Cust3365,584,France,Male,35,3,89102.57,1,1,1,96802.08,0
15603366,Cust3366,595,Germany,Male,27,5,0.0,2,0,1,82823.66,1
15603367,Cust3367,597,Germany,Male,45,9,67039.7,1,1,1,112732.29,0
15603368,Cust3368,718,France,Female,35,1,1000.0,2,0,1,36560.0,0
15603369,Cust3369,650,France,Female,24,0,138729.58,1,1,0,183469.42,0
15603370,Cust3370,850,Spain,Male,32,9,0.0,2,0,0,166443.1,0
15603371,Cust3371,618,France,Male,39,2,0.0,3,0,0,186439.59,0
15603372,Cust3372,692,Spain,Male,34,4,0.0,1,1,0,100799.5,0
15603373,Cust3373,620,France,Female,42,10,140326.57,2,0,1,73672.76,0
15603374,Cust3374,618,Germany,Female,44,7,0.0,1,1,1,37519.08,1
15603375,Cust3375,800,France,Female,62,7,131661.36,2,1,0,136671.56,0
15603376,Cust3376,746,France,Male,50,0,31822.95,1,1,1,55470.57,0
15603377,Cust3377,482,Spain,Female,22,4,0.0,1,1,0,68384.04,0
15603378,Cust3378,552,France,Female,34,5,52653.16,2,1,1,13762.31,0
15603379,Cust3379,637,Spain,Female,35,0,36209.44,1,1,1,192798.24,0
15603380,Cust3380,600,France,Male,44,7,0.0,1,0,1,170380.77,0
15603381,Cust3381,505,Spain,Male,29,8,121705.09,1,0,1,146288.48,0
15603382,Cust3382,661,Spain,Male,33,4,101509.52,2,1,0,154031.1,1
15603383,Cust3383,470,Germany,Male,26,10,103555.83,3,1,0,168160.21,0
15603384,Cust3384,662,France,Female,32,10,0.0,2,0,1,52774.68,0
15603385,Cust3385,720,Germany,Male,32,8,0.0,2,1,0,99372.35,0
15603386,Cust3386,734,Germany,Male,35,3,120196.82,3,1,1,93799.72,1
15603387,Cust3387,636,Spain,Female,26,1,110785.16,2,1,0,19195.15,0
15603388,Cust3388,795,France,Male,48,7,0.0,2,0,1,126936.68,0
15603389,Cust3389,682,France,Female,43,5,0.0,2,0,0,35553.7,0
15603390,Cust3390,731,France,Female,24,7,104199.54,3,0,1,118977.25,1
15603391,Cust3391,579,Germany,Female,38,4,81053.06,1,1,1,152506.22,0
15603392,Cust3392,796,Spain,Female,22,1,131636.45,2,0,1,30113.09,0
15603393,Cust3393,650,France,Male,51,9,0.0,2,0,1,43839.42,0
15603394,Cust3394,801,Germany,Male,54,10,95956.62,1,1,0,175578.1,0
15603395,Cust3395,780,Spain,Female,37,8,0.0,2,0,1,148252.1,0
15603396,Cust3396,675,France,Male,29,0,111905.24,2,1,0,159025.37,0
15603397,Cust3397,689,France,Male,31,8,1000.0,2,0,0,40297.65,0
15603398,Cust3398,633,Germany,Female,33,10,97026.18,2,1,0,140505.42,1
15603399,Cust3399,571,Germany,Male,37,4,0.0,1,0,1,36989.62,0
15603400,Cust3400,707,France,Male,52,5,0.0,3,1,0,89760.26,0
15603401,Cust3401,702,Spain,Male,48,0,140637.3,1,0,0,18816.55,0
15603402,Cust3402,495,Germany,Male,48,6,1000.0,1,0,1,72869.88,0
15603403,Cust3403,642,Spain,Female,40,8,130338.72,2,1,1,193905.66,0
15603404,Cust3404,733,Spain,Male,26,2,95245.57,2,1,0,142487.01,1
15603405,Cust3405,791,Spain,Male,30,6,122345.39,2,1,0,18062.81,0
15603406,Cust3406,720,Germany,Male,39,2,0.0,2,1,0,156021.05,0
15603407,Cust3407,504,France,Female,26,1,0.0,2,1,1,84514.7,0
15603408,Cust3408,549,Germany,Male,41,0,106273.03,2,1,0,66024.61,0
15603409,Cust3409,617,France,Male,46,8,47731.97,2,1,1,47254.33,0
15603410,Cust3410,784,Germany,Female,43,2,0.0,1,1,0,90575.58,0
15603411,Cust3411,592,France,Male,43,1,190148.63,4,1,0,59889.89,0
15603412,Cust3412,752,Germany,Female,19,10,0.0,2,1,0,184749.35,0
15603413,Cust3413,590,France,Male,51,8,0.0,2,1,0,143505.6,1
15603414,Cust3414,701,France,Male,22,2,0.0,1,0,1,183485.29,0
15603415,Cust3415,560,France,Male,36,7,0.0,3,1,1,17622.74,0
15603416,Cust3416,631,Germany,Female,44,5,0.0,1,1,1,19053.8,0
15603417,Cust3417,541,Spain,Male,42,0,200226.17,1,1,0,129669.06,1
15603418,Cust3418,789,France,Male,25,2,162320.31,1,1,0,127355.86,0
15603419,Cust3419,583,Spain,Male,27,8,62504.26,3,1,1,146747.02,0
15603420,Cust3420,501,Spain,Male,41,7,67003.4,3,1,1,118035.53,0
15603421,Cust3421,494,France,Female,43,4,89845.33,1,1,1,17653.04,0
15603422,Cust3422,642,Germany,Female,27,10,0.0,2,0,0,141080.33,1
15603423,Cust3423,606,France,Male,42,5,149537.66,2,1,0,167756.59,1
15603424,Cust3424,712,France,Male,23,0,1922.09,1,0,1,143625.53,0
15603425,Cust3425,627,Germany,Male,44,10,118909.03,2,1,0,166135.53,0
15603426,Cust3426,762,France,Female,29,0,0.0,1,1,0,94791.9,0
15603427,Cust3427,613,Spain,Male,39,10,0.0,2,1,1,30686.74,0
15603428,Cust3428,749,Spain,Male,37,0,0.0,1,0,0,180656.51,0
15603429,Cust3429,559,Spain,Female,50,4,185403.01,1,0,0,155485.81,0
15603430,Cust3430,506,Germany,Female,40,0,162774.41,2,1,0,112544.05,1
15603431,Cust3431,571,Germany,Male,32,7,0.0,1,0,1,37764.79,0
15603432,Cust3432,542,Spain,Male,42,3,115305.01,2,1,1,43133.09,0
15603433,Cust3433,531,France,Female,59,5,98395.52,2,1,1,47523.47,0
15603434,Cust3434,690,France,Female,45,2,0.0,1,1,0,40082.48,0
15603435,Cust3435,625,Germany,Male,37,9,91202.61,2,1,1,166065.6,1
15603436,Cust3436,664,France,Male,30,5,0.0,1,1,0,95292.08,0
15603437,Cust3437,701,France,Male,32,3,0.0,2,0,1,66007.25,0
15603438,Cust3438,488,France,Male,45,0,72399.57,1,1,0,74445.16,0
15603439,Cust3439,705,Germany,Male,29,5,0.0,1,0,1,61707.94,0
15603440,Cust3440,534,France,Female,38,7,155430.68,2,1,1,111235.86,0
15603441,Cust3441,595,France,Male,52,1,136074.88,3,1,1,95435.2,0
15603442,Cust3442,468,France,Male,40,5,0.0,1,0,0,180928.07,0
15603443,Cust3443,713,France,Female,27,10,0.0,4,1,1,43838.19,0
15603444,Cust3444,488,Spain,Male,60,9,0.0,2,1,1,172888.12,0
15603445,Cust3445,535,France,Male,56,9,129407.71,1,1,0,70143.04,0
15603446,Cust3446,542,Germany,Female,43,9,0.0,2,1,0,195638.85,0
15603447,Cust3447,638,Spain,Male,51,3,69320.71,2,0,1,141518.23,0
15603448,Cust3448,635,France,Female,35,1,239713.74,2,1,1,186213.34,0
15603449,Cust3449,728,Spain,Male,45,6,0.0,1,1,0,181399.35,0
15603450,Cust3450,640,Germany,Male,34,7,105485.84,2,0,0,103199.16,0
15603451,Cust3451,743,Germany,Female,24,4,0.0,2,1,0,92017.67,0
15603452,Cust3452,686,France,Male,64,2,155084.44,2,1,0,43960.3,0
15603453,Cust3453,559,France,Male,24,1,49882.62,2,1,0,76468.95,1
15603454,Cust3454,586,Spain,Male,41,5,0.0,1,1,0,68197.51,0
15603455,Cust3455,795,Spain,Female,41,0,150809.21,1,1,1,76950.48,0
15603456,Cust3456,768,Spain,Male,43,7,98880.81,2,1,1,44669.4,1
15603457,Cust3457,729,Spain,Female,37,9,0.0,1,1,1,50900.22,0
15603458,Cust3458,742,France,Female,37,9,71621.48,2,1,0,163937.91,0
15603459,Cust3459,695,Spain,Male,39,3,0.0,1,1,1,161029.62,0
15603460,Cust3460,682,France,Male,43,1,74801.98,2,1,1,173822.96,0
15603461,Cust3461,655,Spain,Male,38,5,26316.07,1,0,0,44987.77,0
15603462,Cust3462,813,France,Female,37,8,143336.72,2,1,0,190999.21,0
15603463,Cust3463,605,France,Male,25,9,58170.73,1,1,1,58256.26,1
15603464,Cust3464,673,Spain,Female,58,1,41645.62,3,1,1,47690.92,0
15603465,Cust3465,486,Spain,Male,43,0,54074.06,2,0,0,36004.02,1
15603466,Cust3466,513,Germany,Male,40,1,0.0,1,1,0,36784.36,1
15603467,Cust3467,824,France,Female,32,6,65035.38,1,0,1,62423.76,0
15603468,Cust3468,709,France,Male,28,1,182047.18,2,1,0,196348.66,0
15603469,Cust3469,630,Spain,Male,47,10,0.0,1,1,0,147156.59,0
15603470,Cust3470,658,France,Female,36,3,0.0,2,1,1,111894.14,0
15603471,Cust3471,520,France,Female,44,8,0.0,2,1,1,76656.29,0
15603472,Cust3472,609,Germany,Male,24,3,142102.14,2,1,0,122595.6,1
15603473,Cust3473,510,France,Male,53,2,113093.5,1,1,0,99829.69,0
15603474,Cust3474,622,Germany,Male,47,0,67552.62,1,1,0,180015.02,0
15603475,Cust3475,715,France,Female,37,2,0.0,1,1,0,61992.48,1
15603476,Cust3476,694,Spain,Male,43,8,108724.38,1,1,1,46822.21,0
15603477,Cust3477,803,Spain,Female,45,8,0.0,2,1,1,63060.11,0
15603478,Cust3478,678,Spain,Female,25,7,36363.52,2,1,1,152467.18,0
15603479,Cust3479,412,Germany,Female,55,0,153417.63,1,1,1,115831.65,1
15603480,Cust3480,837,France,Male,43,3,0.0,1,1,0,147637.11,0
15603481,Cust3481,569,Germany,Male,31,6,0.0,2,1,0,104017.27,0
15603482,Cust3482,666,Spain,Male,27,10,0.0,2,1,1,87862.99,0
15603483,Cust3483,660,Germany,Male,48,2,0.0,1,0,0,59089.55,0
15603484,Cust3484,673,Germany,Male,40,2,80868.3,1,1,0,163363.11,0
15603485,Cust3485,655,Germany,Female,43,9,0.0,1,1,0,77922.39,0
15603486,Cust3486,656,Germany,Male,38,5,178108.19,1,1,1,18791.57,0
15603487,Cust3487,523,Germany,Male,28,4,0.0,2,1,0,67387.93,0
15603488,Cust3488,850,France,Male,43,4,184224.72,2,1,0,40590.91,0
15603489,Cust3489,713,France,Female,36,4,0.0,2,1,1,116555.58,0
15603490,Cust3490,655,Germany,Male,38,5,0.0,4,1,1,105443.99,0
15603491,Cust3491,827,France,Female,62,8,22600.11,1,0,0,101626.4,0
15603492,Cust3492,547,Spain,Female,47,7,95482.3,1,0,1,58497.23,0
15603493,Cust3493,733,Germany,Male,47,0,0.0,1,0,1,30290.7,0
15603494,Cust3494,597,France,Female,65,1,96270.96,2,0,0,33770.06,1
15603495,Cust3495,689,Spain,Male,42,6,158641.75,1,1,1,78169.11,0
15603496,Cust3496,691,Germany,Male,39,9,0.0,1,1,0,129590.5,0
15603497,Cust3497,426,Spain,Male,31,10,0.0,1,1,1,14235.38,0
15603498,Cust3498,513,France,Male,33,9,117931.62,2,0,0,12400.63,0
15603499,Cust3499,802,Spain,Female,18,7,0.0,1,1,0,35723.38,0
15603500,Cust3500,626,France,Female,46,2,57686.24,1,1,1,106832.77,0
15603501,Cust3501,842,Germany,Male,25,0,141835.5,1,1,1,73927.88,0
15603502,Cust3502,776,France,Female,47,8,54649.15,1,0,0,94789.12,0
15603503,Cust3503,629,Germany,Male,38,9,117712.92,2,1,1,68892.47,0
15603504,Cust3504,620,Germany,Male,39,4,0.0,2,0,0,140775.39,0
15603505,Cust3505,808,Germany,Female,38,1,55044.68,2,1,0,68342.83,0
15603506,Cust3506,850,France,Male,52,8,0.0,2,1,0,49880.07,0
15603507,Cust3507,622,Spain,Female,50,4,0.0,1,0,0,155297.24,0
15603508,Cust3508,798,Germany,Male,38,7,0.0,2,0,1,193405.67,1
15603509,Cust3509,749,France,Female,29,1,0.0,2,1,0,117142.72,0
15603510,Cust3510,765,Spain,Male,47,3,147045.2,2,0,1,21869.01,0
15603511,Cust3511,660,Germany,Male,28,7,150578.41,1,1,1,162485.55,0
15603512,Cust3512,585,Spain,Female,22,9,133648.29,1,0,0,92027.07,0
15603513,Cust3513,549,Spain,Male,43,2,0.0,2,0,1,141921.16,0
15603514,Cust3514,525,Spain,Male,50,8,1000.0,3,1,0,121233.1,0
15603515,Cust3515,833,Spain,Female,34,2,0.0,3,1,1,105624.33,0
15603516,Cust3516,651,Germany,Male,42,8,0.0,1,1,0,80551.55,0
15603517,Cust3517,540,France,Male,34,4,66632.01,1,0,1,50227.25,0
15603518,Cust3518,746,Germany,Male,45,7,98270.0,2,1,0,83821.64,0
15603519,Cust3519,604,Spain,Female,49,3,179997.53,1,0,0,41476.21,0
15603520,Cust3520,588,Germany,Female,35,0,123883.54,2,0,1,138004.32,0
15603521,Cust3521,849,Spain,Female,28,8,121227.09,4,1,0,27652.06,0
15603522,Cust3522,522,France,Male,23,0,0.0,1,1,0,146218.33,0
15603523,Cust3523,673,France,Male,47,5,0.0,1,1,1,161892.41,0
15603524,Cust3524,593,Germany,Male,27,0,0.0,1,1,0,127133.95,0
15603525,Cust3525,578,France,Male,42,6,118529.3,1,1,1,166715.63,0
15603526,Cust3526,509,France,Female,46,1,0.0,2,1,1,76023.88,0
15603527,Cust3527,656,France,Male,33,1,0.0,3,1,1,105462.75,0
15603528,Cust3528,566,Spain,Female,36,10,100776.94,2,1,0,106011.8,0
15603529,Cust3529,707,France,Female,48,10,54873.73,1,1,1,131432.84,0
15603530,Cust3530,645,France,Female,30,4,68321.81,2,0,1,99864.76,0
15603531,Cust3531,620,France,Male,29,3,0.0,1,1,1,22268.19,0
15603532,Cust3532,567,France,Male,36,7,0.0,1,1,0,108328.24,1
15603533,Cust3533,787,France,Female,51,4,85518.57,2,1,0,16190.71,0
15603534,Cust3534,721,Germany,Female,54,1,144296.36,2,1,0,93482.85,0
15603535,Cust3535,585,Spain,Male,37,2,0.0,1,1,0,17109.6,0
15603536,Cust3536,520,France,Female,31,6,37633.34,1,1,1,102011.18,0
15603537,Cust3537,469,Germany,Female,49,10,9329.74,3,1,1,81218.99,1
15603538,Cust3538,759,France,Male,21,7,116312.55,2,1,0,107296.97,0
15603539,Cust3539,737,France,Female,40,6,130528.78,1,0,1,111243.08,0
15603540,Cust3540,750,Spain,Male,38,8,0.0,3,0,1,161016.32,0
15603541,Cust3541,638,Germany,Female,51,0,118800.26,1,1,1,189109.23,0
15603542,Cust3542,727,Spain,Male,52,6,67864.88,1,1,0,57726.24,0
15603543,Cust3543,749,France,Male,29,2,0.0,1,1,1,183419.94,0
15603544,Cust3544,643,France,Male,40,4,0.0,1,0,0,82036.86,0
15603545,Cust3545,616,France,Female,32,5,22888.67,1,0,1,42007.6,0
15603546,Cust3546,556,France,Female,35,8,73959.72,1,1,0,124753.87,1
15603547,Cust3547,691,Spain,Male,44,2,0.0,2,1,0,85059.76,1
15603548,Cust3548,704,France,Male,35,10,0.0,1,1,1,71568.76,0
15603549,Cust3549,611,Spain,Male,40,6,93293.24,1,0,0,128879.45,0
15603550,Cust3550,622,Spain,Male,48,3,141648.09,2,1,1,142486.3,0
15603551,Cust3551,629,Germany,Female,53,3,121260.6,1,1,0,95486.01,0
15603552,Cust3552,726,France,Male,41,1,0.0,2,1,0,63449.31,0
15603553,Cust3553,518,Germany,Female,39,3,147325.61,1,1,0,159594.69,0
15603554,Cust3554,544,France,Female,27,1,0.0,2,0,0,133308.45,0
15603555,Cust3555,546,Spain,Male,54,8,137634.57,3,1,1,130044.85,0
15603556,Cust3556,636,France,Male,43,8,94971.43,1,1,1,184711.25,0
15603557,Cust3557,680,Spain,Female,39,5,0.0,2,1,1,199366.1,0
15603558,Cust3558,547,Germany,Female,39,10,66587.5,2,1,1,19769.75,0
15603559,Cust3559,737,Germany,Female,42,1,120086.74,2,1,0,59101.6,0
15603560,Cust3560,790,Germany,Male,46,9,119099.27,1,1,1,164210.31,0
15603561,Cust3561,690,Germany,Male,47,4,142700.35,1,1,0,30015.82,1
15603562,Cust3562,758,Spain,Female,54,8,94962.65,2,1,1,16335.97,0
15603563,Cust3563,562,France,Male,40,9,0.0,1,0,1,73347.11,1
15603564,Cust3564,564,Spain,Female,56,1,0.0,2,0,0,159870.73,0
15603565,Cust3565,699,Spain,Female,49,9,34804.02,1,1,1,88605.72,1
15603566,Cust3566,646,Spain,Male,37,10,81085.58,1,1,0,51427.82,0
15603567,Cust3567,564,France,Male,21,8,29243.01,1,1,1,43182.1,1
15603568,Cust3568,787,Spain,Male,39,1,103490.45,1,0,1,115102.7,0
15603569,Cust3569,679,France,Female,54,9,149383.98,2,1,1,77456.11,0
15603570,Cust3570,717,Spain,Male,30,3,142439.9,1,0,1,129953.52,0
15603571,Cust3571,585,France,Male,39,1,0.0,2,1,1,160830.18,0
15603572,Cust3572,811,France,Female,40,7,0.0,2,1,1,11752.17,0
15603573,Cust3573,635,France,Female,47,1,0.0,3,1,0,72314.91,0
15603574,Cust3574,748,France,Male,34,6,74874.75,2,0,1,114247.34,0
15603575,Cust3575,594,France,Female,29,0,0.0,2,1,1,138758.82,0
15603576,Cust3576,666,Spain,Male,44,8,154614.75,2,1,0,68475.09,0
15603577,Cust3577,704,France,Female,31,1,0.0,2,0,1,100549.24,0
15603578,Cust3578,842,Germany,Female,20,7,0.0,1,1,1,30927.57,0
15603579,Cust3579,608,France,Male,56,9,143057.93,3,0,1,29385.13,0
15603580,Cust3580,669,Spain,Male,47,1,85169.39,1,1,0,173729.96,0
15603581,Cust3581,707,Spain,Male,57,0,34089.51,1,1,1,112884.37,0
15603582,Cust3582,514,France,Female,47,9,156832.36,1,0,1,98488.75,0
15603583,Cust3583,441,Germany,Female,45,5,20245.28,2,1,0,93660.71,0
15603584,Cust3584,554,Spain,Male,42,5,1000.0,2,1,1,191162.89,0
15603585,Cust3585,743,Spain,Female,36,2,35696.42,2,0,1,90844.09,0
15603586,Cust3586,815,France,Male,43,5,81203.71,1,0,1,60241.5,0
15603587,Cust3587,561,France,Female,32,9,29000.26,1,0,1,29087.23,0
15603588,Cust3588,533,Spain,Female,27,9,45728.98,1,1,1,162880.11,1
15603589,Cust3589,797,France,Male,35,8,0.0,1,0,1,189568.27,0
15603590,Cust3590,596,Spain,Male,51,3,0.0,1,0,0,186626.03,1
15603591,Cust3591,614,France,Female,26,8,0.0,1,1,0,43021.89,0
15603592,Cust3592,790,Spain,Female,26,4,110341.52,4,0,1,132731.9,0
15603593,Cust3593,774,France,Male,44,4,174581.68,2,1,1,111542.52,0
15603594,Cust3594,740,France,Female,34,3,0.0,1,1,0,88113.04,0
15603595,Cust3595,486,Spain,Male,43,10,57250.58,1,1,1,164865.79,1
15603596,Cust3596,529,Spain,Male,48,1,0.0,3,1,1,180906.19,0
15603597,Cust3597,758,Spain,Female,43,9,0.0,2,0,0,36695.65,0
15603598,Cust3598,681,Spain,Male,32,10,0.0,2,1,0,11985.6,0
15603599,Cust3599,575,France,Female,51,7,163582.85,2,1,1,47918.01,1
15603600,Cust3600,617,France,Female,45,0,0.0,1,0,0,164005.98,0
15603601,Cust3601,757,France,Male,38,6,96341.96,1,0,0,184164.86,0
15603602,Cust3602,797,Germany,Male,38,1,93912.39,1,1,0,139603.76,0
15603603,Cust3603,649,France,Male,42,3,166188.44,2,1,0,14323.33,1
15603604,Cust3604,584,Spain,Male,35,0,140877.09,3,0,1,120321.67,0
15603605,Cust3605,624,France,Female,22,8,0.0,1,1,1,90405.38,0
15603606,Cust3606,779,France,Male,46,5,137599.71,2,0,1,158654.73,0
15603607,Cust3607,777,France,Female,45,10,86666.12,2,1,0,153247.25,1
15603608,Cust3608,669,France,Male,18,7,112555.29,2,1,1,48565.39,0
15603609,Cust3609,599,France,Male,43,3,41713.03,2,0,1,70833.13,0
15603610,Cust3610,754,Germany,Female,56,8,7423.65,2,1,1,51827.56,1
15603611,Cust3611,806,France,Male,27,3,0.0,2,1,0,110849.97,0
15603612,Cust3612,510,Germany,Female,37,2,54728.66,2,1,1,26468.96,0
15603613,Cust3613,628,Spain,Female,36,2,0.0,2,1,1,123274.11,0
15603614,Cust3614,761,Germany,Female,55,7,69311.0,1,1,1,101467.81,0
15603615,Cust3615,657,Germany,Male,49,10,0.0,2,1,1,116958.53,1
15603616,Cust3616,603,France,Male,29,9,111230.94,2,1,1,169458.36,0
15603617,Cust3617,668,France,Female,41,5,133336.85,2,1,1,103142.81,0
15603618,Cust3618,686,France,Male,61,0,132882.92,1,1,1,159753.05,0
15603619,Cust3619,542,Spain,Female,32,10,160102.48,1,1,1,187809.84,0
15603620,Cust3620,659,Germany,Female,38,4,0.0,1,1,1,28203.96,0
15603621,Cust3621,685,France,Female,43,6,0.0,2,0,0,25542.65,0
15603622,Cust3622,603,France,Female,32,4,145746.35,1,1,0,45867.99,0
15603623,Cust3623,575,Spain,Female,56,3,112750.34,1,1,1,148430.07,1
15603624,Cust3624,598,Germany,Male,33,3,135811.65,2,1,0,131284.12,1
15603625,Cust3625,557,Germany,Female,24,6,0.0,2,0,1,124925.57,0
15603626,Cust3626,732,Spain,Female,33,4,87574.52,2,1,1,138249.83,0
15603627,Cust3627,556,Germany,Male,45,1,0.0,1,0,1,97604.58,0
15603628,Cust3628,668,Germany,Female,30,4,0.0,2,1,0,65909.81,0
15603629,Cust3629,614,France,Male,41,4,40164.9,1,1,0,46006.16,0
15603630,Cust3630,582,France,Male,44,6,78920.12,1,1,1,188563.03,0
15603631,Cust3631,782,Spain,Female,26,4,139621.67,2,1,1,57888.3,0
15603632,Cust3632,637,Germany,Female,32,2,0.0,1,0,1,75475.95,0
15603633,Cust3633,586,France,Male,41,6,0.0,1,1,1,147322.97,0
15603634,Cust3634,577,Germany,Female,45,9,0.0,1,1,0,152905.35,1
15603635,Cust3635,683,France,Male,33,4,162656.19,2,0,1,110795.74,0
15603636,Cust3636,729,Spain,Male,40,6,0.0,2,1,1,108866.28,0
15603637,Cust3637,772,France,Male,35,5,0.0,2,1,0,193708.19,0
15603638,Cust3638,634,Spain,Female,45,3,105529.84,1,1,1,98410.1,0
15603639,Cust3639,628,Germany,Male,43,9,118886.33,1,1,0,180868.21,0
15603640,Cust3640,663,France,Male,34,10,53218.57,4,0,0,197475.48,0
15603641,Cust3641,666,France,Female,43,1,169835.64,1,0,0,22956.78,0
15603642,Cust3642,576,Spain,Male,34,6,125088.45,2,1,0,135048.16,1
15603643,Cust3643,790,France,Male,43,10,0.0,1,0,1,193080.56,0
15603644,Cust3644,652,France,Male,43,5,125979.76,1,1,1,94911.12,0
15603645,Cust3645,701,Spain,Female,62,5,0.0,2,1,0,82797.11,1
15603646,Cust3646,691,France,Female,35,10,71812.21,1,0,1,81774.81,0
15603647,Cust3647,689,France,Female,37,6,42198.53,2,1,1,154962.64,0
15603648,Cust3648,554,France,Male,32,9,86915.65,1,1,1,137597.74,0
15603649,Cust3649,649,Spain,Male,28,1,71070.74,1,1,1,94009.12,0
15603650,Cust3650,850,France,Female,33,6,112149.92,2,1,1,121543.14,0
15603651,Cust3651,802,France,Male,45,1,87276.97,2,1,1,124204.01,0
15603652,Cust3652,665,France,Male,45,2,0.0,2,1,1,66161.62,0
15603653,Cust3653,615,France,Male,41,8,0.0,1,0,0,12170.35,1
15603654,Cust3654,437,France,Male,35,9,134881.75,4,1,0,11712.74,1
15603655,Cust3655,602,France,Male,33,9,127306.26,1,1,0,95883.92,0
15603656,Cust3656,642,France,Female,29,8,0.0,1,1,1,140728.51,0
15603657,Cust3657,620,France,Male,32,5,60046.97,1,0,0,185281.21,0
15603658,Cust3658,626,Spain,Female,25,4,148706.84,2,1,1,169618.18,0
15603659,Cust3659,710,France,Male,52,1,189546.14,1,0,0,76390.95,0
15603660,Cust3660,554,France,Female,56,8,156412.69,1,1,0,112946.68,0
15603661,Cust3661,676,Spain,Female,19,8,31823.62,1,1,0,95880.33,0
15603662,Cust3662,639,Spain,Female,41,1,0.0,1,0,1,50104.52,0
15603663,Cust3663,565,Germany,Male,41,10,135585.45,1,1,1,50237.42,0
15603664,Cust3664,811,France,Female,40,3,0.0,1,1,1,170179.01,0
15603665,Cust3665,722,France,Male,32,7,63123.1,1,1,0,34542.09,1
15603666,Cust3666,575,France,Female,48,1,33470.53,1,1,1,24244.55,0
15603667,Cust3667,700,France,Female,42,2,167742.72,1,1,0,63190.48,0
15603668,Cust3668,517,France,Female,48,6,78092.9,1,1,0,103430.11,1
15603669,Cust3669,586,Germany,Female,31,4,61763.9,1,1,0,19903.82,0
15603670,Cust3670,777,France,Female,24,0,28121.64,2,1,0,75377.74,0
15603671,Cust3671,684,Germany,Female,42,10,20531.18,2,0,0,167835.98,0
15603672,Cust3672,676,France,Male,28,9,0.0,1,1,0,80945.49,0
15603673,Cust3673,745,France,Male,49,2,141707.42,1,1,0,123278.53,0
15603674,Cust3674,709,Spain,Female,18,7,0.0,1,0,1,192744.79,0
15603675,Cust3675,624,Spain,Female,33,1,0.0,2,1,1,143979.25,0
15603676,Cust3676,740,France,Male,32,7,161449.53,3,0,1,139610.2,0
15603677,Cust3677,488,Germany,Male,35,7,167772.94,2,1,1,194636.87,0
15603678,Cust3678,586,France,Male,41,8,57838.24,3,0,1,28652.6,0
15603679,Cust3679,641,France,Male,42,5,0.0,1,1,1,187983.9,0
15603680,Cust3680,703,Germany,Male,44,0,105752.92,2,1,1,39785.84,0
15603681,Cust3681,619,France,Male,46,2,85919.56,2,0,0,17704.75,0
15603682,Cust3682,479,France,Male,36,10,0.0,1,1,1,98955.48,0
15603683,Cust3683,465,France,Female,59,6,167092.08,2,1,0,178212.35,0
15603684,Cust3684,643,France,Male,52,3,0.0,1,1,0,70219.27,0
15603685,Cust3685,604,France,Male,35,10,110546.32,2,0,1,28160.72,0
15603686,Cust3686,563,France,Male,37,4,0.0,1,1,1,14600.54,0
15603687,Cust3687,547,Spain,Male,35,9,88991.95,1,0,1,84989.59,0
15603688,Cust3688,663,Germany,Male,42,8,0.0,1,1,0,197100.97,1
15603689,Cust3689,775,France,Male,28,0,87981.51,1,1,0,139170.61,1
15603690,Cust3690,663,France,Male,30,10,67228.03,1,0,1,107105.69,0
15603691,Cust3691,776,Germany,Female,18,9,135849.68,1,1,1,49800.61,0
15603692,Cust3692,614,France,Male,34,10,0.0,1,1,0,190617.43,0
15603693,Cust3693,693,Germany,Male,49,6,68514.41,2,1,0,18970.89,0
15603694,Cust3694,780,Spain,Male,36,7,0.0,2,1,1,17561.62,0
15603695,Cust3695,635,France,Male,37,2,176396.37,1,1,1,67407.28,0
15603696,Cust3696,652,France,Male,41,1,0.0,1,1,1,96952.16,0
15603697,Cust3697,614,France,Male,28,1,0.0,2,0,0,179124.4,0
15603698,Cust3698,707,France,Male,38,1,111420.08,1,1,0,145550.24,0
15603699,Cust3699,737,France,Male,47,10,49288.2,1,1,0,85765.89,1
15603700,Cust3700,684,Spain,Female,41,3,112804.74,1,1,0,133907.24,1
15603701,Cust3701,628,France,Male,48,0,0.0,1,1,0,147970.69,0
15603702,Cust3702,506,Germany,Male,51,7,31064.66,1,1,0,46362.22,0
15603703,Cust3703,645,Germany,Male,45,2,132108.16,3,1,0,74969.43,1
15603704,Cust3704,632,France,Male,31,5,71712.63,2,1,0,56605.29,0
15603705,Cust3705,673,France,Female,35,7,156617.05,4,1,0,167873.65,0
15603706,Cust3706,661,France,Male,57,6,0.0,2,1,1,178750.6,0
15603707,Cust3707,801,Germany,Male,41,8,126006.21,1,0,1,180108.2,0
15603708,Cust3708,583,France,Female,40,0,77858.75,2,1,0,122930.62,0
15603709,Cust3709,499,Germany,Male,29,2,133035.4,2,1,0,78147.93,0
15603710,Cust3710,540,Spain,Male,37,4,81045.8,3,1,0,107006.49,1
15603711,Cust3711,589,Spain,Female,45,8,127499.24,2,1,1,177164.58,0
15603712,Cust3712,754,Spain,Female,38,5,0.0,1,0,0,139758.92,0
15603713,Cust3713,525,Spain,Male,33,8,0.0,2,1,0,168432.29,0
15603714,Cust3714,538,Spain,Female,35,8,159015.64,1,1,0,27610.52,0
15603715,Cust3715,690,Spain,Male,50,8,102595.69,1,1,1,111208.66,0
15603716,Cust3716,732,Germany,Female,45,6,71833.98,1,1,0,164802.78,1
15603717,Cust3717,501,Spain,Male,43,8,0.0,1,0,0,111341.51,0
15603718,Cust3718,480,Spain,Female,42,7,0.0,1,1,1,68723.71,0
15603719,Cust3719,574,France,Male,26,0,150548.26,3,1,1,77497.69,0
15603720,Cust3720,713,Germany,Male,41,3,130097.35,2,0,1,23461.31,0
15603721,Cust3721,664,Germany,Male,49,9,178416.07,2,0,0,177493.1,1
15603722,Cust3722,578,Spain,Female,35,1,113278.78,2,1,1,142624.36,0
15603723,Cust3723,721,France,Female,48,6,0.0,1,0,0,181519.61,0
15603724,Cust3724,662,Spain,Female,43,8,161394.27,2,1,1,41764.25,0
15603725,Cust3725,640,Spain,Female,46,4,39397.35,2,1,0,55169.13,0
15603726,Cust3726,495,Spain,Male,39,1,63729.08,1,1,0,113717.09,0
15603727,Cust3727,576,France,Female,47,0,103509.93,1,0,1,28537.48,0
15603728,Cust3728,838,Germany,Male,23,7,53929.82,2,1,0,128587.83,0
15603729,Cust3729,618,Spain,Female,38,6,124307.35,2,1,1,72208.25,0
15603730,Cust3730,558,Spain,Female,45,7,80563.99,1,1,0,42818.59,1
15603731,Cust3731,613,Spain,Male,41,1,0.0,2,1,1,75328.29,0
15603732,Cust3732,661,Germany,Male,49,5,121993.3,2,1,0,189179.72,1
15603733,Cust3733,735,Germany,Female,36,6,185258.53,3,1,1,126327.23,0
15603734,Cust3734,710,France,Female,33,9,20580.77,2,1,1,128491.2,0
15603735,Cust3735,585,Spain,Female,22,2,121257.52,1,1,1,154799.95,0
15603736,Cust3736,772,France,Male,35,7,0.0,2,1,0,168046.3,0
15603737,Cust3737,728,Germany,Male,43,7,105492.4,3,1,1,120830.36,0
15603738,Cust3738,607,Spain,Female,46,6,81228.04,1,1,1,96919.46,0
15603739,Cust3739,638,France,Female,24,0,0.0,2,0,0,29457.96,0
15603740,Cust3740,708,France,Male,50,1,0.0,2,1,0,157355.55,0
15603741,Cust3741,753,France,Female,28,6,9807.05,1,1,1,56894.63,1
15603742,Cust3742,504,Spain,Female,37,6,0.0,2,1,1,41338.45,0
15603743,Cust3743,657,Germany,Female,32,7,0.0,1,1,1,187655.66,0
15603744,Cust3744,647,France,Female,42,8,117246.01,1,1,1,136688.77,0
15603745,Cust3745,595,Germany,Female,39,4,0.0,2,1,0,122900.96,1
15603746,Cust3746,595,France,Female,45,3,0.0,2,1,0,141576.49,0
15603747,Cust3747,751,Spain,Male,56,10,112537.22,3,0,0,77838.07,1
15603748,Cust3748,701,France,Male,42,7,92110.61,1,1,1,178184.53,0
15603749,Cust3749,850,France,Female,32,5,0.0,2,0,1,105190.09,0
15603750,Cust3750,595,France,Female,43,6,77735.72,1,1,0,113757.37,0
15603751,Cust3751,663,Germany,Male,57,8,96073.67,2,1,1,74846.03,0
15603752,Cust3752,680,France,Female,45,3,75948.62,2,1,1,195997.58,0
15603753,Cust3753,736,Spain,Male,47,4,0.0,2,1,1,103959.74,0
15603754,Cust3754,780,France,Male,22,0,38638.99,2,1,1,17710.28,0
15603755,Cust3755,659,France,Female,42,8,115688.52,1,1,1,180677.76,0
15603756,Cust3756,545,France,Female,35,5,167909.78,3,1,1,89661.2,0
15603757,Cust3757,582,France,Male,31,9,120113.04,1,0,1,121975.8,1
15603758,Cust3758,664,Spain,Male,38,3,71856.19,1,1,1,61227.24,0
15603759,Cust3759,758,France,Male,39,4,0.0,1,0,1,17116.45,0
15603760,Cust3760,511,Spain,Male,32,0,69296.47,2,0,1,28777.79,0
15603761,Cust3761,538,France,Male,40,10,0.0,2,0,0,65048.8,0
15603762,Cust3762,723,France,Male,36,3,119289.72,2,1,1,168448.73,0
15603763,Cust3763,526,France,Male,45,1,106195.76,2,1,0,198400.74,0
15603764,Cust3764,542,France,Female,40,6,162264.15,2,1,1,31996.64,0
15603765,Cust3765,759,Spain,Female,42,9,0.0,3,0,1,132803.59,0
15603766,Cust3766,629,Germany,Female,48,1,0.0,2,1,1,187955.04,1
15603767,Cust3767,621,France,Male,44,5,101533.43,1,1,0,69580.02,0
15603768,Cust3768,781,Germany,Male,38,5,0.0,3,1,0,186238.45,1
15603769,Cust3769,548,Germany,Male,18,1,97507.72,3,1,1,99163.91,0
15603770,Cust3770,529,Spain,Female,43,3,121094.36,2,1,0,76427.12,0
15603771,Cust3771,806,Spain,Male,29,6,0.0,2,1,0,165139.16,0
15603772,Cust3772,672,Germany,Female,37,10,49924.46,3,0,0,30220.54,1
15603773,Cust3773,715,Spain,Male,42,1,99588.21,2,1,0,103240.51,0
15603774,Cust3774,620,Spain,Female,51,6,89838.98,1,0,0,49549.24,0
15603775,Cust3775,640,France,Male,56,9,108305.59,3,1,0,98202.63,0
15603776,Cust3776,582,Germany,Male,29,8,0.0,2,0,1,110603.44,0
15603777,Cust3777,681,France,Female,25,8,0.0,2,1,0,129002.58,0
15603778,Cust3778,730,Spain,Male,41,10,43904.3,1,1,1,37801.61,0
15603779,Cust3779,669,Spain,Female,40,7,0.0,1,1,0,163052.19,0
15603780,Cust3780,752,France,Male,26,0,151212.03,1,1,0,184621.69,0
15603781,Cust3781,714,Spain,Female,38,2,0.0,1,0,1,178282.67,1
15603782,Cust3782,549,Spain,Female,44,4,0.0,1,0,1,119492.91,0
15603783,Cust3783,636,France,Male,26,10,22717.11,2,1,0,138442.91,0
15603784,Cust3784,607,Germany,Female,28,2,0.0,1,1,1,182341.39,0
15603785,Cust3785,722,Spain,Female,32,9,70994.65,1,1,1,31242.62,0
15603786,Cust3786,694,Spain,Female,36,6,0.0,1,1,1,144593.22,0
15603787,Cust3787,662,France,Male,45,7,131402.66,2,1,1,118441.43,0
15603788,Cust3788,747,France,Male,35,1,0.0,2,1,1,146715.21,0
15603789,Cust3789,471,Germany,Female,39,4,0.0,1,1,0,48073.63,0
15603790,Cust3790,592,France,Male,60,5,28782.57,1,1,1,67221.16,0
15603791,Cust3791,600,France,Female,28,5,58943.13,1,1,1,184254.19,0
15603792,Cust3792,674,France,Male,31,9,0.0,2,1,0,28639.11,1
15603793,Cust3793,703,France,Female,45,3,0.0,2,0,1,185926.04,1
15603794,Cust3794,650,Germany,Male,48,9,117522.52,2,1,1,147208.91,0
15603795,Cust3795,524,Germany,Female,42,9,134149.43,2,1,0,59574.21,0
15603796,Cust3796,689,Germany,Male,56,7,0.0,2,0,0,142201.11,0
15603797,Cust3797,662,Spain,Male,41,3,0.0,1,1,1,181022.59,0
15603798,Cust3798,509,France,Male,18,1,90775.71,1,1,1,49110.1,0
15603799,Cust3799,622,France,Female,39,2,0.0,1,1,0,141682.9,0
15603800,Cust3800,686,France,Male,32,6,169367.58,1,1,1,192637.39,0
15603801,Cust3801,809,France,Female,52,2,42730.17,1,0,0,58693.74,1
15603802,Cust3802,545,France,Male,48,9,0.0,1,1,0,184042.48,1
15603803,Cust3803,726,France,Female,22,4,156778.69,1,1,0,35399.93,0
15603804,Cust3804,547,France,Female,52,3,74869.13,1,1,1,148483.46,0
15603805,Cust3805,528,France,Male,47,6,130698.53,2,1,0,20065.53,0
15603806,Cust3806,534,Germany,Male,35,1,0.0,2,1,1,110973.95,1
15603807,Cust3807,708,Germany,Male,37,9,86033.47,1,1,1,21334.04,0
15603808,Cust3808,662,Spain,Female,52,6,123462.5,1,1,0,195624.75,0
15603809,Cust3809,620,Spain,Female,18,10,0.0,2,1,1,169608.89,0
15603810,Cust3810,694,Germany,Male,42,9,0.0,3,1,1,173859.23,1
15603811,Cust3811,654,France,Female,49,0,129370.59,1,1,1,185886.65,0
15603812,Cust3812,661,Germany,Female,37,9,57164.22,2,0,0,147135.1,0
15603813,Cust3813,621,France,Female,44,0,131714.97,3,0,0,65851.82,1
15603814,Cust3814,551,France,Male,39,8,0.0,2,0,0,199982.36,0
15603815,Cust3815,812,France,Female,30,3,56569.89,2,1,0,77145.04,0
15603816,Cust3816,784,France,Male,30,3,135714.31,1,0,0,175514.24,0
15603817,Cust3817,803,France,Female,45,8,0.0,1,1,1,152913.87,0
15603818,Cust3818,598,Germany,Male,32,3,0.0,2,1,0,131072.57,0
15603819,Cust3819,585,Spain,Female,23,9,0.0,3,1,0,138017.6,0
15603820,Cust3820,610,Spain,Female,39,0,0.0,2,0,1,11033.31,0
15603821,Cust3821,753,Germany,Female,33,1,149748.19,1,0,1,119361.54,0
15603822,Cust3822,650,Germany,Male,26,3,106231.18,1,1,1,28922.38,0
15603823,Cust3823,598,France,Female,39,3,149385.32,1,1,0,199816.52,0
15603824,Cust3824,685,Germany,Male,46,9,93442.6,4,1,1,50838.09,1
15603825,Cust3825,579,Germany,Female,38,9,0.0,1,0,0,171433.78,1
15603826,Cust3826,520,France,Male,27,4,172698.82,1,1,1,160513.65,0
15603827,Cust3827,662,France,Female,43,6,0.0,2,1,1,137769.54,0
15603828,Cust3828,600,Spain,Male,48,3,0.0,1,1,0,119869.34,0
15603829,Cust3829,649,Germany,Male,60,4,77367.93,1,1,1,91898.0,0
15603830,Cust3830,392,France,Male,52,3,0.0,1,1,0,155158.14,0
15603831,Cust3831,564,Germany,Male,28,2,63357.0,2,0,1,84416.93,0
15603832,Cust3832,646,France,Male,47,7,122864.35,1,1,1,153691.76,1
15603833,Cust3833,504,France,Female,41,1,57484.24,1,1,1,45585.83,0
15603834,Cust3834,508,France,Female,26,3,174025.9,2,0,1,165764.13,0
15603835,Cust3835,654,France,Female,41,1,0.0,2,1,0,156541.02,0
15603836,Cust3836,717,Germany,Female,57,4,0.0,2,1,0,155025.97,0
15603837,Cust3837,564,France,Male,50,7,71983.57,2,0,0,88222.84,0
15603838,Cust3838,625,Spain,Male,28,5,109833.52,2,1,1,143692.3,0
15603839,Cust3839,627,France,Male,38,7,64040.78,2,1,1,107324.95,0
15603840,Cust3840,500,Germany,Male,43,6,108228.01,1,0,1,61876.24,0
15603841,Cust3841,764,Germany,Female,21,4,116483.26,1,1,0,99717.67,1
15603842,Cust3842,632,Germany,Female,21,10,0.0,2,1,1,86649.4,0
15603843,Cust3843,633,Germany,Female,40,6,177763.53,1,1,1,41581.06,1
15603844,Cust3844,686,Spain,Female,40,0,0.0,1,0,0,13853.35,0
15603845,Cust3845,500,Germany,Male,20,1,85856.0,1,0,1,134693.25,0
15603846,Cust3846,738,Germany,Female,42,7,89888.51,2,1,0,151063.27,0
15603847,Cust3847,751,Germany,Male,49,0,33119.31,2,0,1,69533.24,0
15603848,Cust3848,663,France,Female,36,1,141744.29,1,1,0,199422.47,1
15603849,Cust3849,694,France,Male,39,1,54528.93,1,0,1,52508.35,0
15603850,Cust3850,619,France,Male,44,8,0.0,1,1,0,126115.45,1
15603851,Cust3851,733,France,Male,42,1,58901.75,1,0,1,165238.52,0
15603852,Cust3852,571,France,Male,21,2,23673.6,1,1,0,147104.96,0
15603853,Cust3853,647,France,Male,29,10,0.0,1,0,1,85938.26,1
15603854,Cust3854,653,Germany,Male,34,1,138243.19,2,1,1,172971.55,0
15603855,Cust3855,646,France,Female,29,2,0.0,3,0,0,151721.81,0
15603856,Cust3856,753,Spain,Female,53,8,115636.22,1,0,0,59350.0,1
15603857,Cust3857,850,France,Male,44,1,52373.38,1,1,1,150483.13,0
15603858,Cust3858,639,Germany,Male,27,2,45871.39,2,1,0,73467.13,0
15603859,Cust3859,695,France,Female,36,8,0.0,1,0,0,60758.42,0
15603860,Cust3860,573,France,Male,49,0,139803.98,1,1,1,82699.14,0
15603861,Cust3861,749,France,Female,32,4,0.0,1,0,1,86486.31,0
15603862,Cust3862,600,Germany,Male,47,2,32473.38,2,1,0,13610.7,1
15603863,Cust3863,850,France,Male,52,2,58734.85,1,0,0,60725.85,0
15603864,Cust3864,490,Spain,Male,50,4,107599.81,1,0,0,140236.53,0
15603865,Cust3865,850,France,Male,40,2,153250.94,2,1,0,81566.81,0
15603866,Cust3866,745,Germany,Female,51,8,127421.38,1,0,0,130582.19,1
15603867,Cust3867,542,France,Female,33,1,60760.89,2,1,0,134782.98,0
15603868,Cust3868,850,Germany,Male,63,4,0.0,1,1,0,196011.14,1
15603869,Cust3869,561,France,Female,40,0,144673.72,1,1,0,91705.67,0
15603870,Cust3870,620,France,Male,49,1,96697.66,1,0,0,122869.28,1
15603871,Cust3871,526,France,Male,34,7,26573.16,2,0,1,146631.0,0
15603872,Cust3872,636,France,Female,43,4,0.0,1,0,1,138789.51,0
15603873,Cust3873,645,France,Female,43,4,0.0,1,1,1,111331.65,1
15603874,Cust3874,730,Spain,Male,29,2,112847.92,1,1,1,161114.51,0
15603875,Cust3875,850,France,Male,28,1,158264.21,4,1,0,134786.64,1
15603876,Cust3876,601,France,Male,36,9,165649.64,3,1,1,137423.33,1
15603877,Cust3877,386,Spain,Male,49,8,96295.4,2,1,0,65038.35,0
15603878,Cust3878,712,France,Female,20,5,0.0,1,1,1,160905.1,0
15603879,Cust3879,597,France,Male,34,0,0.0,1,1,1,117535.77,0
15603880,Cust3880,825,Germany,Female,51,9,105835.62,1,1,1,170644.2,0
15603881,Cust3881,647,Spain,Male,26,4,0.0,1,1,1,40692.44,0
15603882,Cust3882,577,Germany,Male,51,2,115753.43,3,0,0,84621.06,1
15603883,Cust3883,553,France,Male,27,1,23849.3,2,0,0,143395.81,0
15603884,Cust3884,710,Spain,Male,29,10,135548.08,1,1,0,182555.5,0
15603885,Cust3885,624,France,Female,37,0,0.0,2,1,0,174693.8,0
15603886,Cust3886,791,Spain,Female,57,4,0.0,1,0,1,126441.52,0
15603887,Cust3887,630,Spain,Female,32,6,175034.15,2,0,0,150462.04,0
15603888,Cust3888,786,Spain,Female,21,3,26202.76,1,1,0,88643.16,0
15603889,Cust3889,518,France,Male,24,1,93948.07,1,1,1,43494.56,0
15603890,Cust3890,483,France,Female,47,7,0.0,1,0,1,103070.91,0
15603891,Cust3891,730,Germany,Female,24,0,0.0,1,1,0,191446.13,1
15603892,Cust3892,605,Germany,Female,50,10,136515.67,3,1,1,81677.87,1
15603893,Cust3893,625,Germany,Male,39,5,0.0,3,0,0,110899.13,0
15603894,Cust3894,553,Spain,Male,38,8,129898.49,1,1,1,189235.18,0
15603895,Cust3895,546,Germany,Female,41,9,87520.66,2,1,1,30137.13,1
15603896,Cust3896,711,France,Male,30,8,0.0,1,1,1,20818.07,0
15603897,Cust3897,648,France,Male,39,5,0.0,1,1,1,128192.48,1
15603898,Cust3898,548,France,Male,26,0,147901.74,1,0,0,76813.16,0
15603899,Cust3899,726,France,Female,51,0,0.0,1,1,0,136569.91,0
15603900,Cust3900,763,France,Male,28,3,126333.18,1,1,1,85683.06,0
15603901,Cust3901,640,Spain,Female,42,3,0.0,2,1,1,107507.07,0
15603902,Cust3902,746,Germany,Female,28,9,0.0,2,1,0,193523.68,0
15603903,Cust3903,554,Germany,Male,33,4,88563.65,1,1,1,99338.8,1
15603904,Cust3904,705,France,Male,34,10,19480.21,1,1,0,139151.11,0
15603905,Cust3905,666,Germany,Female,68,3,0.0,2,1,0,199376.2,0
15603906,Cust3906,574,Spain,Male,38,10,161537.72,3,1,0,86268.39,0
15603907,Cust3907,847,Spain,Male,30,3,97366.09,1,1,0,12722.91,0
15603908,Cust3908,672,Germany,Male,34,10,0.0,1,1,1,143979.27,1
15603909,Cust3909,593,Spain,Male,23,5,139805.03,3,1,1,132327.29,0
15603910,Cust3910,652,Germany,Female,36,0,35325.0,2,1,1,78030.08,1
15603911,Cust3911,567,France,Male,57,10,0.0,2,1,0,149257.57,0
15603912,Cust3912,539,Spain,Female,41,2,69715.46,1,0,1,155525.74,0
15603913,Cust3913,607,France,Male,47,8,0.0,3,0,0,54515.24,0
15603914,Cust3914,613,France,Female,29,9,110236.8,2,1,0,47585.57,0
15603915,Cust3915,573,France,Female,36,2,73463.4,1,1,1,139787.49,0
15603916,Cust3916,770,Germany,Male,40,6,76963.75,1,1,1,91603.32,0
15603917,Cust3917,576,Germany,Female,31,8,107684.64,2,1,1,34691.25,0
15603918,Cust3918,561,Germany,Male,42,10,0.0,1,1,0,32135.56,0
15603919,Cust3919,536,France,Female,44,4,106702.39,1,0,1,12256.07,0
15603920,Cust3920,527,France,Female,43,4,69904.71,1,0,1,26155.16,0
15603921,Cust3921,749,Spain,Male,36,8,0.0,1,0,0,138174.73,0
15603922,Cust3922,675,France,Male,49,5,171846.53,2,1,1,188196.34,0
15603923,Cust3923,716,Spain,Female,35,6,163703.39,1,0,1,161353.0,0
15603924,Cust3924,748,France,Female,35,1,155007.29,1,0,1,101954.62,1
15603925,Cust3925,618,Germany,Male,52,7,207024.24,2,0,0,142297.28,0
15603926,Cust3926,791,Germany,Male,27,3,68563.03,2,1,1,122586.92,1
15603927,Cust3927,590,Spain,Male,21,3,0.0,1,1,1,54837.15,0
15603928,Cust3928,545,France,Female,29,9,37430.59,1,0,1,86484.86,0
15603929,Cust3929,686,Spain,Female,42,7,89373.42,1,0,0,101403.07,0
15603930,Cust3930,664,Germany,Female,51,6,0.0,2,1,0,62363.85,0
15603931,Cust3931,664,Germany,Female,31,6,0.0,1,1,1,188695.51,0
15603932,Cust3932,747,Germany,Female,56,9,0.0,1,1,0,63592.77,1
15603933,Cust3933,660,France,Male,38,6,85352.01,3,0,0,142271.21,0
15603934,Cust3934,680,France,Female,37,2,51161.98,1,0,1,73032.22,0
15603935,Cust3935,781,France,Male,30,6,0.0,2,1,0,101445.44,0
15603936,Cust3936,676,France,Female,58,6,0.0,2,0,0,144419.03,0
15603937,Cust3937,697,Germany,Male,36,0,0.0,1,1,0,154923.9,0
15603938,Cust3938,514,France,Female,25,1,0.0,3,1,1,55274.38,0
15603939,Cust3939,850,France,Female,63,5,134316.85,1,1,1,114588.05,0
15603940,Cust3940,497,France,Female,42,6,2311.51,2,1,1,131646.51,0
15603941,Cust3941,598,France,Male,46,0,95811.79,1,1,1,17618.41,0
15603942,Cust3942,595,France,Female,55,4,89061.44,1,1,1,154216.5,0
15603943,Cust3943,850,Germany,Male,44,1,68779.12,1,0,1,129175.87,0
15603944,Cust3944,592,France,Male,48,7,0.0,1,0,1,131961.63,0
15603945,Cust3945,692,Spain,Female,39,5,59545.27,1,1,0,49434.6,0
15603946,Cust3946,596,France,Female,45,1,75907.4,1,1,1,104105.48,0
15603947,Cust3947,550,France,Male,38,4,61096.99,1,1,1,118499.51,0
15603948,Cust3948,705,Spain,Female,38,10,0.0,1,1,1,76453.22,1
15603949,Cust3949,581,France,Male,39,0,1000.0,1,1,1,140325.54,0
15603950,Cust3950,670,France,Female,34,4,103473.62,2,0,1,18429.17,0
15603951,Cust3951,710,Spain,Female,43,1,128282.04,2,1,0,106733.78,1
15603952,Cust3952,833,Spain,Female,43,9,63945.4,2,0,1,22255.42,0
15603953,Cust3953,529,Germany,Female,46,5,0.0,2,1,0,93749.71,0
15603954,Cust3954,635,France,Female,44,6,60955.65,1,1,1,179549.33,0
15603955,Cust3955,639,Germany,Female,58,10,0.0,1,1,0,95942.2,1
15603956,Cust3956,650,Spain,Male,49,0,147351.56,2,0,0,196498.78,0
15603957,Cust3957,850,Spain,Male,36,5,76304.51,1,1,1,153578.38,0
15603958,Cust3958,633,France,Female,43,0,110576.53,2,0,1,189915.85,0
15603959,Cust3959,408,France,Male,52,8,0.0,1,0,0,176457.7,1
15603960,Cust3960,631,France,Female,29,6,92910.67,1,1,1,172914.97,1
15603961,Cust3961,639,France,Male,58,4,0.0,1,1,0,73376.63,0
15603962,Cust3962,627,Germany,Female,30,3,0.0,2,1,1,166489.58,0
15603963,Cust3963,581,France,Male,47,2,0.0,3,1,1,74635.11,0
15603964,Cust3964,523,France,Female,38,10,0.0,2,0,1,171196.44,0
15603965,Cust3965,850,France,Female,37,0,105262.69,2,1,1,99656.68,1
15603966,Cust3966,681,France,Male,25,1,0.0,2,0,0,12577.52,0
15603967,Cust3967,632,France,Female,47,4,0.0,3,0,0,183733.56,1
15603968,Cust3968,850,France,Male,25,4,0.0,2,0,1,142687.18,0
15603969,Cust3969,567,France,Female,24,10,90134.84,1,0,0,140788.2,0
15603970,Cust3970,708,Spain,Female,50,3,0.0,1,1,0,176659.32,0
15603971,Cust3971,530,France,Male,56,3,0.0,3,1,0,192729.56,0
15603972,Cust3972,722,Germany,Male,31,2,91821.45,2,1,0,155861.0,0
15603973,Cust3973,541,France,Male,48,4,105249.52,1,1,1,118718.57,0
15603974,Cust3974,695,France,Male,46,2,0.0,2,1,1,44717.86,0
15603975,Cust3975,838,France,Female,37,7,0.0,1,0,1,146580.87,0
15603976,Cust3976,659,France,Male,51,8,27609.29,2,0,0,105801.32,0
15603977,Cust3977,440,France,Female,36,8,110756.58,2,1,1,110373.26,0
15603978,Cust3978,653,France,Female,43,8,0.0,2,1,1,134561.29,0
15603979,Cust3979,696,Germany,Female,25,6,0.0,2,1,1,154409.28,0
15603980,Cust3980,736,France,Female,26,7,149705.29,1,1,0,60271.1,0
15603981,Cust3981,791,France,Male,50,3,83050.31,3,0,0,70966.36,0
15603982,Cust3982,796,Germany,Female,44,10,0.0,1,0,1,56529.5,1
15603983,Cust3983,637,France,Female,37,10,132713.04,2,1,1,153689.6,1
15603984,Cust3984,587,France,Female,57,0,66720.25,1,1,0,98711.54,0
15603985,Cust3985,543,France,Male,57,3,152456.84,1,1,0,123543.99,1
15603986,Cust3986,598,France,Male,42,7,89460.57,2,0,1,111551.12,0
15603987,Cust3987,696,France,Female,23,3,69781.04,2,0,1,171248.69,0
15603988,Cust3988,521,Spain,Female,37,5,55359.35,3,1,0,121038.4,1
15603989,Cust3989,561,Spain,Male,30,9,63957.32,2,0,1,196231.64,0
15603990,Cust3990,704,Spain,Female,39,9,116667.48,1,1,1,123806.54,0
15603991,Cust3991,588,France,Male,29,10,66850.1,2,1,1,105959.58,0
15603992,Cust3992,686,France,Female,26,7,119275.51,3,1,1,22726.99,1
15603993,Cust3993,572,France,Male,18,10,76937.18,3,1,1,91055.5,0
15603994,Cust3994,678,France,Male,40,7,142781.36,3,0,1,74425.68,1
15603995,Cust3995,576,France,Male,18,5,82687.7,2,1,1,121033.17,1
15603996,Cust3996,467,France,Male,35,2,0.0,2,0,1,76993.82,0
15603997,Cust3997,742,France,Male,45,9,93796.07,2,1,1,69464.38,0
15603998,Cust3998,583,France,Male,31,2,108255.98,1,1,1,199803.97,0
15603999,Cust3999,626,France,Male,27,2,101655.5,2,1,0,71497.23,0
15604000,Cust4000,584,Germany,Female,37,8,56934.19,1,1,1,171876.87,0
15604001,Cust4001,702,France,Female,30,9,0.0,1,1,1,164005.98,0
15604002,Cust4002,682,Spain,Female,40,10,129423.79,1,0,1,72329.56,0
15604003,Cust4003,702,France,Male,28,8,141667.75,1,1,0,82878.25,0
15604004,Cust4004,597,Germany,Male,37,10,152965.43,2,1,0,151097.41,0
15604005,Cust4005,645,France,Female,35,4,0.0,1,0,0,83931.67,0
15604006,Cust4006,690,France,Female,38,1,0.0,2,0,1,18830.56,1
15604007,Cust4007,798,France,Female,54,2,0.0,2,1,1,106112.85,1
15604008,Cust4008,679,France,Female,40,1,164167.96,2,1,0,111351.85,0
15604009,Cust4009,554,Germany,Female,43,8,0.0,1,0,0,73887.52,1
15604010,Cust4010,676,France,Female,32,4,90096.55,2,1,0,21092.91,0
15604011,Cust4011,634,France,Male,40,4,0.0,1,0,0,93759.15,0
15604012,Cust4012,458,Spain,Female,35,10,42487.68,3,1,0,192836.54,0
15604013,Cust4013,473,France,Female,38,10,71197.38,1,0,1,186751.05,0
15604014,Cust4014,644,Germany,Female,44,1,0.0,3,1,1,168700.84,0
15604015,Cust4015,652,Germany,Male,33,9,88908.43,1,1,0,80931.89,1
15604016,Cust4016,622,France,Male,34,7,81291.41,1,1,1,45658.87,0
15604017,Cust4017,735,France,Male,33,8,0.0,3,1,1,195316.26,0
15604018,Cust4018,560,France,Male,33,10,90172.82,2,1,0,173385.62,0
15604019,Cust4019,517,Germany,Female,40,3,50625.01,1,1,0,47916.8,0
15604020,Cust4020,571,France,Female,34,8,128139.95,2,1,1,91454.65,0
15604021,Cust4021,591,France,Male,53,7,89991.3,1,0,1,124775.4,0
15604022,Cust4022,644,France,Female,65,7,85341.49,1,1,0,126059.25,0
15604023,Cust4023,573,Spain,Male,32,8,39670.43,1,1,1,132920.18,0
15604024,Cust4024,444,Spain,Female,41,8,0.0,1,1,1,190619.23,0
15604025,Cust4025,403,Spain,Male,48,4,57812.83,1,1,0,40225.7,0
15604026,Cust4026,662,Germany,Male,35,10,121310.16,1,1,1,180111.35,0
15604027,Cust4027,542,Germany,Female,28,1,224262.27,2,1,0,63272.53,1
15604028,Cust4028,457,France,Female,55,2,110816.33,1,1,0,115253.4,1
15604029,Cust4029,710,Spain,Female,45,8,0.0,1,1,1,115645.32,0
15604030,Cust4030,798,Germany,Male,41,5,0.0,1,1,1,142867.29,0
15604031,Cust4031,641,France,Female,53,3,26769.38,4,0,1,77320.61,0
15604032,Cust4032,676,Germany,Male,46,5,151760.8,1,1,0,32746.73,0
15604033,Cust4033,677,Germany,Male,38,1,111346.06,1,1,1,170752.33,0
15604034,Cust4034,428,France,Female,28,0,148162.41,3,0,0,45101.47,0
15604035,Cust4035,735,France,Female,33,0,0.0,1,1,1,56309.49,0
15604036,Cust4036,769,France,Female,50,9,112302.26,1,0,1,25973.49,0
15604037,Cust4037,826,Spain,Male,45,3,131209.48,2,1,1,107282.97,0
15604038,Cust4038,608,France,Female,36,9,0.0,1,1,1,125493.11,1
15604039,Cust4039,541,Spain,Male,56,5,48090.82,1,1,0,109559.29,0
15604040,Cust4040,780,France,Female,36,3,0.0,2,1,1,26985.04,1
15604041,Cust4041,698,Spain,Female,48,0,131773.3,4,1,1,169308.6,0
15604042,Cust4042,734,France,Female,40,1,125951.63,3,1,0,22748.44,0
15604043,Cust4043,588,Spain,Female,57,6,68787.55,2,0,0,196542.26,0
15604044,Cust4044,676,France,Female,46,6,0.0,1,1,1,81602.2,0
15604045,Cust4045,549,France,Male,38,9,0.0,2,1,1,118765.21,0
15604046,Cust4046,649,France,Female,36,2,55447.72,3,1,0,141225.19,1
15604047,Cust4047,617,France,Female,38,6,118903.79,2,0,0,110534.23,0
15604048,Cust4048,850,France,Male,31,0,21566.15,1,1,0,170088.88,0
15604049,Cust4049,703,Germany,Male,24,5,109087.36,3,1,1,158803.94,0
15604050,Cust4050,443,Spain,Male,41,1,23585.18,3,1,1,120644.41,0
15604051,Cust4051,650,Germany,Female,33,2,47226.93,1,1,1,13905.45,0
15604052,Cust4052,685,Germany,Female,33,4,0.0,2,1,0,131744.42,0
15604053,Cust4053,604,France,Female,37,4,0.0,2,1,0,160167.61,0
15604054,Cust4054,544,Spain,Male,39,1,0.0,1,1,1,164911.35,0
15604055,Cust4055,713,Spain,Male,38,6,132653.88,3,0,1,113857.08,0
15604056,Cust4056,558,France,Male,55,4,153089.29,1,0,1,75694.5,0
15604057,Cust4057,705,Spain,Male,45,9,110712.72,1,1,1,78800.39,0
15604058,Cust4058,550,France,Male,59,6,91829.71,3,1,1,80305.37,0
15604059,Cust4059,599,Spain,Male,34,9,98643.08,3,0,1,142088.01,0
15604060,Cust4060,742,Spain,Male,46,0,35161.52,1,0,0,143338.79,0
15604061,Cust4061,697,Germany,Male,34,4,0.0,2,0,0,123276.71,0
15604062,Cust4062,653,France,Female,32,9,113709.58,2,1,0,155816.16,0
15604063,Cust4063,647,Germany,Male,59,2,250000.0,2,1,0,101685.91,1
15604064,Cust4064,659,France,Male,30,2,157621.88,1,1,0,111979.32,0
15604065,Cust4065,574,Spain,Female,18,7,92360.78,4,0,0,174933.43,0
15604066,Cust4066,504,France,Female,31,0,0.0,2,1,1,105583.44,0
15604067,Cust4067,705,Germany,Female,18,10,0.0,2,1,1,67614.58,0
15604068,Cust4068,797,Spain,Female,28,10,97221.99,1,0,1,90069.94,0
15604069,Cust4069,708,France,Female,29,10,0.0,1,1,1,59054.07,0
15604070,Cust4070,674,France,Female,38,8,0.0,1,1,1,53436.88,0
15604071,Cust4071,534,Germany,Female,18,10,24889.26,1,1,0,125978.61,0
15604072,Cust4072,734,France,Male,50,10,117254.23,3,1,1,14084.73,0
15604073,Cust4073,696,France,Female,19,2,77816.99,2,1,0,69725.39,0
15604074,Cust4074,723,France,Male,37,1,0.0,2,1,1,132153.75,0
15604075,Cust4075,749,France,Male,35,9,51044.36,1,1,1,51281.97,0
15604076,Cust4076,802,Germany,Male,46,5,149024.18,2,1,1,199592.08,1
15604077,Cust4077,543,Germany,Male,42,0,0.0,1,0,1,129650.67,0
15604078,Cust4078,526,France,Male,50,4,137639.85,2,0,1,129896.63,1
15604079,Cust4079,664,France,Female,34,0,0.0,1,1,0,111806.74,1
15604080,Cust4080,561,France,Male,33,6,89078.82,1,1,1,155845.14,0
15604081,Cust4081,545,France,Male,42,7,0.0,1,1,1,142431.94,0
15604082,Cust4082,767,Germany,Male,48,0,90041.43,1,0,0,169305.81,0
15604083,Cust4083,553,France,Male,46,1,0.0,2,0,0,59435.07,0
15604084,Cust4084,649,Germany,Female,41,9,0.0,2,1,1,91746.99,0
15604085,Cust4085,493,Spain,Male,40,4,0.0,1,1,0,112203.57,1
15604086,Cust4086,656,Germany,Male,38,0,0.0,2,1,1,78159.97,0
15604087,Cust4087,764,Germany,Male,42,0,0.0,3,0,1,60551.57,0
15604088,Cust4088,766,France,Male,58,4,213632.56,2,1,1,14261.16,0
15604089,Cust4089,750,France,Male,36,0,0.0,2,1,1,81270.31,0
15604090,Cust4090,642,France,Male,34,1,130277.15,1,1,1,97267.2,1
15604091,Cust4091,757,Spain,Female,34,2,6351.89,2,1,0,162555.58,0
15604092,Cust4092,691,Spain,Female,42,7,92993.17,1,1,1,140585.18,1
15604093,Cust4093,608,France,Female,18,6,69319.51,1,1,1,75250.69,0
15604094,Cust4094,687,France,Male,37,8,30985.5,1,1,0,150266.76,0
15604095,Cust4095,735,France,Male,47,3,0.0,1,1,1,40240.78,0
15604096,Cust4096,523,Germany,Female,33,0,25350.23,1,1,1,67467.94,0
15604097,Cust4097,548,Germany,Male,40,6,62962.36,1,1,0,73538.85,1
15604098,Cust4098,636,Germany,Female,59,10,21278.18,2,1,1,16158.5,0
15604099,Cust4099,533,Spain,Male,41,7,93657.14,1,1,0,175742.19,0
15604100,Cust4100,531,France,Male,18,2,151154.1,1,1,1,91822.77,0
15604101,Cust4101,610,Germany,Male,24,0,0.0,1,1,1,68734.19,0
15604102,Cust4102,745,Germany,Female,35,0,76036.63,1,1,1,151429.46,1
15604103,Cust4103,743,France,Female,30,9,136045.7,1,1,1,111667.37,0
15604104,Cust4104,681,Spain,Female,39,3,156606.13,2,1,1,178210.6,0
15604105,Cust4105,667,France,Male,35,0,100732.31,1,1,1,139657.61,0
15604106,Cust4106,850,Germany,Female,50,3,44195.99,1,1,0,180060.45,0
15604107,Cust4107,598,Germany,Male,27,9,85579.46,2,1,1,147332.63,0
15604108,Cust4108,673,Spain,Male,36,4,80803.39,1,0,0,158551.99,0
15604109,Cust4109,593,Germany,Female,40,10,72692.78,3,0,1,92271.42,0
15604110,Cust4110,526,France,Female,41,5,40537.51,1,0,0,30814.03,1
15604111,Cust4111,764,Spain,Male,39,9,132243.86,1,1,0,102239.77,1
15604112,Cust4112,621,Spain,Male,18,2,84368.93,1,1,0,113377.88,0
15604113,Cust4113,717,Germany,Male,39,5,17943.01,3,1,0,58422.42,0
15604114,Cust4114,626,Spain,Male,36,5,0.0,1,1,1,54450.15,0
15604115,Cust4115,770,France,Male,47,8,175236.76,2,0,0,80827.39,0
15604116,Cust4116,554,Germany,Female,45,1,112431.69,1,0,1,90343.31,0
15604117,Cust4117,762,Spain,Male,40,1,53828.94,3,0,0,128396.47,0
15604118,Cust4118,736,France,Female,41,2,0.0,2,1,0,66152.51,0
15604119,Cust4119,478,France,Male,52,10,98707.99,1,1,0,24060.69,0
15604120,Cust4120,600,Spain,Male,50,9,134625.3,2,0,1,73946.83,0
15604121,Cust4121,748,Spain,Male,41,0,0.0,2,1,0,53078.69,0
15604122,Cust4122,807,Spain,Male,59,4,70567.2,1,1,1,127870.93,0
15604123,Cust4123,719,France,Male,32,6,0.0,1,1,0,82264.27,1
15604124,Cust4124,612,Spain,Female,26,9,0.0,1,1,0,121275.22,0
15604125,Cust4125,557,France,Female,38,5,80383.54,1,1,1,79162.43,0
15604126,Cust4126,704,Germany,Male,34,8,94574.25,2,1,0,119476.23,1
15604127,Cust4127,609,France,Female,18,8,157042.59,3,1,1,11687.06,0
15604128,Cust4128,613,Spain,Female,31,5,0.0,2,1,0,123322.21,1
15604129,Cust4129,628,Spain,Male,41,8,0.0,1,1,1,20484.3,0
15604130,Cust4130,735,Germany,Female,37,0,134744.27,2,0,0,155677.62,1
15604131,Cust4131,823,Germany,Female,30,3,0.0,1,1,1,182925.78,1
15604132,Cust4132,749,France,Female,38,9,0.0,2,1,1,111395.34,0
15604133,Cust4133,651,Germany,Female,39,1,49113.91,2,0,1,15595.32,0
15604134,Cust4134,564,Germany,Female,45,5,0.0,2,0,0,68978.7,0
15604135,Cust4135,714,France,Male,32,8,18198.87,4,1,1,30981.47,0
15604136,Cust4136,810,Germany,Female,47,5,82316.9,1,1,1,24434.57,0
15604137,Cust4137,746,Spain,Female,27,10,113568.0,2,1,0,131902.19,0
15604138,Cust4138,670,Germany,Male,33,9,55344.5,2,1,1,137048.46,0
15604139,Cust4139,603,Spain,Female,55,1,125549.93,1,0,1,128604.12,0
15604140,Cust4140,683,France,Male,28,5,0.0,2,0,0,39677.65,0
15604141,Cust4141,761,Germany,Male,31,8,99612.79,1,0,1,44774.4,0
15604142,Cust4142,672,France,Female,25,8,127125.58,2,1,1,67898.37,0
15604143,Cust4143,640,France,Female,30,5,99942.92,1,0,0,88268.84,1
15604144,Cust4144,584,France,Female,39,4,46126.97,1,1,1,54402.42,0
15604145,Cust4145,850,France,Female,45,3,169687.12,2,1,0,179235.31,0
15604146,Cust4146,564,France,Male,38,3,0.0,1,0,1,16091.87,0
15604147,Cust4147,556,Germany,Female,35,0,49294.38,1,0,1,102332.16,1
15604148,Cust4148,666,France,Female,26,9,0.0,2,1,0,190369.23,0
15604149,Cust4149,631,France,Female,31,7,0.0,2,0,1,197486.58,0
15604150,Cust4150,748,France,Male,23,3,0.0,1,1,0,72368.83,0
15604151,Cust4151,751,Germany,Male,45,1,134611.28,2,1,1,130177.75,0
15604152,Cust4152,533,France,Female,46,5,49137.83,4,1,0,163072.35,1
15604153,Cust4153,577,France,Male,38,9,176015.52,1,0,0,54013.98,0
15604154,Cust4154,566,Germany,Male,42,10,0.0,4,1,1,115842.56,0
15604155,Cust4155,725,France,Female,47,2,68928.72,4,1,0,194242.44,1
15604156,Cust4156,691,Spain,Female,39,4,0.0,1,0,0,179921.51,1
15604157,Cust4157,614,France,Female,52,6,0.0,3,0,1,178325.29,0
15604158,Cust4158,671,France,Female,28,6,36635.13,2,1,1,125971.98,0
15604159,Cust4159,542,France,Female,35,3,0.0,2,1,0,128777.84,0
15604160,Cust4160,579,Germany,Male,33,8,98617.85,1,1,0,54909.88,1
15604161,Cust4161,525,France,Female,44,7,116454.5,2,0,0,164018.66,0
15604162,Cust4162,664,Spain,Female,24,9,143704.38,1,1,1,156422.18,0
15604163,Cust4163,664,France,Female,52,1,137650.1,2,0,1,92401.32,0
15604164,Cust4164,556,Germany,Male,44,7,142983.76,1,1,1,172977.72,0
15604165,Cust4165,690,France,Male,56,3,0.0,2,1,0,57292.18,0
15604166,Cust4166,751,France,Female,38,8,106744.21,2,1,1,171198.94,0
15604167,Cust4167,551,France,Female,32,5,69848.57,2,0,0,129153.18,0
15604168,Cust4168,619,Germany,Male,45,5,0.0,1,1,1,19566.75,0
15604169,Cust4169,699,France,Female,48,6,105982.34,1,0,1,78131.55,0
15604170,Cust4170,649,Spain,Female,31,2,44874.45,1,0,0,140802.4,0
15604171,Cust4171,518,Germany,Male,18,6,104817.25,4,0,1,147838.42,0
15604172,Cust4172,608,Spain,Female,20,9,1000.0,2,1,1,80618.92,0
15604173,Cust4173,604,France,Female,41,0,0.0,2,1,0,54216.3,0
15604174,Cust4174,634,Spain,Male,53,1,65421.7,2,1,0,43921.81,0
15604175,Cust4175,638,Germany,Male,25,0,242010.75,2,0,0,195798.39,0
15604176,Cust4176,800,Germany,Male,35,5,0.0,1,1,0,85264.64,0
15604177,Cust4177,630,Spain,Female,35,2,79939.31,1,1,0,87514.17,1
15604178,Cust4178,485,Germany,Male,57,6,102267.11,1,1,0,42804.83,0
15604179,Cust4179,659,Spain,Male,61,0,135121.33,2,1,0,82001.34,0
15604180,Cust4180,818,Germany,Male,42,1,66929.59,2,1,1,196011.29,1
15604181,Cust4181,634,France,Female,47,2,11638.0,1,1,1,105557.02,0
15604182,Cust4182,608,Germany,Female,47,7,0.0,2,0,0,144639.68,1
15604183,Cust4183,621,France,Male,25,0,84465.58,2,1,1,188917.32,0
15604184,Cust4184,706,Spain,Female,45,5,168140.25,2,1,0,185729.7,1
15604185,Cust4185,620,Spain,Male,28,5,0.0,2,1,0,177424.81,0
15604186,Cust4186,505,France,Male,36,3,134483.87,1,1,1,182624.27,0
15604187,Cust4187,586,France,Male,49,1,76802.87,2,1,0,126502.5,1
15604188,Cust4188,644,France,Female,39,7,90820.95,2,1,0,174931.62,0
15604189,Cust4189,701,France,Female,49,4,47636.74,1,0,0,160937.28,0
15604190,Cust4190,594,France,Male,51,6,0.0,2,0,1,198433.46,0
15604191,Cust4191,622,Germany,Female,20,8,125477.72,1,0,1,177457.1,0
15604192,Cust4192,654,Germany,Female,18,0,23863.12,2,1,0,112672.84,0
15604193,Cust4193,575,Spain,Female,50,8,62142.98,3,0,0,11463.59,1
15604194,Cust4194,641,France,Female,50,0,94232.0,2,1,1,198792.8,0
15604195,Cust4195,695,Germany,Female,41,6,123045.99,1,1,1,111974.07,0
15604196,Cust4196,536,France,Male,42,0,206612.65,3,0,0,189292.53,0
15604197,Cust4197,679,Spain,Male,47,0,0.0,1,1,1,90763.46,0
15604198,Cust4198,545,France,Female,47,4,1000.0,1,0,1,133813.49,0
15604199,Cust4199,547,France,Female,35,5,0.0,1,1,0,177140.46,1
15604200,Cust4200,586,France,Male,48,3,0.0,1,1,1,40426.16,0
15604201,Cust4201,781,Spain,Female,35,2,121326.18,2,1,0,79988.76,0
15604202,Cust4202,485,France,Female,40,1,90455.49,1,0,0,176417.9,1
15604203,Cust4203,605,Germany,Female,40,6,0.0,2,1,0,104794.21,0
15604204,Cust4204,647,Germany,Female,29,4,116363.4,2,1,1,135467.39,0
15604205,Cust4205,762,Spain,Male,31,9,104093.16,2,1,0,113710.24,1
15604206,Cust4206,837,France,Female,60,4,110589.8,1,1,1,99498.98,0
15604207,Cust4207,609,France,Female,29,6,0.0,1,0,0,78801.66,0
15604208,Cust4208,702,France,Male,42,10,0.0,3,1,0,192905.91,1
15604209,Cust4209,641,France,Male,44,10,108425.03,1,1,1,147918.7,1
15604210,Cust4210,640,Germany,Female,37,5,95151.21,1,1,1,190994.8,0
15604211,Cust4211,676,France,Male,45,2,146661.99,2,0,0,173939.39,0
15604212,Cust4212,498,France,Male,41,4,0.0,2,0,1,19311.01,0
15604213,Cust4213,645,France,Male,29,2,139779.27,2,1,1,174697.99,0
15604214,Cust4214,693,Germany,Male,43,5,0.0,1,1,1,27786.13,0
15604215,Cust4215,567,France,Male,33,1,48512.17,1,1,1,188837.97,0
15604216,Cust4216,694,Germany,Female,55,4,99074.0,1,0,1,109249.08,0
15604217,Cust4217,484,France,Female,42,0,0.0,2,1,0,67829.5,0
15604218,Cust4218,659,Spain,Female,31,10,0.0,4,1,0,136994.04,0
15604219,Cust4219,779,Germany,Male,41,0,146295.87,2,1,0,182254.79,0
15604220,Cust4220,629,France,Male,29,9,0.0,2,0,0,198314.92,0
15604221,Cust4221,556,France,Male,41,10,145967.74,2,1,1,53171.79,0
15604222,Cust4222,513,France,Female,36,10,181165.05,2,1,0,151172.8,1
15604223,Cust4223,687,France,Female,30,4,113430.63,2,1,0,51526.19,0
15604224,Cust4224,739,France,Male,30,8,0.0,2,1,1,18645.88,0
15604225,Cust4225,645,Spain,Female,62,10,108502.68,2,1,0,42273.64,0
15604226,Cust4226,605,Germany,Male,39,9,163815.24,1,1,1,156135.2,0
15604227,Cust4227,465,France,Male,34,9,2758.33,2,0,0,34126.07,0
15604228,Cust4228,662,Germany,Female,32,5,49843.0,1,0,1,148764.81,0
15604229,Cust4229,584,France,Male,43,8,0.0,2,0,1,191251.67,0
15604230,Cust4230,589,Spain,Female,32,2,139690.78,2,1,0,149808.05,0
15604231,Cust4231,805,France,Male,27,10,132559.9,2,0,0,61802.34,0
15604232,Cust4232,477,Germany,Female,38,5,57666.58,1,1,1,177010.01,0
15604233,Cust4233,490,Spain,Male,38,2,36209.56,2,0,1,161526.29,0
15604234,Cust4234,672,France,Male,34,3,0.0,1,1,0,125043.53,0
15604235,Cust4235,613,France,Male,29,9,0.0,2,0,1,194785.03,0
15604236,Cust4236,600,France,Female,34,2,81734.75,1,1,0,44636.46,0
15604237,Cust4237,676,Spain,Female,33,7,87525.79,2,1,0,12531.01,0
15604238,Cust4238,675,Germany,Female,32,3,89522.49,2,1,0,60516.68,0
15604239,Cust4239,557,Germany,Male,41,6,0.0,1,1,0,66161.66,0
15604240,Cust4240,593,Spain,Male,60,5,140361.14,2,0,0,43450.93,0
15604241,Cust4241,655,Spain,Male,51,6,80212.69,2,1,1,115054.19,0
15604242,Cust4242,666,France,Female,57,2,0.0,2,0,0,31156.11,0
15604243,Cust4243,696,Germany,Male,32,9,135801.07,3,0,1,128411.86,0
15604244,Cust4244,594,Germany,Male,55,9,112269.02,1,1,1,34440.57,0
15604245,Cust4245,683,France,Female,40,10,141825.01,1,0,1,85705.0,0
15604246,Cust4246,741,Spain,Female,48,5,122572.52,2,0,1,98770.47,0
15604247,Cust4247,654,France,Male,43,1,98611.45,2,0,0,41312.1,0
15604248,Cust4248,640,France,Male,35,6,0.0,2,1,1,193493.68,0
15604249,Cust4249,627,Spain,Male,45,0,14750.55,2,1,1,29349.78,0
15604250,Cust4250,591,France,Female,43,7,71761.84,2,0,0,48620.96,0
15604251,Cust4251,560,France,Male,20,2,0.0,1,1,1,83657.12,0
15604252,Cust4252,621,France,Female,37,2,0.0,1,1,1,165474.59,0
15604253,Cust4253,693,Germany,Male,47,8,88575.95,3,1,0,114028.48,1
15604254,Cust4254,565,Spain,Female,41,7,50022.4,1,1,1,78443.43,0
15604255,Cust4255,643,France,Female,43,1,0.0,2,0,1,100631.08,0
15604256,Cust4256,632,France,Male,30,9,0.0,2,0,0,172258.94,0
15604257,Cust4257,821,France,Male,41,7,121560.31,1,1,0,94198.61,1
15604258,Cust4258,719,Spain,Male,37,2,102242.0,2,1,1,55168.06,0
15604259,Cust4259,718,France,Female,36,4,0.0,1,1,1,50306.15,1
15604260,Cust4260,738,Spain,Male,31,5,0.0,4,1,0,170109.98,1
15604261,Cust4261,598,Spain,Female,47,10,140678.8,2,1,0,58228.94,1
15604262,Cust4262,782,France,Male,41,6,134719.54,1,1,1,111949.42,1
15604263,Cust4263,665,Spain,Male,40,9,170093.94,2,1,1,142838.09,0
15604264,Cust4264,646,Germany,Female,59,0,0.0,2,0,0,40009.77,0
15604265,Cust4265,533,Germany,Female,43,5,75925.94,1,1,0,14707.9,0
15604266,Cust4266,611,France,Female,50,0,102994.57,1,0,0,197964.83,1
15604267,Cust4267,480,Spain,Female,41,4,0.0,2,1,0,164869.94,0
15604268,Cust4268,626,Spain,Female,34,6,0.0,2,1,0,189908.1,0
15604269,Cust4269,595,Spain,Male,27,9,0.0,1,1,0,118063.95,0
15604270,Cust4270,612,Spain,Female,40,3,0.0,2,1,0,53386.42,1
15604271,Cust4271,517,France,Female,18,2,0.0,2,0,0,109658.82,0
15604272,Cust4272,718,Spain,Female,41,9,48507.28,2,0,0,155076.34,1
15604273,Cust4273,707,Spain,Female,41,5,0.0,2,1,1,124010.45,0
15604274,Cust4274,812,France,Male,36,7,177051.05,1,0,0,100709.91,0
15604275,Cust4275,810,France,Female,37,10,44381.55,2,1,1,116592.76,0
15604276,Cust4276,665,France,Female,25,0,61185.85,2,0,1,53187.66,0
15604277,Cust4277,748,Spain,Male,52,6,0.0,1,1,1,84374.94,0
15604278,Cust4278,675,France,Female,35,0,141239.94,1,1,0,96728.42,0
15604279,Cust4279,609,Germany,Male,28,10,108527.7,2,1,1,154726.48,0
15604280,Cust4280,623,France,Male,43,4,0.0,2,1,0,111799.0,0
15604281,Cust4281,711,France,Male,39,4,0.0,1,1,0,95842.14,0
15604282,Cust4282,850,Germany,Female,34,2,48985.56,1,1,0,191078.47,1
15604283,Cust4283,762,France,Female,33,6,93623.72,2,0,0,50688.68,0
15604284,Cust4284,674,Spain,Male,38,5,0.0,4,0,0,164045.0,0
15604285,Cust4285,696,France,Male,51,10,0.0,2,0,1,11791.41,0
15604286,Cust4286,696,Spain,Female,43,0,195861.44,1,1,1,85081.8,0
15604287,Cust4287,641,France,Male,38,8,73452.77,2,0,1,47559.49,0
15604288,Cust4288,723,Spain,Male,47,10,85801.25,2,1,1,101816.65,0
15604289,Cust4289,635,Germany,Male,38,9,0.0,2,0,0,104123.24,0
15604290,Cust4290,553,France,Female,42,6,0.0,1,1,1,84794.67,0
15604291,Cust4291,696,France,Male,40,9,128951.37,1,0,0,21324.53,1
15604292,Cust4292,709,France,Female,44,0,0.0,2,1,1,54695.9,0
15604293,Cust4293,636,Germany,Female,34,0,0.0,2,1,1,60353.12,0
15604294,Cust4294,680,Spain,Male,27,7,0.0,2,1,0,98776.45,0
15604295,Cust4295,742,France,Female,47,2,52177.11,3,1,1,91046.12,0
15604296,Cust4296,645,France,Male,53,7,95308.85,2,0,1,49110.51,0
15604297,Cust4297,607,Germany,Male,27,8,106497.0,2,1,1,125960.1,0
15604298,Cust4298,582,Germany,Male,40,7,0.0,2,0,1,99740.93,1
15604299,Cust4299,626,Germany,Female,34,9,82445.1,1,1,1,52781.85,0
15604300,Cust4300,797,France,Female,47,2,144250.37,1,1,0,25626.45,0
15604301,Cust4301,631,Germany,Female,40,8,71555.16,2,1,0,34173.61,0
15604302,Cust4302,685,Spain,Female,71,8,0.0,1,1,0,24269.33,0
15604303,Cust4303,619,France,Male,35,3,0.0,3,1,1,19099.55,0
15604304,Cust4304,611,France,Female,53,2,115719.44,2,0,1,29268.0,0
15604305,Cust4305,566,France,Male,54,6,0.0,1,1,1,75206.49,0
15604306,Cust4306,660,Germany,Male,43,9,0.0,1,1,1,111493.18,0
15604307,Cust4307,600,France,Female,38,7,142284.83,2,1,1,100255.98,1
15604308,Cust4308,772,Spain,Male,39,1,152786.95,2,1,1,181361.84,0
15604309,Cust4309,640,Germany,Male,38,4,124675.49,2,1,0,182050.84,1
15604310,Cust4310,646,Germany,Male,49,4,0.0,1,0,1,45705.35,0
15604311,Cust4311,633,Spain,Male,29,6,120606.7,2,1,0,174874.02,0
15604312,Cust4312,686,France,Female,36,6,0.0,2,1,1,117547.78,0
15604313,Cust4313,793,Spain,Male,35,10,132107.12,2,1,1,150477.89,0
15604314,Cust4314,550,France,Female,21,9,0.0,4,1,1,160483.95,0
15604315,Cust4315,677,Germany,Male,47,5,0.0,2,0,1,87022.68,0
15604316,Cust4316,499,Spain,Female,49,1,111381.03,2,1,0,91258.0,0
15604317,Cust4317,767,Spain,Female,32,2,0.0,2,1,1,153657.41,0
15604318,Cust4318,640,Spain,Female,48,1,0.0,4,0,1,166556.63,0
15604319,Cust4319,506,France,Male,22,5,122035.02,2,0,0,94001.62,0
15604320,Cust4320,528,Spain,Female,38,1,56525.89,2,1,0,57643.81,0
15604321,Cust4321,728,Germany,Female,37,1,20930.08,1,0,0,137532.57,1
15604322,Cust4322,490,Germany,Female,39,1,162245.39,2,0,1,158316.9,0
15604323,Cust4323,677,France,Male,39,7,0.0,2,1,0,155581.19,0
15604324,Cust4324,609,France,Male,37,3,48144.61,2,1,1,84801.15,0
15604325,Cust4325,631,Germany,Female,34,9,79561.32,2,1,0,45460.66,1
15604326,Cust4326,585,France,Male,37,5,80347.03,2,1,1,105568.87,0
15604327,Cust4327,559,Germany,Male,52,7,29361.02,2,1,1,64469.2,0
15604328,Cust4328,603,Spain,Female,32,5,0.0,1,1,0,70565.0,0
15604329,Cust4329,705,Spain,Male,61,9,44098.86,2,0,0,140457.97,0
15604330,Cust4330,622,France,Male,32,1,117834.55,1,1,1,72064.34,0
15604331,Cust4331,690,Spain,Female,40,8,122191.87,2,1,0,162790.76,1
15604332,Cust4332,627,France,Male,44,6,0.0,3,0,0,85277.38,0
15604333,Cust4333,709,France,Male,35,4,120665.0,1,0,1,43159.22,1
15604334,Cust4334,690,Spain,Male,52,7,129250.32,3,1,1,96463.72,1
15604335,Cust4335,598,France,Male,43,5,33577.41,2,0,1,77200.27,0
15604336,Cust4336,558,France,Male,36,6,62989.87,3,1,0,71516.25,1
15604337,Cust4337,742,France,Female,52,5,0.0,1,1,0,48709.67,0
15604338,Cust4338,572,Germany,Male,28,1,138674.06,1,0,1,56304.08,0
15604339,Cust4339,698,Spain,Male,32,4,97815.41,2,1,1,153522.66,0
15604340,Cust4340,653,France,Female,44,10,87715.74,2,1,0,155500.56,1
15604341,Cust4341,606,France,Male,46,1,126346.68,2,1,0,90938.54,1
15604342,Cust4342,691,Germany,Male,41,2,0.0,2,1,0,65656.01,0
15604343,Cust4343,781,France,Male,37,7,53984.36,2,1,0,128957.18,0
15604344,Cust4344,710,Germany,Male,35,1,108006.1,3,0,0,135765.53,0
15604345,Cust4345,662,Spain,Male,49,0,101543.43,1,1,0,115040.38,1
15604346,Cust4346,806,Spain,Male,40,8,121244.82,1,0,0,153537.3,0
15604347,Cust4347,489,Spain,Female,29,2,0.0,2,1,1,90519.25,0
15604348,Cust4348,543,Germany,Female,29,2,117878.42,1,1,0,133723.18,0
15604349,Cust4349,605,Spain,Female,53,4,73828.23,2,1,1,107898.55,0
15604350,Cust4350,786,France,Male,31,9,0.0,2,0,1,71282.8,1
15604351,Cust4351,741,France,Female,41,10,0.0,1,1,0,35790.65,0
15604352,Cust4352,485,Germany,Female,52,2,89246.5,1,0,0,46784.34,1
15604353,Cust4353,608,France,Male,43,3,101446.91,1,1,0,103774.87,0
15604354,Cust4354,523,Spain,Female,30,5,128678.8,1,1,0,48777.76,1
15604355,Cust4355,646,Germany,Female,28,8,58058.09,1,1,0,192940.06,0
15604356,Cust4356,737,Spain,Male,57,0,0.0,1,1,1,79321.59,0
15604357,Cust4357,744,France,Female,28,4,146864.27,2,0,0,40305.33,0
15604358,Cust4358,676,France,Male,32,1,0.0,2,1,0,187308.15,1
15604359,Cust4359,609,Germany,Male,42,2,107424.24,1,0,0,169605.81,0
15604360,Cust4360,641,France,Male,36,6,82764.73,2,1,0,58487.94,0
15604361,Cust4361,716,Germany,Male,44,0,100101.09,1,1,0,137282.47,1
15604362,Cust4362,850,Germany,Female,23,9,98684.7,1,1,1,147464.62,0
15604363,Cust4363,536,Spain,Female,36,0,118482.1,1,1,0,104394.86,1
15604364,Cust4364,803,Germany,Male,45,9,44523.58,2,1,1,122185.94,0
15604365,Cust4365,673,France,Female,45,4,0.0,1,1,0,170351.3,0
15604366,Cust4366,729,France,Female,32,6,0.0,2,1,1,103672.26,0
15604367,Cust4367,668,Germany,Female,28,4,0.0,2,1,1,97324.07,0
15604368,Cust4368,785,France,Female,40,4,130097.15,2,1,0,150988.6,0
15604369,Cust4369,682,France,Female,25,6,0.0,2,1,0,189371.11,1
15604370,Cust4370,588,France,Female,51,3,101035.97,1,1,1,185393.72,0
15604371,Cust4371,693,France,Male,40,0,41391.73,2,1,0,127516.95,0
15604372,Cust4372,758,Germany,Female,31,0,96656.84,1,1,0,114113.26,0
15604373,Cust4373,650,France,Male,27,3,27100.09,2,1,0,129396.67,0
15604374,Cust4374,451,Germany,Male,32,2,26770.3,1,1,0,21807.38,1
15604375,Cust4375,639,France,Male,22,0,0.0,1,1,0,179201.54,0
15604376,Cust4376,659,Germany,Male,43,1,110524.56,2,1,1,17936.35,0
15604377,Cust4377,646,France,Female,30,9,51740.18,1,1,0,24667.96,0
15604378,Cust4378,602,Spain,Female,42,5,159866.99,1,1,1,18460.33,0
15604379,Cust4379,777,France,Male,43,4,0.0,2,1,0,148793.87,0
15604380,Cust4380,422,Germany,Female,48,10,155788.1,1,0,0,63998.36,1
15604381,Cust4381,659,France,Male,41,6,178268.18,1,0,0,88266.31,0
15604382,Cust4382,660,France,Female,49,1,144393.58,1,0,1,57927.92,0
15604383,Cust4383,850,France,Male,52,7,0.0,2,1,0,185305.52,0
15604384,Cust4384,649,Spain,Male,41,7,52709.79,2,0,1,199141.74,0
15604385,Cust4385,693,Spain,Female,41,2,0.0,2,1,1,94134.11,0
15604386,Cust4386,662,France,Male,32,7,106178.86,2,1,0,165354.75,0
15604387,Cust4387,659,France,Male,28,1,80112.17,1,1,0,58767.06,0
15604388,Cust4388,819,Germany,Male,51,10,53330.38,2,1,1,133604.21,0
15604389,Cust4389,543,Germany,Male,44,6,0.0,2,1,0,36078.88,0
15604390,Cust4390,586,France,Female,45,3,0.0,2,1,1,174275.45,0
15604391,Cust4391,722,Spain,Male,32,9,58492.5,1,1,1,92378.43,0
15604392,Cust4392,675,Germany,Male,54,5,74842.78,2,1,1,147938.57,0
15604393,Cust4393,623,Germany,Female,36,9,33637.05,1,1,1,132099.73,0
15604394,Cust4394,643,France,Female,30,1,103720.91,2,1,0,158728.62,0
15604395,Cust4395,738,France,Male,32,3,0.0,2,1,1,82437.9,0
15604396,Cust4396,697,France,Female,54,4,144068.46,2,1,1,124895.62,0
15604397,Cust4397,582,Spain,Male,27,2,0.0,2,0,1,126547.67,0
15604398,Cust4398,673,France,Male,30,5,65316.21,1,0,0,48643.52,0
15604399,Cust4399,645,Spain,Female,67,3,100290.97,1,0,1,46317.61,0
15604400,Cust4400,695,Spain,Male,47,9,86092.46,4,1,1,145149.18,0
15604401,Cust4401,619,Germany,Male,31,2,65019.8,1,1,0,55067.12,0
15604402,Cust4402,534,France,Female,27,2,0.0,1,1,1,129437.35,0
15604403,Cust4403,715,France,Female,21,10,39341.93,1,1,1,192571.22,0
15604404,Cust4404,703,France,Female,39,7,105349.68,2,1,1,62200.42,0
15604405,Cust4405,786,Germany,Female,45,0,0.0,2,1,1,176858.84,0
15604406,Cust4406,524,Spain,Male,53,9,146724.06,1,0,1,110249.73,0
15604407,Cust4407,643,France,Female,19,2,0.0,2,1,1,122101.27,0
15604408,Cust4408,628,Spain,Male,25,7,54089.91,2,1,1,61671.6,0
15604409,Cust4409,612,France,Female,37,0,0.0,2,1,1,185954.43,0
15604410,Cust4410,502,France,Male,66,2,49117.44,1,0,0,145421.93,0
15604411,Cust4411,548,France,Male,47,9,0.0,1,0,0,145100.98,0
15604412,Cust4412,676,Germany,Male,42,0,153835.23,1,0,0,172809.67,1
15604413,Cust4413,602,France,Female,26,5,103283.4,1,1,1,31926.12,1
15604414,Cust4414,571,France,Male,18,4,0.0,1,0,1,29999.98,0
15604415,Cust4415,787,Spain,Female,38,2,109861.05,2,1,1,26618.25,1
15604416,Cust4416,850,Germany,Female,37,1,0.0,3,0,1,177666.0,0
15604417,Cust4417,645,France,Female,35,4,0.0,1,0,1,181492.15,0
15604418,Cust4418,506,France,Male,34,4,126205.42,2,1,1,91993.18,0
15604419,Cust4419,688,Germany,Male,31,1,63866.93,1,1,1,136896.72,0
15604420,Cust4420,450,France,Female,28,7,0.0,1,1,0,171420.02,0
15604421,Cust4421,520,France,Female,52,1,163160.96,2,1,1,79030.09,0
15604422,Cust4422,690,Germany,Male,29,4,125148.23,1,1,1,60767.02,1
15604423,Cust4423,517,France,Female,35,10,116658.06,1,1,1,193862.67,0
15604424,Cust4424,622,Germany,Male,38,4,1000.0,1,1,0,47363.3,0
15604425,Cust4425,508,France,Male,45,7,113482.16,2,0,0,105768.71,0
15604426,Cust4426,655,France,Male,29,5,0.0,2,0,1,122291.27,0
15604427,Cust4427,758,France,Male,48,7,94379.45,1,1,1,82070.34,1
15604428,Cust4428,591,France,Male,32,8,136654.87,1,1,1,103981.78,0
15604429,Cust4429,648,France,Female,36,5,106249.19,1,1,0,163539.29,1
15604430,Cust4430,572,France,Male,54,7,0.0,1,1,1,147019.36,0
15604431,Cust4431,578,Spain,Female,28,5,121696.18,1,0,1,161318.17,0
15604432,Cust4432,570,Spain,Female,45,3,0.0,2,1,1,64416.0,0
15604433,Cust4433,725,France,Female,48,8,0.0,2,1,1,61144.35,1
15604434,Cust4434,514,Germany,Male,41,4,0.0,2,1,0,58297.12,0
15604435,Cust4435,618,Germany,Female,37,0,84097.02,1,1,0,112164.17,1
15604436,Cust4436,689,Spain,Male,59,2,117119.65,2,1,0,41511.33,0
15604437,Cust4437,737,France,Female,38,7,0.0,2,1,0,193441.32,1
15604438,Cust4438,692,France,Male,40,7,152256.62,1,1,0,166097.71,1
15604439,Cust4439,643,France,Female,35,6,0.0,1,1,1,196913.79,0
15604440,Cust4440,595,France,Male,40,4,0.0,2,1,0,57292.94,1
15604441,Cust4441,739,France,Female,48,3,0.0,2,0,1,133317.64,0
15604442,Cust4442,567,Spain,Male,35,0,40379.76,2,1,1,182454.61,0
15604443,Cust4443,568,Spain,Male,18,2,0.0,2,1,0,94423.59,0
15604444,Cust4444,780,France,Female,43,10,70805.27,1,1,1,102581.9,0
15604445,Cust4445,685,France,Male,27,9,0.0,1,1,0,18670.33,0
15604446,Cust4446,688,France,Female,45,0,0.0,2,1,1,191914.38,0
15604447,Cust4447,707,France,Female,38,10,0.0,2,1,1,151205.28,0
15604448,Cust4448,641,Germany,Female,47,8,115197.25,1,1,0,193678.95,0
15604449,Cust4449,512,France,Female,29,1,0.0,1,1,1,53105.79,0
15604450,Cust4450,674,Spain,Female,33,4,163120.67,3,0,1,156996.69,0
15604451,Cust4451,648,Spain,Female,35,1,98746.22,2,1,1,50407.49,0
15604452,Cust4452,568,Germany,Male,23,7,85170.64,1,1,1,39711.63,0
15604453,Cust4453,545,Germany,Female,49,7,0.0,1,1,1,184235.39,0
15604454,Cust4454,646,Germany,Female,22,2,133732.31,2,1,1,35218.38,0
15604455,Cust4455,520,France,Male,49,8,38645.05,1,1,1,137997.08,0
15604456,Cust4456,636,France,Male,42,3,17481.82,1,1,1,89603.06,0
15604457,Cust4457,625,Germany,Male,36,5,0.0,4,0,1,186808.59,1
15604458,Cust4458,639,France,Female,41,1,0.0,2,0,0,108547.61,0
15604459,Cust4459,689,Spain,Male,41,10,126599.97,4,0,1,132078.42,0
15604460,Cust4460,710,France,Female,34,2,0.0,1,1,1,154991.83,0
15604461,Cust4461,582,France,Female,41,9,179174.16,1,1,1,77448.79,0
15604462,Cust4462,733,France,Female,45,9,137088.9,3,0,1,188637.69,0
15604463,Cust4463,629,Spain,Male,29,1,1000.0,2,1,1,25028.38,0
15604464,Cust4464,818,France,Female,41,1,0.0,2,1,1,35367.53,0
15604465,Cust4465,594,France,Female,18,1,15928.85,1,0,1,137036.24,0
15604466,Cust4466,495,France,Male,19,9,103515.44,2,1,0,93198.09,0
15604467,Cust4467,730,Germany,Male,44,0,108584.57,1,1,1,75657.28,0
15604468,Cust4468,691,Spain,Male,34,6,0.0,3,0,1,153943.45,0
15604469,Cust4469,765,France,Female,29,9,66733.13,2,1,1,156002.87,0
15604470,Cust4470,680,Spain,Male,37,3,59594.77,1,1,1,175378.52,0
15604471,Cust4471,850,France,Male,34,6,111387.02,1,0,0,43762.79,0
15604472,Cust4472,632,Germany,Male,28,0,53621.4,1,1,1,164298.85,0
15604473,Cust4473,750,France,Male,22,10,88553.16,2,1,0,138456.72,1
15604474,Cust4474,600,France,Male,18,6,141548.1,1,1,1,172197.15,0
15604475,Cust4475,697,Germany,Female,45,8,134948.24,2,0,1,123522.44,0
15604476,Cust4476,715,Germany,Male,34,2,147906.45,1,1,1,177744.75,1
15604477,Cust4477,730,France,Female,48,8,0.0,2,1,0,157557.24,0
15604478,Cust4478,725,Spain,Male,34,6,0.0,2,1,1,187017.75,0
15604479,Cust4479,350,Spain,Male,42,1,0.0,1,0,1,133485.11,1
15604480,Cust4480,643,France,Female,37,6,0.0,1,1,1,88928.59,0
15604481,Cust4481,595,Germany,Female,38,1,0.0,1,1,1,86040.2,0
15604482,Cust4482,614,Spain,Female,39,7,0.0,3,0,0,87810.27,0
15604483,Cust4483,623,France,Male,34,10,0.0,1,0,1,139265.38,1
15604484,Cust4484,744,Spain,Male,26,9,0.0,1,1,0,74338.21,0
15604485,Cust4485,669,France,Female,46,5,134258.38,2,1,1,13008.77,0
15604486,Cust4486,601,Spain,Male,54,9,123049.68,1,1,0,29665.66,0
15604487,Cust4487,509,France,Female,55,10,0.0,2,1,1,161398.18,0
15604488,Cust4488,797,France,Male,32,5,82735.09,1,0,0,185482.01,0
15604489,Cust4489,588,Germany,Male,31,3,131682.79,4,0,0,24544.95,1
15604490,Cust4490,637,Germany,Female,32,2,72130.04,2,1,1,72505.86,0
15604491,Cust4491,850,Spain,Female,36,6,0.0,2,1,0,110569.23,0
15604492,Cust4492,590,Spain,Female,37,4,123013.32,1,0,1,156055.95,0
15604493,Cust4493,624,France,Female,28,6,74678.54,1,1,1,142831.16,0
15604494,Cust4494,672,France,Male,23,10,120558.67,1,1,0,197959.9,0
15604495,Cust4495,496,France,Female,38,0,0.0,2,1,1,121523.05,0
15604496,Cust4496,485,France,Female,18,3,83308.17,3,0,1,90507.29,0
15604497,Cust4497,604,France,Male,37,5,135192.86,1,1,1,182858.69,0
15604498,Cust4498,607,Spain,Male,29,7,43790.09,4,1,1,67203.41,0
15604499,Cust4499,663,Spain,Female,46,10,43531.87,2,1,1,50813.73,0
15604500,Cust4500,556,France,Male,48,9,0.0,2,1,0,62240.14,0
15604501,Cust4501,692,France,Female,49,4,49980.24,4,1,1,69607.51,0
15604502,Cust4502,443,Germany,Male,35,6,0.0,3,1,0,101607.43,1
15604503,Cust4503,643,France,Female,27,5,0.0,2,0,0,65674.21,1
15604504,Cust4504,685,France,Female,30,1,37700.25,2,1,0,172024.21,0
15604505,Cust4505,682,France,Female,41,7,0.0,2,0,0,198345.03,0
15604506,Cust4506,634,France,Female,22,9,0.0,1,1,1,193356.53,0
15604507,Cust4507,587,France,Male,52,8,0.0,1,0,1,139950.77,0
15604508,Cust4508,632,Spain,Female,35,3,72559.1,2,1,0,143409.48,1
15604509,Cust4509,768,France,Female,43,9,125441.64,1,1,1,20759.61,0
15604510,Cust4510,592,Germany,Female,20,2,0.0,1,1,1,103025.34,0
15604511,Cust4511,744,Germany,Female,29,4,0.0,1,1,1,124779.32,0
15604512,Cust4512,759,Spain,Female,19,2,66252.14,2,1,1,183761.5,1
15604513,Cust4513,483,France,Female,48,4,30636.91,1,1,1,27353.38,0
15604514,Cust4514,638,France,Female,36,10,99484.91,3,1,1,107705.35,0
15604515,Cust4515,556,France,Female,44,5,0.0,2,1,1,92674.13,0
15604516,Cust4516,506,France,Female,39,8,141280.67,1,0,0,39524.15,0
15604517,Cust4517,726,France,Male,43,10,0.0,1,1,1,192340.19,0
15604518,Cust4518,695,Spain,Male,35,1,0.0,1,0,0,184740.69,0
15604519,Cust4519,675,France,Female,36,10,111957.95,1,1,0,38419.6,0
15604520,Cust4520,546,France,Male,37,1,127133.65,1,1,0,57554.79,1
15604521,Cust4521,670,France,Male,42,6,0.0,1,0,0,119027.64,0
15604522,Cust4522,524,Spain,Male,42,4,111705.17,2,1,0,59318.36,0
15604523,Cust4523,657,Spain,Female,66,3,25494.4,1,1,1,139302.64,0
15604524,Cust4524,586,Germany,Female,55,7,151640.62,1,0,0,162236.96,0
15604525,Cust4525,751,Germany,Female,20,9,181422.04,3,1,1,90124.36,0
15604526,Cust4526,615,Germany,Female,37,0,0.0,2,0,1,192049.79,0
15604527,Cust4527,672,Germany,Female,34,1,114469.87,1,1,0,39450.21,1
15604528,Cust4528,672,France,Male,51,5,136690.82,2,1,0,49522.7,0
15604529,Cust4529,643,Germany,Male,35,1,170347.05,1,0,1,147629.31,0
15604530,Cust4530,660,Spain,Male,43,3,0.0,2,1,0,112474.1,0
15604531,Cust4531,679,France,Male,18,4,68604.42,2,1,1,128797.02,0
15604532,Cust4532,564,Germany,Female,23,4,121433.94,2,0,0,112890.2,0
15604533,Cust4533,689,France,Male,59,7,159704.33,2,1,0,175199.05,1
15604534,Cust4534,733,Germany,Female,39,5,0.0,2,1,1,83073.97,0
15604535,Cust4535,688,France,Female,28,0,0.0,1,1,0,22456.57,0
15604536,Cust4536,616,Germany,Male,40,7,0.0,2,1,0,140403.09,0
15604537,Cust4537,667,Spain,Female,27,3,133393.06,1,1,0,107601.35,1
15604538,Cust4538,615,France,Female,35,0,98917.49,1,1,0,126784.77,0
15604539,Cust4539,639,France,Female,23,8,0.0,2,0,1,55433.98,0
15604540,Cust4540,536,France,Female,30,4,177570.99,1,1,1,160207.06,0
15604541,Cust4541,782,France,Female,34,7,60972.01,1,0,1,22930.05,0
15604542,Cust4542,836,Spain,Female,49,7,0.0,1,1,1,48315.95,0
15604543,Cust4543,582,France,Female,43,0,0.0,3,0,1,12520.68,0
15604544,Cust4544,725,France,Male,44,9,115772.78,1,0,0,141359.55,0
15604545,Cust4545,790,France,Female,38,2,0.0,1,0,1,155785.28,0
15604546,Cust4546,558,Spain,Male,46,8,103593.83,1,1,1,113158.05,0
15604547,Cust4547,443,France,Male,29,7,0.0,3,0,1,44822.62,1
15604548,Cust4548,796,Germany,Male,31,1,0.0,1,1,1,20117.76,0
15604549,Cust4549,649,France,Male,42,1,0.0,2,1,0,66333.28,0
15604550,Cust4550,600,France,Male,35,9,166915.31,1,0,1,83934.7,0
15604551,Cust4551,655,Germany,Male,38,0,0.0,2,1,0,100592.31,0
15604552,Cust4552,615,France,Male,36,2,82275.37,2,0,0,155061.51,1
15604553,Cust4553,850,Germany,Female,51,10,164796.27,1,1,0,189241.1,0
15604554,Cust4554,599,France,Female,51,1,72424.31,1,0,0,162855.81,0
15604555,Cust4555,681,Germany,Female,32,6,160213.44,1,1,0,77388.66,0
15604556,Cust4556,774,Spain,Male,20,4,0.0,1,1,0,14675.73,1
15604557,Cust4557,774,Germany,Female,31,4,167100.17,2,0,1,195173.6,0
15604558,Cust4558,755,France,Male,29,1,0.0,1,1,1,139524.88,0
15604559,Cust4559,609,Germany,Male,46,6,0.0,2,1,1,71759.28,0
15604560,Cust4560,635,Spain,Male,47,3,92373.04,1,1,1,186988.37,0
15604561,Cust4561,441,France,Female,28,7,0.0,1,0,1,28202.82,0
15604562,Cust4562,643,France,Female,30,8,161438.76,2,0,0,75918.02,0
15604563,Cust4563,653,Spain,Female,23,5,23355.23,2,1,1,105279.02,0
15604564,Cust4564,721,France,Female,39,0,0.0,1,0,0,63972.57,0
15604565,Cust4565,822,Germany,Male,38,7,127225.53,4,1,0,32715.71,1
15604566,Cust4566,718,Spain,Female,46,5,52974.51,1,1,0,34565.78,1
15604567,Cust4567,753,France,Male,43,7,0.0,2,0,1,136296.92,0
15604568,Cust4568,648,Germany,Male,44,8,55238.99,1,1,1,193739.44,0
15604569,Cust4569,773,Germany,Female,23,1,85619.65,1,0,0,197174.74,1
15604570,Cust4570,651,France,Female,32,1,140917.04,2,0,1,100612.47,0
15604571,Cust4571,759,Spain,Male,47,4,82980.75,1,1,1,155599.78,0
15604572,Cust4572,727,France,Male,33,9,0.0,2,1,1,50684.74,0
15604573,Cust4573,688,France,Male,22,3,0.0,2,1,0,141937.44,0
15604574,Cust4574,502,Spain,Male,46,4,190366.97,1,1,1,97165.28,0
15604575,Cust4575,755,France,Male,32,8,0.0,2,1,0,132960.33,0
15604576,Cust4576,686,Spain,Female,49,8,61431.77,2,0,1,16982.39,0
15604577,Cust4577,717,France,Male,38,8,110831.29,1,1,0,155201.78,1
15604578,Cust4578,680,France,Male,35,10,131426.41,1,1,1,116663.99,0
15604579,Cust4579,697,France,Male,52,8,75715.38,1,1,0,114744.76,0
15604580,Cust4580,775,Germany,Female,25,1,0.0,1,0,0,53057.62,1
15604581,Cust4581,605,Spain,Male,52,4,0.0,1,1,1,78708.97,0
15604582,Cust4582,695,Spain,Male,32,8,80827.15,2,1,1,20645.69,0
15604583,Cust4583,575,Spain,Female,40,6,100935.07,1,1,1,76550.27,0
15604584,Cust4584,705,Germany,Female,40,1,0.0,1,1,1,62604.8,0
15604585,Cust4585,674,Spain,Male,34,7,163570.44,2,0,1,158722.95,0
15604586,Cust4586,589,Germany,Female,30,1,162496.56,1,0,0,36503.32,0
15604587,Cust4587,659,Spain,Male,34,3,107256.66,4,0,0,42117.51,0
15604588,Cust4588,595,Germany,Female,28,10,150993.97,2,1,1,162327.88,0
15604589,Cust4589,614,Spain,Male,58,10,0.0,3,0,0,121797.86,0
15604590,Cust4590,684,France,Female,33,0,105878.35,2,1,0,133459.35,1
15604591,Cust4591,676,France,Female,50,4,0.0,1,1,0,35405.68,0
15604592,Cust4592,466,Germany,Female,48,3,110582.33,2,1,1,134104.87,0
15604593,Cust4593,686,France,Female,42,5,0.0,1,1,0,132983.44,0
15604594,Cust4594,621,France,Male,37,9,103957.32,2,1,0,99653.0,0
15604595,Cust4595,610,Spain,Female,40,9,0.0,1,1,0,192228.15,1
15604596,Cust4596,542,France,Male,44,1,152078.18,1,1,1,62346.68,0
15604597,Cust4597,646,France,Male,39,8,80246.99,1,1,0,119831.44,0
15604598,Cust4598,600,France,Male,22,0,125137.91,2,1,0,35484.88,0
15604599,Cust4599,772,France,Female,20,5,117557.4,1,1,1,84066.9,0
15604600,Cust4600,482,Germany,Female,53,6,0.0,2,0,0,61115.11,1
15604601,Cust4601,557,Spain,Female,18,4,0.0,3,1,1,142523.09,0
15604602,Cust4602,551,Spain,Female,40,9,129946.6,1,1,1,155129.99,0
15604603,Cust4603,675,Germany,Female,36,7,85455.03,1,0,0,173404.17,1
15604604,Cust4604,763,Germany,Female,40,10,76844.37,2,1,0,57905.7,0
15604605,Cust4605,698,France,Female,27,4,114638.58,4,1,0,133583.82,0
15604606,Cust4606,545,Spain,Male,42,4,110757.77,2,1,1,106753.42,0
15604607,Cust4607,609,France,Male,40,6,211419.55,1,1,0,112181.83,1
15604608,Cust4608,572,France,Female,66,2,0.0,3,1,0,53494.86,1
15604609,Cust4609,699,Spain,Female,39,8,0.0,1,1,1,144899.98,1
15604610,Cust4610,607,Spain,Male,51,3,0.0,1,1,1,128782.4,1
15604611,Cust4611,514,France,Male,23,1,54330.05,2,1,0,182344.51,0
15604612,Cust4612,706,Germany,Male,48,5,32353.4,2,1,0,124485.17,0
15604613,Cust4613,771,France,Male,40,7,51923.36,1,0,1,142234.23,0
15604614,Cust4614,633,France,Female,41,5,87176.1,2,1,1,76158.66,0
15604615,Cust4615,662,France,Male,41,0,0.0,1,0,0,46515.68,0
15604616,Cust4616,505,France,Male,55,0,119124.94,1,1,1,189983.61,0
15604617,Cust4617,452,Germany,Female,41,8,56094.11,3,0,0,125030.53,1
15604618,Cust4618,472,France,Male,30,10,72907.94,2,1,1,101419.76,0
15604619,Cust4619,646,Germany,Male,32,2,0.0,1,0,1,199725.15,0
15604620,Cust4620,620,France,Female,46,10,84684.85,2,1,1,61059.75,0
15604621,Cust4621,702,Spain,Male,42,5,0.0,1,1,1,144441.18,0
15604622,Cust4622,631,Germany,Female,23,1,0.0,1,0,0,53582.23,0
15604623,Cust4623,745,Spain,Female,43,2,52298.33,1,1,1,94185.24,0
15604624,Cust4624,734,France,Female,27,10,0.0,3,0,0,82673.83,0
15604625,Cust4625,619,Germany,Male,42,3,0.0,1,0,0,153566.29,0
15604626,Cust4626,554,Spain,Female,30,9,0.0,1,1,1,99351.08,0
15604627,Cust4627,466,France,Female,35,6,15681.87,2,1,0,76458.86,0
15604628,Cust4628,788,France,Female,33,8,0.0,1,1,1,66175.7,0
15604629,Cust4629,560,France,Male,53,4,154920.09,1,0,1,169406.45,0
15604630,Cust4630,506,France,Male,42,1,65457.65,1,1,1,50399.53,0
15604631,Cust4631,662,France,Male,51,5,0.0,3,1,0,97809.19,0
15604632,Cust4632,507,France,Female,67,10,173891.28,1,1,0,91031.49,1
15604633,Cust4633,662,France,Female,38,10,91584.52,1,1,1,100071.9,0
15604634,Cust4634,618,Germany,Male,53,4,0.0,2,0,0,137122.61,1
15604635,Cust4635,739,France,Female,31,1,103849.16,1,1,1,178593.31,0
15604636,Cust4636,730,France,Female,51,2,166345.99,1,0,0,40798.05,1
15604637,Cust4637,756,Germany,Female,30,4,0.0,2,1,0,146440.53,0
15604638,Cust4638,670,France,Male,38,10,0.0,2,1,0,38009.85,0
15604639,Cust4639,568,France,Female,43,5,0.0,2,1,0,12258.25,0
15604640,Cust4640,550,France,Female,45,5,73940.83,1,0,1,12497.89,0
15604641,Cust4641,599,France,Female,25,8,90955.1,1,1,1,180356.62,0
15604642,Cust4642,841,France,Female,29,1,0.0,1,1,1,170956.29,0
15604643,Cust4643,626,France,Female,44,3,116587.83,2,1,1,72612.69,0
15604644,Cust4644,665,France,Male,34,8,82294.91,2,1,1,133668.82,1
15604645,Cust4645,796,Spain,Female,24,4,179183.86,1,0,0,39345.01,0
15604646,Cust4646,674,Spain,Male,37,6,0.0,2,1,1,153522.64,0
15604647,Cust4647,578,France,Female,37,9,112976.57,1,0,0,199696.31,0
15604648,Cust4648,720,France,Female,40,8,183448.28,2,1,1,189542.36,0
15604649,Cust4649,609,France,Female,43,5,165885.37,2,1,1,130813.21,0
15604650,Cust4650,678,Spain,Female,43,0,0.0,1,1,1,95480.13,0
15604651,Cust4651,699,Spain,Male,30,9,0.0,1,0,0,80252.15,0
15604652,Cust4652,603,France,Male,34,0,0.0,1,0,0,63285.14,0
15604653,Cust4653,668,France,Female,47,0,165483.06,1,1,1,27177.61,0
15604654,Cust4654,804,France,Male,33,2,61604.41,1,1,1,50605.58,0
15604655,Cust4655,590,Spain,Male,34,3,36745.3,1,1,0,116584.04,0
15604656,Cust4656,776,Spain,Female,23,8,0.0,2,1,0,62373.03,0
15604657,Cust4657,593,France,Male,38,6,62160.99,1,1,0,148123.46,0
15604658,Cust4658,823,Germany,Male,41,10,63391.62,1,0,1,156111.84,0
15604659,Cust4659,568,France,Male,18,1,92419.77,1,1,1,101084.6,0
15604660,Cust4660,612,Germany,Female,27,10,0.0,1,1,1,182149.61,0
15604661,Cust4661,795,Spain,Male,24,5,87403.72,2,1,1,165087.81,0
15604662,Cust4662,799,France,Female,46,6,91091.58,2,0,1,25698.24,0
15604663,Cust4663,729,France,Male,19,0,112984.86,1,0,0,162671.09,0
15604664,Cust4664,546,Germany,Male,37,8,0.0,1,1,1,167829.11,0
15604665,Cust4665,658,France,Male,45,5,0.0,3,1,1,76507.9,1
15604666,Cust4666,650,Spain,Male,40,8,139936.88,1,1,1,104175.06,0
15604667,Cust4667,568,France,Female,34,10,153665.73,1,1,1,24251.51,1
15604668,Cust4668,717,Spain,Male,41,2,181097.66,1,1,0,61258.83,0
15604669,Cust4669,575,France,Male,48,10,0.0,1,1,0,190826.6,0
15604670,Cust4670,526,France,Male,37,5,151339.59,2,1,1,187345.98,0
15604671,Cust4671,494,France,Male,18,3,86683.86,2,1,0,140070.98,0
15604672,Cust4672,814,France,Male,49,7,0.0,1,1,1,14460.12,0
15604673,Cust4673,601,France,Male,42,0,0.0,1,1,1,15522.07,0
15604674,Cust4674,603,Germany,Female,38,7,0.0,2,1,1,123465.21,0
15604675,Cust4675,551,France,Male,18,10,0.0,1,1,1,54517.66,0
15604676,Cust4676,781,France,Female,35,2,63521.36,4,1,1,134171.28,0
15604677,Cust4677,517,France,Female,29,6,0.0,1,1,1,29122.39,0
15604678,Cust4678,534,France,Male,26,8,13488.24,2,1,1,197630.63,0
15604679,Cust4679,619,Spain,Female,37,6,103476.11,1,1,1,32676.54,0
15604680,Cust4680,648,Spain,Female,33,10,1000.0,2,1,0,74637.54,0
15604681,Cust4681,713,France,Female,33,8,60847.55,1,0,1,29462.67,0
15604682,Cust4682,585,Spain,Female,45,3,0.0,3,0,0,83585.45,0
15604683,Cust4683,798,Germany,Female,41,4,25948.07,2,1,0,74584.86,0
15604684,Cust4684,586,Spain,Male,33,7,0.0,2,1,1,133037.47,0
15604685,Cust4685,553,France,Female,32,4,1894.74,1,1,1,173401.37,0
15604686,Cust4686,544,France,Male,33,4,96797.11,1,1,1,164131.04,0
15604687,Cust4687,576,France,Female,36,9,133203.31,2,0,0,149514.51,0
15604688,Cust4688,538,Spain,Female,44,1,152593.89,1,1,0,199587.78,0
15604689,Cust4689,722,Germany,Female,28,5,168882.0,2,1,1,19241.03,0
15604690,Cust4690,554,France,Female,53,4,60412.96,1,1,1,160224.79,0
15604691,Cust4691,637,France,Male,44,8,0.0,2,1,1,35628.54,0
15604692,Cust4692,551,Germany,Female,18,10,68848.01,1,1,1,125932.33,0
15604693,Cust4693,537,Spain,Male,39,9,138526.44,2,0,1,164309.97,0
15604694,Cust4694,756,France,Female,48,3,0.0,1,1,1,136003.16,0
15604695,Cust4695,804,Germany,Female,42,4,0.0,2,0,1,32650.85,0
15604696,Cust4696,772,France,Male,34,1,97178.19,2,1,0,45748.57,1
15604697,Cust4697,509,France,Female,37,9,125577.0,1,1,0,178643.58,0
15604698,Cust4698,522,Germany,Male,40,3,61515.41,2,1,0,183120.43,0
15604699,Cust4699,840,Spain,Male,46,3,135672.96,2,1,1,152079.81,0
15604700,Cust4700,626,Spain,Female,24,4,0.0,1,0,1,66486.54,0
15604701,Cust4701,518,France,Female,32,10,147076.72,1,1,1,58337.79,1
15604702,Cust4702,754,France,Female,54,10,83853.36,2,1,1,24623.61,0
15604703,Cust4703,656,France,Male,38,3,0.0,3,1,0,99428.91,1
15604704,Cust4704,705,France,Male,53,7,149331.84,1,0,1,85582.6,0
15604705,Cust4705,435,France,Male,68,2,0.0,3,0,1,57317.84,0
15604706,Cust4706,619,France,Male,33,5,154726.66,1,0,1,133890.31,1
15604707,Cust4707,741,France,Male,26,7,88367.76,1,1,0,50138.45,0
15604708,Cust4708,589,France,Male,35,5,135238.96,2,0,0,27803.98,0
15604709,Cust4709,769,France,Female,49,10,0.0,1,0,1,92710.75,0
15604710,Cust4710,524,Spain,Male,50,5,92013.52,2,1,0,148414.59,0
15604711,Cust4711,639,France,Female,61,8,0.0,1,0,1,45766.33,0
15604712,Cust4712,808,Germany,Female,38,5,39151.53,1,1,0,122102.06,1
15604713,Cust4713,540,Spain,Male,43,8,19399.13,3,1,0,27521.33,1
15604714,Cust4714,676,Germany,Female,31,9,0.0,1,1,0,61780.17,0
15604715,Cust4715,706,France,Male,18,10,0.0,2,1,1,168800.02,0
15604716,Cust4716,659,France,Male,38,3,0.0,3,1,0,38752.24,0
15604717,Cust4717,626,Germany,Female,26,6,0.0,2,1,0,136908.81,0
15604718,Cust4718,566,Germany,Male,44,7,78708.79,3,0,1,13699.16,1
15604719,Cust4719,669,France,Male,19,9,0.0,3,1,1,114755.01,0
15604720,Cust4720,640,France,Female,31,1,84079.58,1,1,1,56817.07,0
15604721,Cust4721,512,Germany,Male,41,0,0.0,2,1,1,53051.4,0
15604722,Cust4722,756,France,Female,42,0,0.0,1,1,0,106306.94,0
15604723,Cust4723,563,Germany,Female,38,1,0.0,2,1,0,197676.39,1
15604724,Cust4724,515,France,Male,57,3,192587.99,2,0,0,55286.62,1
15604725,Cust4725,593,France,Female,54,2,0.0,1,1,0,115287.52,0
15604726,Cust4726,564,Spain,Male,31,1,56849.13,2,1,0,82651.88,0
15604727,Cust4727,625,France,Male,54,10,102220.51,1,1,1,142330.69,0
15604728,Cust4728,531,Germany,Female,56,8,0.0,2,0,0,186698.96,1
15604729,Cust4729,693,France,Male,37,2,92918.63,1,1,0,90816.86,0
15604730,Cust4730,783,France,Female,38,4,117918.35,1,0,1,182738.17,0
15604731,Cust4731,660,Spain,Male,37,4,108589.57,2,0,1,184290.33,0
15604732,Cust4732,511,France,Male,32,9,144210.86,2,0,1,175707.25,0
15604733,Cust4733,562,France,Female,33,0,77032.73,2,0,0,57860.76,0
15604734,Cust4734,671,Spain,Female,51,9,0.0,2,1,1,143578.82,0
15604735,Cust4735,461,Germany,Male,42,0,1000.0,2,1,1,74954.41,1
15604736,Cust4736,532,Germany,Female,32,5,107203.19,2,1,1,46783.07,0
15604737,Cust4737,492,France,Male,29,6,6094.34,3,1,0,98209.24,0
15604738,Cust4738,661,France,Male,30,2,0.0,1,1,1,101968.53,0
15604739,Cust4739,850,Germany,Female,36,1,0.0,2,1,0,133166.84,0
15604740,Cust4740,529,France,Female,47,4,0.0,1,1,1,71698.0,0
15604741,Cust4741,728,France,Male,29,9,54717.41,1,0,0,26143.68,0
15604742,Cust4742,596,Spain,Female,47,6,0.0,2,0,0,65738.45,0
15604743,Cust4743,523,France,Male,40,9,0.0,2,1,0,165704.35,0
15604744,Cust4744,800,France,Female,39,3,121615.32,2,1,0,174229.26,0
15604745,Cust4745,850,France,Female,48,6,47759.83,2,0,1,24155.43,0
15604746,Cust4746,690,France,Male,46,9,181907.22,1,1,0,49388.69,0
15604747,Cust4747,685,Germany,Male,24,4,132849.16,3,1,1,22340.65,0
15604748,Cust4748,656,Spain,Female,27,10,64289.28,1,0,0,105463.88,0
15604749,Cust4749,636,France,Female,36,9,0.0,1,1,1,43714.17,0
15604750,Cust4750,683,France,Male,42,6,47621.98,1,1,0,158089.49,0
15604751,Cust4751,715,Germany,Male,52,5,107084.46,3,1,0,166343.72,1
15604752,Cust4752,810,France,Male,39,1,90385.98,1,0,1,105034.46,0
15604753,Cust4753,600,France,Female,55,2,167337.34,2,1,0,98956.83,0
15604754,Cust4754,662,Spain,Female,31,9,51918.48,1,1,0,112370.05,1
15604755,Cust4755,642,Germany,Female,33,3,113821.61,1,0,1,56339.24,0
15604756,Cust4756,748,France,Male,35,10,0.0,1,0,0,141922.54,0
15604757,Cust4757,850,Spain,Female,30,3,40757.06,1,1,1,138830.04,0
15604758,Cust4758,752,France,Male,50,2,127508.13,2,1,0,38007.11,0
15604759,Cust4759,727,Spain,Male,18,6,99294.12,1,1,0,69037.78,0
15604760,Cust4760,737,Germany,Male,33,3,75227.15,1,1,1,101224.51,0
15604761,Cust4761,772,Germany,Male,49,4,1199.01,1,1,0,183265.63,1
15604762,Cust4762,850,Spain,Female,35,5,0.0,2,0,1,41752.6,0
15604763,Cust4763,488,Germany,Male,49,9,69652.83,2,1,1,24724.73,0
15604764,Cust4764,708,France,Male,60,9,82874.2,1,1,0,36155.65,1
15604765,Cust4765,402,France,Female,39,6,0.0,1,1,1,55309.1,0
15604766,Cust4766,741,Germany,Male,50,10,98589.13,1,1,0,126352.04,0
15604767,Cust4767,703,Germany,Male,62,2,110941.61,3,1,1,16801.54,0
15604768,Cust4768,598,France,Male,42,7,187807.58,3,1,1,17369.59,0
15604769,Cust4769,394,Germany,Male,38,4,0.0,1,1,1,179080.72,0
15604770,Cust4770,649,Germany,Male,47,4,0.0,1,0,0,33527.29,0
15604771,Cust4771,671,France,Female,50,7,157044.7,1,1,1,72950.02,1
15604772,Cust4772,644,France,Male,38,3,0.0,1,0,1,79154.79,1
15604773,Cust4773,590,France,Male,33,2,76864.69,1,1,0,161199.14,0
15604774,Cust4774,564,France,Female,55,5,59622.85,1,1,0,183386.57,0
15604775,Cust4775,645,France,Male,35,1,87115.73,1,1,0,156804.94,0
15604776,Cust4776,573,France,Female,50,6,142702.32,1,1,0,105751.28,0
15604777,Cust4777,728,France,Male,41,7,0.0,1,1,0,113308.0,1
15604778,Cust4778,642,France,Female,56,1,0.0,1,1,0,93892.3,1
15604779,Cust4779,484,Germany,Male,30,4,62187.41,1,0,0,196266.53,1
15604780,Cust4780,667,France,Female,29,3,164088.1,2,1,0,192635.8,0
15604781,Cust4781,690,Spain,Female,47,1,0.0,1,0,1,154817.48,0
15604782,Cust4782,805,Spain,Female,27,1,0.0,1,1,0,177479.48,0
15604783,Cust4783,739,Germany,Female,39,5,70310.43,3,1,0,115883.61,0
15604784,Cust4784,564,Spain,Male,53,6,0.0,1,1,1,117385.77,0
15604785,Cust4785,787,Spain,Male,20,6,123680.63,1,1,1,151754.8,0
15604786,Cust4786,517,France,Female,42,0,130665.23,2,1,0,77321.91,0
15604787,Cust4787,653,Germany,Female,50,0,0.0,1,1,1,136020.95,0
15604788,Cust4788,722,France,Male,38,1,130969.76,2,0,0,90922.7,1
15604789,Cust4789,790,Germany,Female,29,8,0.0,2,1,1,185224.9,0
15604790,Cust4790,831,France,Female,35,7,111583.33,2,1,1,78242.77,0
15604791,Cust4791,772,France,Female,30,5,0.0,2,1,0,131238.21,0
15604792,Cust4792,637,France,Female,39,0,0.0,1,0,1,14710.93,1
15604793,Cust4793,706,Spain,Female,35,0,0.0,1,1,1,120988.45,1
15604794,Cust4794,672,France,Male,33,4,92856.99,1,1,0,157582.09,0
15604795,Cust4795,582,France,Female,43,9,94405.95,1,1,0,168436.76,0
15604796,Cust4796,639,France,Male,54,1,45627.46,2,1,1,176841.36,0
15604797,Cust4797,823,France,Male,41,6,78533.52,2,1,1,106463.48,0
15604798,Cust4798,712,Spain,Female,51,6,0.0,1,1,1,121859.13,0
15604799,Cust4799,848,Spain,Female,54,10,0.0,3,1,0,71115.19,0
15604800,Cust4800,546,France,Male,32,3,185300.52,1,1,1,191216.44,0
15604801,Cust4801,613,France,Female,41,3,0.0,4,1,0,130505.5,0
15604802,Cust4802,690,France,Male,34,6,160712.32,1,1,0,59411.92,0
15604803,Cust4803,721,France,Male,23,4,100465.63,2,0,1,179565.26,0
15604804,Cust4804,639,Spain,Female,42,1,0.0,2,0,0,131413.62,0
15604805,Cust4805,727,Germany,Female,27,7,0.0,2,1,1,140373.98,0
15604806,Cust4806,726,France,Male,43,10,0.0,2,1,0,34894.11,0
15604807,Cust4807,517,Germany,Male,22,10,0.0,2,0,1,14939.56,0
15604808,Cust4808,722,France,Female,40,1,43513.86,2,1,0,122034.92,0
15604809,Cust4809,753,Germany,Male,22,8,55581.55,2,0,0,42792.71,0
15604810,Cust4810,678,Germany,Female,45,7,0.0,1,1,1,141102.97,0
15604811,Cust4811,473,Germany,Male,34,7,218215.94,2,1,1,125134.2,0
15604812,Cust4812,623,Germany,Female,33,5,109189.85,2,0,1,72645.69,1
15604813,Cust4813,692,Spain,Male,49,8,0.0,1,1,0,93403.98,0
15604814,Cust4814,567,France,Male,35,6,0.0,1,1,1,167742.65,0
15604815,Cust4815,738,France,Male,39,1,0.0,1,0,0,139504.95,0
15604816,Cust4816,720,France,Female,36,1,147949.74,1,0,0,69591.31,0
15604817,Cust4817,663,Germany,Female,43,7,0.0,2,1,1,105809.88,0
15604818,Cust4818,652,Germany,Male,48,4,0.0,2,1,0,96840.09,0
15604819,Cust4819,669,Germany,Male,46,6,78751.65,1,1,0,20127.58,1
15604820,Cust4820,650,Germany,Male,33,8,47062.1,1,0,0,78752.72,0
15604821,Cust4821,527,France,Female,50,3,82133.92,1,0,1,34059.05,0
15604822,Cust4822,609,Germany,Male,29,9,138620.29,3,1,1,43224.95,0
15604823,Cust4823,657,Germany,Female,31,2,0.0,2,1,1,74737.54,1
15604824,Cust4824,786,France,Male,37,4,90212.78,1,1,1,199180.33,0
15604825,Cust4825,716,France,Female,48,3,129325.43,1,1,1,123440.91,0
15604826,Cust4826,791,France,Female,26,7,85493.13,2,1,0,69538.81,0
15604827,Cust4827,515,France,Male,47,1,155958.12,2,0,1,42062.31,0
15604828,Cust4828,616,Spain,Male,37,3,52786.3,1,1,0,83097.45,0
15604829,Cust4829,849,Spain,Female,34,3,0.0,2,0,1,63017.31,0
15604830,Cust4830,579,Germany,Male,49,7,135729.74,1,1,1,176058.89,0
15604831,Cust4831,577,France,Female,30,0,132362.31,3,1,1,110517.08,0
15604832,Cust4832,624,Germany,Female,61,7,69666.43,2,1,1,187663.53,1
15604833,Cust4833,844,Germany,Male,36,7,0.0,1,1,1,72485.89,1
15604834,Cust4834,586,France,Female,39,7,123070.62,2,1,1,35326.28,0
15604835,Cust4835,704,Spain,Male,53,5,164494.9,2,1,0,172157.42,1
15604836,Cust4836,688,France,Female,40,7,140577.37,1,0,0,131829.76,0
15604837,Cust4837,465,France,Male,50,1,0.0,2,1,1,141672.53,0
15604838,Cust4838,648,France,Male,18,6,0.0,1,0,1,40242.24,0
15604839,Cust4839,597,France,Male,34,7,51127.08,1,1,1,70321.57,0
15604840,Cust4840,715,Spain,Male,42,2,0.0,4,1,0,21990.24,0
15604841,Cust4841,817,France,Male,49,1,97238.6,2,1,1,62607.31,0
15604842,Cust4842,617,France,Male,46,3,0.0,1,1,1,138181.08,0
15604843,Cust4843,617,France,Female,45,5,0.0,2,1,0,163652.72,1
15604844,Cust4844,850,France,Male,49,0,121286.45,2,1,1,187860.43,0
15604845,Cust4845,582,France,Male,43,10,82305.28,2,0,1,76408.98,0
15604846,Cust4846,521,France,Male,18,7,0.0,1,1,0,60121.92,0
15604847,Cust4847,782,Germany,Male,52,8,0.0,2,0,0,171781.39,0
15604848,Cust4848,645,France,Male,30,9,173850.04,2,1,1,78941.51,0
15604849,Cust4849,677,Spain,Male,41,6,101585.02,2,1,1,88545.56,0
15604850,Cust4850,850,France,Female,40,8,118156.92,1,0,1,52114.13,1
15604851,Cust4851,515,Germany,Female,38,6,71620.78,3,0,1,21003.22,0
15604852,Cust4852,631,Spain,Female,27,8,72216.4,1,1,0,47384.48,1
15604853,Cust4853,531,France,Male,19,0,0.0,2,0,1,45815.57,0
15604854,Cust4854,682,France,Female,28,9,0.0,1,1,1,151245.17,0
15604855,Cust4855,597,Spain,Female,46,4,0.0,3,0,1,131834.0,0
15604856,Cust4856,537,France,Female,24,5,0.0,2,1,1,23388.21,0
15604857,Cust4857,720,Germany,Male,29,3,127626.53,2,1,1,14169.54,0
15604858,Cust4858,651,France,Male,42,4,0.0,1,1,1,100408.21,0
15604859,Cust4859,530,France,Male,28,5,164976.83,2,1,0,118206.28,0
15604860,Cust4860,536,Germany,Male,33,4,25769.92,1,1,0,137874.76,0
15604861,Cust4861,670,Spain,Female,39,10,180654.63,1,0,1,68220.27,0
15604862,Cust4862,490,France,Male,41,5,103449.84,3,1,0,117216.83,0
15604863,Cust4863,672,Spain,Male,28,8,123135.36,2,1,1,125407.59,0
15604864,Cust4864,779,Germany,Male,39,10,0.0,2,1,1,16803.1,0
15604865,Cust4865,714,France,Male,42,6,0.0,1,1,1,198272.91,0
15604866,Cust4866,590,France,Male,25,3,0.0,2,0,0,189615.82,0
15604867,Cust4867,676,France,Male,40,7,128045.86,1,1,0,82080.23,0
15604868,Cust4868,530,France,Male,31,0,120025.68,1,1,1,123171.73,0
15604869,Cust4869,663,Germany,Male,39,8,119121.83,3,1,0,82728.52,0
15604870,Cust4870,619,France,Female,45,0,0.0,2,1,1,169560.84,0
15604871,Cust4871,550,France,Female,36,5,36969.46,1,1,0,28099.49,0
15604872,Cust4872,710,Germany,Female,47,3,103689.61,1,0,1,44000.85,0
15604873,Cust4873,460,Germany,Female,46,9,33037.47,1,1,1,148359.34,1
15604874,Cust4874,536,Germany,Male,47,7,152572.62,1,0,1,57321.43,0
15604875,Cust4875,548,Germany,Female,42,6,132943.3,2,0,1,197479.64,0
15604876,Cust4876,602,France,Female,49,7,89387.61,1,0,0,168869.02,0
15604877,Cust4877,775,Germany,Male,42,8,139996.34,1,1,1,167763.37,0
15604878,Cust4878,722,France,Male,21,1,122502.95,1,1,0,42701.49,0
15604879,Cust4879,660,France,Female,30,0,0.0,2,0,1,48759.3,0
15604880,Cust4880,656,France,Male,36,10,0.0,1,1,0,164367.51,0
15604881,Cust4881,649,Germany,Female,37,5,61519.08,1,1,0,91040.72,0
15604882,Cust4882,782,Germany,Male,42,7,0.0,3,1,1,151801.98,0
15604883,Cust4883,476,France,Male,30,4,0.0,2,1,1,129205.31,1
15604884,Cust4884,724,Spain,Female,58,9,102197.01,1,1,0,175475.62,1
15604885,Cust4885,601,Spain,Female,37,0,0.0,2,0,1,161694.01,0
15604886,Cust4886,698,France,Female,38,4,0.0,2,1,0,137567.7,1
15604887,Cust4887,699,Germany,Female,31,7,107964.74,2,1,1,131020.35,0
15604888,Cust4888,720,France,Female,28,5,0.0,1,1,0,161846.8,0
15604889,Cust4889,802,Spain,Male,37,10,28802.55,1,0,0,104708.94,0
15604890,Cust4890,518,France,Female,38,0,101114.8,1,0,0,109678.66,1
15604891,Cust4891,747,France,Male,37,8,131462.45,1,0,1,188846.57,0
15604892,Cust4892,644,France,Male,55,9,0.0,1,0,1,161036.72,1
15604893,Cust4893,606,France,Female,37,0,0.0,1,1,0,177577.46,0
15604894,Cust4894,845,Germany,Male,37,7,0.0,1,0,0,138360.3,1
15604895,Cust4895,717,France,Female,46,0,131011.92,1,0,1,81924.38,0
15604896,Cust4896,610,France,Male,36,6,80970.39,1,1,1,185840.27,0
15604897,Cust4897,742,Germany,Male,43,3,0.0,1,1,0,58618.21,0
15604898,Cust4898,646,Spain,Male,25,9,0.0,2,1,1,71037.4,0
15604899,Cust4899,608,Spain,Female,25,2,0.0,2,0,1,53826.87,0
15604900,Cust4900,592,France,Female,39,4,0.0,4,1,1,146034.1,0
15604901,Cust4901,679,France,Male,36,0,0.0,1,1,0,121900.96,1
15604902,Cust4902,591,France,Male,30,8,0.0,1,1,0,119483.44,0
15604903,Cust4903,665,Spain,Male,39,0,30961.48,1,0,0,143581.89,1
15604904,Cust4904,735,Germany,Male,40,7,95362.71,2,1,1,167538.63,0
15604905,Cust4905,661,Germany,Female,31,3,0.0,1,1,0,60328.47,0
15604906,Cust4906,840,Spain,Female,33,10,0.0,2,0,0,155167.05,0
15604907,Cust4907,651,France,Male,40,1,87381.01,3,1,0,109517.02,1
15604908,Cust4908,780,Germany,Male,28,7,103732.93,1,0,1,179430.35,0
15604909,Cust4909,744,France,Female,32,2,0.0,1,0,0,18537.51,0
15604910,Cust4910,796,France,Male,43,0,0.0,2,1,0,55306.32,0
15604911,Cust4911,839,France,Male,38,9,109452.33,2,1,0,44976.42,1
15604912,Cust4912,481,France,Female,33,9,0.0,2,1,0,21569.49,0
15604913,Cust4913,675,Spain,Male,29,10,155826.08,1,1,1,137339.27,0
15604914,Cust4914,639,France,Male,28,2,110188.22,1,0,1,160373.1,1
15604915,Cust4915,661,Spain,Male,37,8,4038.85,2,0,1,110405.63,0
15604916,Cust4916,612,Germany,Female,58,5,0.0,1,0,1,168592.58,0
15604917,Cust4917,598,Germany,Male,44,2,68774.06,2,1,0,131659.29,0
15604918,Cust4918,544,Spain,Female,25,4,61455.2,1,0,0,132974.23,0
15604919,Cust4919,659,France,Male,45,1,0.0,1,1,1,55003.53,0
15604920,Cust4920,740,France,Male,30,6,128093.31,1,1,0,193487.2,0
15604921,Cust4921,603,France,Female,38,6,82863.06,2,1,0,104386.56,0
15604922,Cust4922,618,France,Male,32,1,78837.81,1,1,0,193005.04,0
15604923,Cust4923,583,Spain,Male,58,8,0.0,1,1,0,87188.62,0
15604924,Cust4924,555,France,Male,27,6,0.0,1,1,0,96178.17,0
15604925,Cust4925,627,France,Female,41,7,0.0,2,1,1,144779.57,1
15604926,Cust4926,683,France,Male,31,1,0.0,1,1,0,162809.98,0
15604927,Cust4927,771,France,Female,45,8,7122.47,2,1,1,55264.1,0
15604928,Cust4928,536,Germany,Male,41,4,123352.57,3,0,0,198923.62,0
15604929,Cust4929,647,France,Male,51,5,0.0,1,1,0,18384.25,0
15604930,Cust4930,763,Spain,Male,45,1,123013.86,3,1,1,20487.01,0
15604931,Cust4931,537,Germany,Male,31,10,147969.94,1,0,0,32669.75,1
15604932,Cust4932,772,Spain,Female,67,5,53129.43,2,1,1,117591.65,0
15604933,Cust4933,608,France,Male,44,8,67113.17,1,1,1,131338.59,0
15604934,Cust4934,718,Germany,Female,32,6,143874.72,2,1,1,181046.98,0
15604935,Cust4935,629,France,Male,40,0,0.0,2,1,0,95874.73,0
15604936,Cust4936,694,France,Male,44,7,64828.61,1,0,0,159169.0,0
15604937,Cust4937,804,Germany,Male,44,4,67415.9,1,1,1,126894.64,1
15604938,Cust4938,638,Germany,Female,43,6,0.0,1,1,0,89262.89,1
15604939,Cust4939,746,France,Male,48,6,77664.99,1,1,0,119418.39,0
15604940,Cust4940,676,Spain,Female,47,8,122797.82,2,1,1,51586.51,0
15604941,Cust4941,575,France,Female,30,2,129283.96,2,0,0,155302.14,0
15604942,Cust4942,636,Germany,Female,59,10,170395.36,1,1,1,113413.01,0
15604943,Cust4943,630,Spain,Male,58,4,0.0,1,1,1,166681.58,0
15604944,Cust4944,514,Germany,Female,46,7,15349.86,3,1,1,80365.74,1
15604945,Cust4945,694,Spain,Male,38,6,165315.47,1,1,0,47097.76,1
15604946,Cust4946,713,Germany,Male,39,6,106316.92,2,0,1,102528.83,0
15604947,Cust4947,728,Spain,Male,35,6,53768.61,1,0,1,103911.61,0
15604948,Cust4948,787,Germany,Female,36,6,144043.89,2,1,1,71274.69,0
15604949,Cust4949,742,Germany,Male,18,9,59400.43,2,1,1,125230.89,0
15604950,Cust4950,592,France,Female,53,3,158250.93,1,1,1,67637.52,0
15604951,Cust4951,613,Germany,Female,50,2,0.0,2,1,0,123021.27,0
15604952,Cust4952,731,France,Male,21,10,148455.68,1,1,0,111635.97,0
15604953,Cust4953,687,Spain,Male,47,10,133391.47,1,1,0,15087.0,0
15604954,Cust4954,648,France,Female,38,4,45646.45,2,0,0,137039.64,0
15604955,Cust4955,566,France,Male,36,3,0.0,2,0,0,88464.65,1
15604956,Cust4956,599,Spain,Male,43,8,0.0,2,1,0,162629.48,0
15604957,Cust4957,706,France,Male,21,10,0.0,2,1,0,148131.03,0
15604958,Cust4958,463,France,Female,38,10,129808.3,1,1,0,160435.41,0
15604959,Cust4959,425,Germany,Male,39,2,0.0,1,1,1,60767.28,1
15604960,Cust4960,717,France,Male,39,2,60929.11,1,1,0,152133.79,0
15604961,Cust4961,599,France,Male,24,5,115587.04,1,1,1,135456.49,0
15604962,Cust4962,695,France,Male,42,1,6668.1,1,1,1,184887.65,0
15604963,Cust4963,801,France,Female,49,10,0.0,3,1,1,134191.68,0
15604964,Cust4964,553,France,Male,42,3,0.0,1,0,0,32247.49,0
15604965,Cust4965,490,France,Female,36,3,0.0,1,0,0,112850.75,0
15604966,Cust4966,623,France,Female,65,10,0.0,2,1,1,131981.94,0
15604967,Cust4967,584,France,Male,29,9,0.0,2,0,1,184935.07,0
15604968,Cust4968,648,France,Female,46,10,110593.81,2,1,0,64223.04,1
15604969,Cust4969,702,Germany,Female,40,5,0.0,2,1,1,79259.97,0
15604970,Cust4970,681,Germany,Female,58,8,157036.07,1,1,1,166632.92,1
15604971,Cust4971,654,France,Female,42,4,135911.65,1,1,1,126248.6,0
15604972,Cust4972,752,France,Male,44,0,27903.44,2,0,1,95221.77,0
15604973,Cust4973,714,Spain,Female,43,7,59379.86,2,1,1,147492.36,1
15604974,Cust4974,633,Germany,Male,27,0,21788.12,3,1,0,16653.65,1
15604975,Cust4975,711,France,Female,29,2,58711.06,2,1,0,84013.4,0
15604976,Cust4976,502,France,Male,35,3,0.0,1,1,0,89419.51,0
15604977,Cust4977,752,France,Female,48,7,113413.46,1,1,0,27068.75,0
15604978,Cust4978,652,Spain,Female,40,8,144767.03,2,1,1,193356.4,0
15604979,Cust4979,535,Spain,Female,36,1,0.0,2,1,0,195929.99,0
15604980,Cust4980,610,Spain,Male,52,8,90722.0,1,1,1,124140.83,0
15604981,Cust4981,750,France,Female,18,7,126880.95,2,1,1,74151.01,1
15604982,Cust4982,576,France,Female,25,6,54652.37,4,0,0,133774.18,0
15604983,Cust4983,689,France,Female,18,6,0.0,1,1,0,186210.26,0
15604984,Cust4984,734,France,Female,50,4,142540.46,1,1,1,176122.41,1
15604985,Cust4985,652,France,Female,37,1,145047.87,1,0,1,72019.85,0
15604986,Cust4986,567,Germany,Female,48,1,123785.74,1,1,1,145487.08,0
15604987,Cust4987,644,France,Male,37,1,0.0,2,1,1,40099.74,0
15604988,Cust4988,515,Spain,Male,48,5,0.0,2,1,0,138192.14,0
15604989,Cust4989,603,France,Female,37,6,0.0,1,0,1,55673.79,0
15604990,Cust4990,544,France,Female,42,1,0.0,2,0,0,164254.29,0
15604991,Cust4991,645,Spain,Male,41,1,0.0,1,1,1,142801.35,0
15604992,Cust4992,528,Germany,Male,41,7,158302.9,2,0,0,13117.53,0
15604993,Cust4993,658,France,Male,55,6,13348.22,2,1,1,117141.29,0
15604994,Cust4994,759,Germany,Female,22,10,87711.46,2,1,1,96539.05,0
15604995,Cust4995,765,France,Female,37,10,0.0,1,0,0,188401.73,0
15604996,Cust4996,530,France,Female,40,10,67141.35,2,1,0,114649.76,0
15604997,Cust4997,586,France,Male,38,1,32325.37,2,1,1,32159.78,0
15604998,Cust4998,732,France,Male,34,4,62858.2,2,1,0,160968.17,0
15604999,Cust4999,718,Germany,Female,33,5,88713.61,2,1,0,176932.65,0
15605000,Cust5000,591,France,Male,53,8,107464.67,3,1,0,115785.15,0
15605001,Cust5001,603,Germany,Male,37,10,94492.61,1,1,0,176462.31,1
15605002,Cust5002,658,Spain,Male,62,9,105575.0,1,1,0,69792.26,1
15605003,Cust5003,474,France,Female,43,10,0.0,1,0,0,66198.2,0
15605004,Cust5004,700,France,Male,35,0,0.0,1,1,1,178312.93,0
15605005,Cust5005,754,France,Male,44,0,0.0,2,0,0,89900.85,0
15605006,Cust5006,613,Spain,Male,39,4,115260.33,1,1,0,198902.62,0
15605007,Cust5007,514,Germany,Female,51,8,0.0,1,1,0,187791.1,0
15605008,Cust5008,786,Germany,Male,26,3,27522.87,2,1,0,112441.23,0
15605009,Cust5009,671,France,Male,20,2,79015.87,1,1,1,159253.7,0
15605010,Cust5010,718,France,Male,42,2,239729.81,1,1,1,162147.88,0
15605011,Cust5011,523,Germany,Male,46,8,99390.78,2,0,0,78330.33,0
15605012,Cust5012,524,France,Female,41,8,137807.4,2,1,1,98218.1,0
15605013,Cust5013,690,Germany,Female,45,3,153386.0,1,1,0,181690.43,0
15605014,Cust5014,749,France,Male,43,0,85979.0,2,0,1,107035.02,0
15605015,Cust5015,542,France,Female,23,2,166858.28,2,1,0,67879.17,1
15605016,Cust5016,640,Germany,Male,41,3,122275.98,1,1,1,35170.24,0
15605017,Cust5017,498,France,Female,51,5,149121.1,2,1,0,91606.09,0
15605018,Cust5018,583,Germany,Male,40,4,0.0,1,1,0,96014.29,0
15605019,Cust5019,625,France,Male,25,1,111368.57,2,1,0,104276.62,0
15605020,Cust5020,697,Spain,Female,35,10,0.0,2,1,0,153507.07,0
15605021,Cust5021,448,Spain,Female,44,4,78064.65,1,0,1,195795.35,0
15605022,Cust5022,777,Spain,Female,56,2,0.0,1,1,1,84593.67,0
15605023,Cust5023,634,Germany,Female,18,4,0.0,1,1,1,164078.56,0
15605024,Cust5024,774,Germany,Female,42,8,106286.8,3,0,0,130060.26,1
15605025,Cust5025,717,Germany,Female,29,10,0.0,2,1,0,171615.59,1
15605026,Cust5026,732,France,Male,43,4,115268.14,2,1,0,91444.98,0
15605027,Cust5027,844,France,Male,44,5,0.0,1,1,1,98833.65,0
15605028,Cust5028,575,Germany,Female,36,3,0.0,2,1,0,68063.9,1
15605029,Cust5029,663,France,Female,44,7,118183.66,2,1,1,143355.79,0
15605030,Cust5030,555,France,Female,49,7,72090.19,1,0,1,63892.4,0
15605031,Cust5031,640,Spain,Male,36,1,0.0,1,1,0,88355.13,0
15605032,Cust5032,719,France,Male,25,6,101057.01,1,1,1,108485.46,0
15605033,Cust5033,758,Germany,Male,52,10,75957.93,1,1,1,166196.4,0
15605034,Cust5034,613,Germany,Female,46,2,80644.8,1,1,0,133596.65,1
15605035,Cust5035,534,France,Male,44,5,95583.69,1,1,1,112467.35,0
15605036,Cust5036,657,Spain,Female,31,7,123300.34,2,0,1,25563.03,0
15605037,Cust5037,568,France,Male,48,0,0.0,1,0,0,23937.94,0
15605038,Cust5038,595,Spain,Male,58,5,0.0,1,1,0,78645.74,0
15605039,Cust5039,714,Spain,Female,37,6,0.0,2,1,1,15579.95,0
15605040,Cust5040,697,France,Male,39,5,0.0,2,1,0,53536.19,0
15605041,Cust5041,730,France,Female,27,3,123865.28,1,1,1,190716.32,1
15605042,Cust5042,618,France,Male,31,8,0.0,3,1,1,51907.78,0
15605043,Cust5043,747,France,Male,27,3,126373.01,1,1,1,162088.62,0
15605044,Cust5044,651,France,Female,39,5,150442.89,1,1,1,135547.05,0
15605045,Cust5045,623,Spain,Female,35,3,183085.88,1,1,1,34717.47,0
15605046,Cust5046,545,France,Male,42,9,104362.06,1,0,0,49563.02,0
15605047,Cust5047,449,Spain,Male,29,4,88474.44,1,1,1,16668.53,0
15605048,Cust5048,500,France,Female,36,4,95308.69,2,0,0,16710.86,0
15605049,Cust5049,671,Spain,Female,28,3,84867.96,2,1,1,178714.21,0
15605050,Cust5050,563,France,Female,40,5,0.0,1,1,0,196156.85,0
15605051,Cust5051,492,France,Female,22,8,101590.25,1,1,1,186565.06,0
15605052,Cust5052,610,Germany,Male,40,6,32091.19,1,0,1,78069.68,0
15605053,Cust5053,677,France,Female,35,1,138536.46,2,0,1,24928.66,1
15605054,Cust5054,690,Spain,Female,40,0,0.0,2,0,0,155415.34,0
15605055,Cust5055,647,France,Female,21,1,0.0,1,1,0,64871.41,1
15605056,Cust5056,644,Germany,Female,45,9,62166.9,2,1,1,47772.5,0
15605057,Cust5057,598,Germany,Female,35,1,0.0,1,1,0,97806.58,0
15605058,Cust5058,711,Germany,Female,40,1,143576.02,2,0,1,26254.41,0
15605059,Cust5059,633,France,Male,19,4,58183.31,1,0,1,15661.59,1
15605060,Cust5060,643,France,Male,26,2,51725.66,2,1,0,106270.19,1
15605061,Cust5061,750,France,Female,34,1,0.0,2,0,0,129872.43,0
15605062,Cust5062,726,France,Male,52,2,0.0,2,1,0,126312.74,0
15605063,Cust5063,632,France,Male,43,0,0.0,2,0,1,15770.02,0
15605064,Cust5064,619,Spain,Male,39,5,72656.04,1,1,1,27443.49,0
15605065,Cust5065,618,Germany,Female,29,3,208896.21,1,1,1,46098.2,0
15605066,Cust5066,456,Germany,Female,27,3,0.0,2,1,1,74111.25,1
15605067,Cust5067,755,France,Female,41,10,153512.85,2,1,0,148694.45,0
15605068,Cust5068,584,France,Male,45,10,22779.52,3,1,0,15761.14,0
15605069,Cust5069,732,Germany,Male,40,0,65724.25,2,0,1,46417.92,0
15605070,Cust5070,654,France,Male,55,9,140782.14,1,0,0,151641.65,1
15605071,Cust5071,784,France,Female,31,0,179629.38,2,1,0,84511.02,0
15605072,Cust5072,701,France,Male,40,6,0.0,2,1,0,96905.28,1
15605073,Cust5073,738,Germany,Female,21,6,0.0,1,1,1,30494.57,0
15605074,Cust5074,593,Spain,Female,40,6,49088.13,1,0,0,67149.16,0
15605075,Cust5075,527,France,Female,53,5,0.0,1,1,1,75174.53,0
15605076,Cust5076,664,France,Female,28,7,93038.14,1,1,0,192032.04,0
15605077,Cust5077,466,France,Female,46,1,0.0,2,0,1,116040.89,0
15605078,Cust5078,605,France,Female,52,4,0.0,2,0,1,36132.32,0
15605079,Cust5079,536,Germany,Male,31,9,124847.91,2,1,0,152519.49,0
15605080,Cust5080,569,France,Male,43,6,64601.78,2,1,1,186556.64,0
15605081,Cust5081,707,Germany,Male,54,7,0.0,2,0,1,17802.75,0
15605082,Cust5082,701,France,Male,40,0,128273.01,2,0,0,109790.64,0
15605083,Cust5083,634,France,Female,46,5,108392.5,1,1,0,87433.6,1
15605084,Cust5084,681,Spain,Male,20,1,186376.78,1,0,0,128482.1,1
15605085,Cust5085,598,France,Female,44,5,129252.55,2,1,1,31278.62,0
15605086,Cust5086,850,Spain,Male,43,3,0.0,1,0,0,39666.49,0
15605087,Cust5087,679,France,Female,25,8,171678.65,1,1,1,115525.11,0
15605088,Cust5088,593,Spain,Male,28,8,73296.49,3,0,1,103063.23,0
15605089,Cust5089,734,France,Male,44,1,0.0,2,0,0,143038.02,0
15605090,Cust5090,769,France,Male,35,4,0.0,1,1,0,146878.72,0
15605091,Cust5091,576,Spain,Female,49,10,142557.61,2,0,0,166457.35,0
15605092,Cust5092,514,France,Male,41,0,173452.03,2,1,0,152844.76,0
15605093,Cust5093,533,France,Female,39,1,110922.65,3,1,0,189808.66,0
15605094,Cust5094,586,Spain,Female,36,10,26433.13,2,1,1,124076.43,1
15605095,Cust5095,645,Germany,Female,41,5,147952.45,1,1,1,156828.79,0
15605096,Cust5096,494,Germany,Female,46,6,170448.44,2,0,0,183772.93,0
15605097,Cust5097,610,Germany,Female,43,2,69011.13,2,1,0,101106.38,0
15605098,Cust5098,630,Spain,Female,34,4,72403.2,1,0,1,33399.69,0
15605099,Cust5099,681,Spain,Male,50,7,0.0,2,1,0,169564.94,0
15605100,Cust5100,709,Germany,Female,45,3,0.0,2,1,1,33347.4,0
15605101,Cust5101,689,France,Male,42,9,52342.0,3,0,1,74078.5,0
15605102,Cust5102,822,France,Female,39,10,62024.65,3,1,1,159133.07,0
15605103,Cust5103,755,Germany,Male,43,6,82375.22,1,1,1,50726.3,0
15605104,Cust5104,671,Spain,Male,20,2,136167.09,1,1,1,51296.05,1
15605105,Cust5105,557,France,Female,40,2,109698.24,1,1,0,167458.28,0
15605106,Cust5106,585,France,Male,54,0,145538.66,1,1,0,75323.68,0
15605107,Cust5107,513,France,Male,40,8,128380.85,1,1,1,107348.44,0
15605108,Cust5108,665,Germany,Male,39,9,163389.1,2,0,0,60519.13,0
15605109,Cust5109,682,Spain,Female,32,10,149835.88,1,1,0,80008.81,1
15605110,Cust5110,736,France,Male,43,10,52745.23,2,1,1,158900.92,0
15605111,Cust5111,676,Germany,Male,36,1,87035.92,1,1,0,173826.19,0
15605112,Cust5112,751,Spain,Female,51,7,160154.82,1,1,1,99700.68,0
15605113,Cust5113,753,Spain,Female,29,2,120884.72,1,0,0,105641.92,1
15605114,Cust5114,551,France,Male,33,1,0.0,1,1,1,139766.05,0
15605115,Cust5115,600,Spain,Male,32,5,0.0,1,1,1,64541.57,0
15605116,Cust5116,649,Germany,Male,56,7,141691.8,2,1,0,154020.69,0
15605117,Cust5117,582,Spain,Female,36,8,85987.96,1,0,0,189748.16,0
15605118,Cust5118,627,France,Male,33,5,153579.63,3,1,0,43387.3,0
15605119,Cust5119,679,Germany,Male,18,1,0.0,1,0,1,80330.95,0
15605120,Cust5120,638,Germany,Male,29,0,169248.81,1,1,0,36067.75,0
15605121,Cust5121,650,France,Female,43,0,154731.42,2,1,0,31749.61,1
15605122,Cust5122,560,France,Male,43,8,0.0,1,0,0,122394.91,0
15605123,Cust5123,699,Germany,Female,31,6,136716.64,1,1,0,63851.55,1
15605124,Cust5124,692,Germany,Male,32,3,0.0,1,1,0,60349.9,0
15605125,Cust5125,577,France,Female,57,8,104155.71,2,0,1,85541.38,0
15605126,Cust5126,526,France,Female,65,3,100498.9,1,1,1,141620.92,1
15605127,Cust5127,768,France,Male,49,3,24587.03,1,1,0,66679.73,0
15605128,Cust5128,818,Spain,Male,54,8,21397.58,2,0,1,111327.57,0
15605129,Cust5129,673,Spain,Male,56,6,154520.42,2,1,0,163459.44,1
15605130,Cust5130,615,France,Female,60,7,98780.39,2,1,0,24495.97,0
15605131,Cust5131,750,France,Male,35,8,0.0,1,0,0,45437.34,0
15605132,Cust5132,695,France,Female,29,3,0.0,2,0,1,110826.43,0
15605133,Cust5133,630,France,Male,56,0,157024.25,2,1,0,62842.7,1
15605134,Cust5134,743,Spain,Female,28,7,32647.87,1,1,0,188800.34,0
15605135,Cust5135,572,Germany,Female,28,3,138105.48,2,1,1,24363.41,0
15605136,Cust5136,584,France,Male,28,10,189071.92,3,1,0,73177.55,1
15605137,Cust5137,685,France,Male,37,3,0.0,1,1,1,12006.15,0
15605138,Cust5138,661,France,Female,18,8,56517.35,1,1,0,12033.71,0
15605139,Cust5139,711,Spain,Male,24,7,0.0,1,1,0,23816.43,0
15605140,Cust5140,765,Germany,Female,32,7,129342.03,2,1,1,88340.38,0
15605141,Cust5141,501,Germany,Female,26,7,0.0,2,1,0,74043.72,0
15605142,Cust5142,654,France,Male,49,0,83970.46,1,0,1,90975.7,0
15605143,Cust5143,833,Spain,Male,38,9,0.0,1,1,0,80128.11,0
15605144,Cust5144,593,France,Male,44,2,186178.51,1,1,1,25181.19,0
15605145,Cust5145,581,Spain,Male,43,6,92706.55,1,0,1,125525.7,0
15605146,Cust5146,435,Spain,Female,36,2,105977.91,2,1,0,73045.36,0
15605147,Cust5147,660,France,Female,48,2,114424.09,1,1,1,112320.11,0
15605148,Cust5148,706,Spain,Male,43,4,1000.0,1,1,0,162416.78,0
15605149,Cust5149,706,France,Female,35,4,66154.05,1,1,1,183110.99,0
15605150,Cust5150,550,Germany,Male,21,9,0.0,1,1,0,175998.26,0
15605151,Cust5151,649,France,Female,43,4,0.0,2,1,0,80206.46,0
15605152,Cust5152,671,France,Female,25,10,0.0,2,1,1,44353.88,0
15605153,Cust5153,655,France,Male,42,7,165692.51,2,1,1,116732.06,0
15605154,Cust5154,545,France,Female,39,7,91494.32,1,0,1,175816.08,0
15605155,Cust5155,657,France,Female,24,10,120249.76,2,0,0,163282.26,0
15605156,Cust5156,572,France,Male,41,10,56788.76,1,1,1,97294.9,0
15605157,Cust5157,470,Germany,Male,40,5,0.0,1,1,1,157466.62,0
15605158,Cust5158,715,France,Female,40,4,48996.16,2,0,1,46056.41,0
15605159,Cust5159,663,France,Male,39,7,0.0,1,1,1,15817.54,0
15605160,Cust5160,707,Spain,Male,31,2,0.0,1,0,1,183642.35,0
15605161,Cust5161,599,Spain,Male,44,1,70800.96,1,1,1,190446.75,0
15605162,Cust5162,710,France,Female,31,3,1000.0,2,1,1,148272.75,0
15605163,Cust5163,748,France,Male,27,6,129099.66,1,1,0,74762.59,0
15605164,Cust5164,818,Germany,Male,45,10,59079.48,2,1,0,26855.71,0
15605165,Cust5165,728,Germany,Male,47,8,97772.38,1,1,1,17579.56,1
15605166,Cust5166,687,France,Male,44,3,62838.49,1,1,1,15593.09,0
15605167,Cust5167,518,Germany,Female,36,8,0.0,2,0,0,66461.54,1
15605168,Cust5168,640,France,Male,19,5,0.0,2,0,1,61936.32,0
15605169,Cust5169,513,France,Female,53,10,136122.57,2,1,0,59789.8,0
15605170,Cust5170,571,Germany,Male,18,6,74675.05,1,1,0,178381.88,0
15605171,Cust5171,838,Germany,Female,44,10,79689.54,2,1,0,43781.14,0
15605172,Cust5172,552,Spain,Male,59,8,96135.87,2,1,0,33310.91,0
15605173,Cust5173,425,France,Female,39,5,91026.61,4,0,0,87471.27,0
15605174,Cust5174,728,France,Male,41,8,156945.55,2,1,0,158355.16,1
15605175,Cust5175,585,France,Female,42,9,123291.7,1,0,1,100282.26,0
15605176,Cust5176,724,France,Male,40,2,154030.84,2,1,0,136841.73,0
15605177,Cust5177,538,France,Male,62,8,0.0,1,1,1,134309.81,0
15605178,Cust5178,609,Germany,Female,30,10,87827.95,2,1,0,39872.64,0
15605179,Cust5179,765,Germany,Male,28,5,88577.42,2,0,0,151055.77,0
15605180,Cust5180,523,Germany,Male,35,4,21947.7,1,1,0,33779.95,0
15605181,Cust5181,634,France,Female,55,0,179315.35,1,1,1,145715.68,0
15605182,Cust5182,678,France,Female,32,8,87908.62,1,1,0,185525.75,1
15605183,Cust5183,581,Germany,Female,42,10,0.0,1,1,1,32883.49,1
15605184,Cust5184,673,France,Female,49,6,47468.65,1,1,0,34897.21,1
15605185,Cust5185,652,Spain,Male,46,10,22974.82,2,1,0,197753.62,0
15605186,Cust5186,701,France,Male,48,1,0.0,1,1,0,194605.54,0
15605187,Cust5187,827,Germany,Female,52,5,118667.12,1,0,0,103013.43,1
15605188,Cust5188,850,Spain,Male,41,8,0.0,2,1,0,39416.26,0
15605189,Cust5189,694,Germany,Male,33,3,152977.74,1,0,1,131638.15,0
15605190,Cust5190,639,Germany,Male,39,9,0.0,2,1,0,110546.42,0
15605191,Cust5191,692,Germany,Male,35,1,83863.94,1,1,1,84501.15,0
15605192,Cust5192,628,France,Male,63,9,90237.06,2,0,0,149155.42,0
15605193,Cust5193,498,Germany,Male,33,0,44134.84,2,0,1,56160.82,0
15605194,Cust5194,646,Spain,Female,43,1,125808.93,1,0,1,158063.63,0
15605195,Cust5195,754,Spain,Female,23,8,30174.51,1,1,0,133790.75,0
15605196,Cust5196,509,France,Female,39,10,0.0,1,1,0,32985.66,0
15605197,Cust5197,555,France,Male,35,4,45823.27,1,1,1,91745.2,0
15605198,Cust5198,594,Spain,Male,45,2,91869.14,1,1,1,108892.09,0
15605199,Cust5199,686,Germany,Female,45,6,62708.08,2,1,1,101404.6,0
15605200,Cust5200,850,France,Male,52,3,0.0,2,1,1,99534.81,0
15605201,Cust5201,572,France,Male,51,3,0.0,1,1,1,160478.41,0
15605202,Cust5202,659,France,Female,37,0,0.0,2,0,0,113235.03,0
15605203,Cust5203,651,France,Female,29,6,190286.31,1,1,0,53409.03,0
15605204,Cust5204,621,France,Male,30,1,31099.23,1,1,1,121775.67,0
15605205,Cust5205,645,France,Female,41,8,8526.61,1,1,0,66147.07,0
15605206,Cust5206,605,France,Female,40,2,0.0,1,1,1,47912.94,0
15605207,Cust5207,850,Spain,Female,41,9,100269.49,1,0,1,198994.55,0
15605208,Cust5208,722,France,Male,33,7,0.0,1,1,1,130622.5,0
15605209,Cust5209,606,France,Female,52,5,81169.57,1,1,1,73544.55,0
15605210,Cust5210,764,France,Female,23,4,124811.69,3,0,1,62272.28,0
15605211,Cust5211,675,France,Male,32,3,0.0,2,1,0,89295.18,1
15605212,Cust5212,656,Spain,Female,27,0,0.0,3,1,0,157142.91,0
15605213,Cust5213,633,Spain,Female,36,0,0.0,1,1,0,155225.57,0
15605214,Cust5214,626,France,Male,50,6,0.0,2,1,0,117409.96,0
15605215,Cust5215,533,France,Male,35,9,0.0,1,1,0,166116.65,1
15605216,Cust5216,489,France,Male,39,7,92484.19,1,0,0,110850.27,1
15605217,Cust5217,686,France,Female,45,9,37343.29,1,1,1,161576.17,0
15605218,Cust5218,632,France,Male,35,8,128092.0,1,1,1,162508.07,0
15605219,Cust5219,734,France,Male,42,3,94368.06,1,1,0,117334.68,0
15605220,Cust5220,565,France,Male,41,10,0.0,2,1,0,45609.38,1
15605221,Cust5221,545,Germany,Female,27,2,139166.34,2,1,1,149894.72,0
15605222,Cust5222,725,France,Female,33,3,47771.72,1,1,1,168591.29,0
15605223,Cust5223,622,France,Male,42,7,0.0,2,1,0,111444.57,0
15605224,Cust5224,732,France,Male,51,0,108811.66,1,1,0,144838.91,1
15605225,Cust5225,653,France,Male,51,8,0.0,1,1,1,103390.54,1
15605226,Cust5226,830,France,Male,59,3,82427.85,1,1,1,12227.55,0
15605227,Cust5227,723,France,Female,43,7,0.0,1,1,0,158641.56,0
15605228,Cust5228,689,France,Male,34,8,1000.0,1,1,1,96371.92,0
15605229,Cust5229,727,France,Female,37,0,33252.21,1,0,1,193207.83,0
15605230,Cust5230,624,Spain,Female,37,3,53656.2,1,1,1,16390.22,0
15605231,Cust5231,492,Spain,Female,34,10,61130.55,2,1,1,175176.84,1
15605232,Cust5232,685,France,Male,42,10,144722.11,2,1,0,36846.65,0
15605233,Cust5233,836,France,Male,42,5,7665.83,4,0,1,26193.3,0
15605234,Cust5234,430,Germany,Male,26,4,135440.99,1,1,1,87650.43,0
15605235,Cust5235,695,Germany,Female,49,6,0.0,1,1,0,45304.96,0
15605236,Cust5236,503,France,Female,20,8,44492.37,2,1,1,134908.11,0
15605237,Cust5237,648,France,Female,36,0,174151.96,2,0,1,125600.44,0
15605238,Cust5238,658,France,Female,49,3,0.0,1,1,1,169095.24,0
15605239,Cust5239,722,Germany,Male,44,0,135715.27,2,1,0,171678.77,0
15605240,Cust5240,670,France,Female,34,5,0.0,3,0,0,66256.42,1
15605241,Cust5241,782,France,Female,58,1,11017.01,1,1,0,157035.91,0
15605242,Cust5242,762,France,Male,34,9,48286.04,3,1,0,188783.27,0
15605243,Cust5243,631,France,Female,18,4,156041.17,1,1,1,71585.53,0
15605244,Cust5244,755,France,Female,43,9,0.0,1,1,0,78679.69,0
15605245,Cust5245,620,Germany,Female,20,10,125374.72,1,0,1,39880.8,0
15605246,Cust5246,603,Germany,Female,30,2,0.0,2,1,1,199221.04,0
15605247,Cust5247,534,France,Male,44,8,130537.22,1,1,1,191257.23,0
15605248,Cust5248,776,France,Female,33,0,41173.88,2,0,1,144963.7,0
15605249,Cust5249,621,Spain,Male,44,10,129069.66,1,1,0,15489.9,0
15605250,Cust5250,418,France,Female,26,8,88160.69,1,1,1,107950.54,0
15605251,Cust5251,702,France,Male,47,7,0.0,2,0,0,175950.98,0
15605252,Cust5252,608,France,Female,21,6,0.0,1,0,0,27817.93,0
15605253,Cust5253,621,Spain,Male,51,1,25779.0,2,0,1,90427.69,0
15605254,Cust5254,628,Spain,Male,33,2,0.0,3,1,0,28544.45,1
15605255,Cust5255,618,Spain,Male,53,7,0.0,2,0,1,180297.76,0
15605256,Cust5256,850,Germany,Female,30,2,0.0,4,1,0,130960.3,0
15605257,Cust5257,810,France,Male,57,7,0.0,1,1,0,128216.2,0
15605258,Cust5258,717,France,Male,28,9,0.0,1,1,0,70869.34,1
15605259,Cust5259,673,France,Male,20,9,0.0,2,1,0,88072.05,0
15605260,Cust5260,758,Germany,Male,38,0,0.0,3,1,1,154036.42,0
15605261,Cust5261,673,Germany,Female,50,5,114530.87,1,0,0,27811.5,0
15605262,Cust5262,728,France,Male,46,1,52193.27,4,1,1,142776.34,1
15605263,Cust5263,704,Spain,Male,50,2,0.0,1,1,0,104921.98,0
15605264,Cust5264,662,France,Male,46,9,46557.77,2,1,0,89826.58,1
15605265,Cust5265,740,France,Male,30,8,61713.21,2,1,1,130715.71,0
15605266,Cust5266,610,France,Male,46,7,164920.39,1,1,0,14314.93,0
15605267,Cust5267,656,Spain,Male,39,8,64126.32,1,1,0,111413.66,0
15605268,Cust5268,556,Spain,Male,31,1,74340.45,1,0,0,118246.99,0
15605269,Cust5269,567,France,Male,40,5,0.0,2,1,0,32130.85,0
15605270,Cust5270,407,Spain,Male,37,2,142786.26,2,0,1,33130.81,0
15605271,Cust5271,694,Spain,Female,52,1,0.0,1,1,1,83758.56,0
15605272,Cust5272,720,Spain,Male,33,10,152560.78,2,1,0,185274.18,1
15605273,Cust5273,754,Spain,Female,32,4,0.0,2,1,0,126219.64,1
15605274,Cust5274,544,France,Female,31,2,126729.63,1,0,1,116687.71,0
15605275,Cust5275,692,Spain,Female,57,9,92834.77,1,1,0,195082.76,0
15605276,Cust5276,650,Germany,Male,32,7,0.0,1,1,1,112840.68,0
15605277,Cust5277,721,Germany,Female,51,3,0.0,1,0,1,15934.21,0
15605278,Cust5278,587,France,Female,28,8,0.0,3,0,1,169150.89,0
15605279,Cust5279,618,Germany,Female,43,8,119835.57,3,1,0,191808.34,1
15605280,Cust5280,501,Spain,Female,41,2,131560.94,2,1,0,194413.48,0
15605281,Cust5281,581,France,Male,50,2,23398.21,1,1,0,50933.92,0
15605282,Cust5282,650,Spain,Female,49,1,56941.27,2,1,0,113681.79,0
15605283,Cust5283,667,France,Female,39,3,0.0,1,1,1,87807.6,0
15605284,Cust5284,488,France,Male,33,3,9933.61,1,1,0,94353.82,0
15605285,Cust5285,601,France,Male,54,3,45460.62,4,0,1,71700.0,0
15605286,Cust5286,665,Spain,Female,32,2,165923.14,2,1,1,16244.67,0
15605287,Cust5287,785,Germany,Male,18,1,79762.5,3,1,0,49014.53,0
15605288,Cust5288,569,France,Female,19,7,0.0,1,1,0,27660.34,0
15605289,Cust5289,697,Germany,Male,22,3,114988.86,1,1,0,102820.82,1
15605290,Cust5290,596,France,Female,44,1,0.0,2,1,1,45517.96,1
15605291,Cust5291,607,France,Male,60,7,0.0,1,1,0,105796.85,0
15605292,Cust5292,566,Spain,Female,18,2,0.0,2,0,0,48827.92,0
15605293,Cust5293,550,Germany,Male,30,4,0.0,1,1,1,139826.86,0
15605294,Cust5294,604,Spain,Female,39,9,37196.11,2,0,0,184711.99,0
15605295,Cust5295,751,Germany,Male,53,3,65624.11,1,0,1,121233.82,1
15605296,Cust5296,578,Spain,Male,30,2,0.0,1,1,0,30634.3,0
15605297,Cust5297,563,France,Male,44,7,0.0,3,0,1,40802.77,0
15605298,Cust5298,670,France,Male,35,0,0.0,2,1,1,165611.35,0
15605299,Cust5299,651,France,Female,64,5,153828.71,1,1,1,89643.07,0
15605300,Cust5300,643,Germany,Male,39,9,168148.67,3,1,1,139792.99,1
15605301,Cust5301,674,Germany,Male,42,4,0.0,2,1,1,138905.9,0
15605302,Cust5302,553,Germany,Female,39,1,50787.74,2,1,1,51280.4,1
15605303,Cust5303,564,France,Male,34,8,0.0,1,1,0,66297.87,0
15605304,Cust5304,745,France,Male,47,8,62440.88,2,1,0,147017.75,0
15605305,Cust5305,636,Germany,Female,26,4,106521.47,2,0,1,13248.96,1
15605306,Cust5306,707,Spain,Male,18,1,113113.55,2,1,1,103549.28,0
15605307,Cust5307,768,France,Female,36,5,0.0,3,1,1,36445.44,0
15605308,Cust5308,731,France,Female,46,8,77587.5,1,1,1,107626.2,0
15605309,Cust5309,519,France,Male,32,0,179876.22,2,0,1,103257.43,0
15605310,Cust5310,639,France,Female,40,5,0.0,2,1,1,115641.14,1
15605311,Cust5311,750,France,Female,26,3,0.0,1,0,1,77691.23,0
15605312,Cust5312,700,France,Male,49,3,133161.66,2,1,1,54328.6,0
15605313,Cust5313,668,Germany,Female,45,2,0.0,2,1,0,99852.65,0
15605314,Cust5314,493,France,Male,38,7,0.0,2,0,0,99085.5,0
15605315,Cust5315,591,France,Male,40,9,120959.72,1,1,0,99242.2,1
15605316,Cust5316,657,France,Female,24,1,90565.61,1,1,0,111860.54,0
15605317,Cust5317,513,Spain,Male,25,0,238794.29,1,1,0,102365.92,1
15605318,Cust5318,726,France,Male,37,4,0.0,1,0,0,75547.62,0
15605319,Cust5319,639,France,Male,43,7,79469.62,2,1,0,65099.04,1
15605320,Cust5320,460,France,Female,44,0,159282.75,2,0,0,149742.81,0
15605321,Cust5321,596,Germany,Female,34,8,132489.07,2,1,1,113668.77,0
15605322,Cust5322,623,Spain,Male,45,7,0.0,1,1,0,31740.3,0
15605323,Cust5323,638,France,Male,52,3,75278.49,2,0,1,50073.8,0
15605324,Cust5324,786,France,Female,37,3,97232.76,2,0,1,99276.78,0
15605325,Cust5325,706,France,Male,41,2,0.0,2,1,0,17017.0,0
15605326,Cust5326,519,Germany,Male,36,7,97548.6,2,0,0,34790.82,0
15605327,Cust5327,507,Spain,Male,37,1,0.0,1,1,1,36697.91,0
15605328,Cust5328,624,France,Female,40,3,0.0,3,1,1,175094.4,0
15605329,Cust5329,662,France,Male,55,3,0.0,2,1,0,83098.14,1
15605330,Cust5330,745,Spain,Female,47,4,137393.14,3,0,0,173829.78,0
15605331,Cust5331,816,Germany,Female,46,10,104529.37,2,1,1,80174.88,0
15605332,Cust5332,821,France,Male,33,0,29812.13,1,1,1,144629.83,0
15605333,Cust5333,608,France,Female,29,0,120086.26,1,1,1,109659.7,0
15605334,Cust5334,740,France,Male,42,4,142118.13,1,1,1,54267.85,0
15605335,Cust5335,691,Spain,Male,50,5,116099.55,1,1,0,181545.12,0
15605336,Cust5336,545,Germany,Female,55,10,0.0,1,0,1,176536.99,0
15605337,Cust5337,469,Germany,Male,18,2,111503.64,3,0,1,152441.1,0
15605338,Cust5338,664,Spain,Female,62,6,77512.59,1,1,0,136487.04,0
15605339,Cust5339,506,France,Female,42,7,0.0,1,1,0,94748.3,1
15605340,Cust5340,568,France,Male,47,7,121084.86,2,1,0,36162.57,0
15605341,Cust5341,584,France,Female,21,3,87877.2,1,0,1,90463.28,0
15605342,Cust5342,671,Spain,Male,36,9,0.0,1,1,1,148124.98,0
15605343,Cust5343,773,Germany,Male,46,3,0.0,2,1,1,101662.49,0
15605344,Cust5344,651,France,Male,26,4,114884.78,1,1,1,196729.23,0
15605345,Cust5345,598,France,Female,18,0,82838.64,1,1,0,129967.09,0
15605346,Cust5346,451,Germany,Male,41,10,143885.31,2,1,1,41493.22,0
15605347,Cust5347,694,Germany,Male,38,10,0.0,1,0,1,25786.07,0
15605348,Cust5348,653,Germany,Male,52,2,98616.65,1,0,0,51613.06,0
15605349,Cust5349,597,France,Male,36,5,77704.99,2,1,0,113195.33,0
15605350,Cust5350,762,Spain,Male,37,9,0.0,3,1,1,193734.87,0
15605351,Cust5351,536,Spain,Female,45,0,135253.45,1,1,1,197756.26,0
15605352,Cust5352,584,Germany,Female,48,7,0.0,1,1,1,155305.45,1
15605353,Cust5353,626,Germany,Female,31,8,88980.6,2,1,0,56778.09,0
15605354,Cust5354,596,Spain,Male,47,7,0.0,2,1,0,198624.2,0
15605355,Cust5355,703,Spain,Male,33,8,0.0,2,1,1,188400.1,0
15605356,Cust5356,695,Germany,Male,38,2,127375.68,2,1,0,134180.36,0
15605357,Cust5357,751,France,Male,45,5,0.0,2,1,1,13976.14,0
15605358,Cust5358,698,France,Female,46,6,0.0,1,1,1,58250.9,0
15605359,Cust5359,639,Spain,Male,41,10,0.0,2,1,0,102793.54,0
15605360,Cust5360,617,Germany,Female,27,0,141227.53,1,1,1,67261.75,0
15605361,Cust5361,694,France,Male,19,2,0.0,2,1,1,126816.48,0
15605362,Cust5362,632,France,Female,36,3,67622.66,2,1,1,118825.15,0
15605363,Cust5363,655,Spain,Female,48,9,81635.29,2,0,1,196730.88,0
15605364,Cust5364,699,Spain,Female,42,8,0.0,1,0,0,93638.04,1
15605365,Cust5365,663,Spain,Female,40,9,78841.36,2,1,0,16573.91,0
15605366,Cust5366,680,France,Female,38,7,0.0,1,1,1,20486.55,0
15605367,Cust5367,574,Spain,Female,41,5,0.0,1,1,0,40887.73,0
15605368,Cust5368,780,Spain,Male,28,4,0.0,2,1,1,58472.59,0
15605369,Cust5369,544,France,Male,46,5,64095.2,1,1,1,137639.68,0
15605370,Cust5370,692,France,Female,46,1,0.0,1,1,1,139092.71,0
15605371,Cust5371,603,Spain,Male,34,1,155892.79,1,1,1,170336.25,0
15605372,Cust5372,754,France,Female,42,0,0.0,2,1,1,11910.01,0
15605373,Cust5373,735,Germany,Male,21,1,109807.86,1,0,0,139216.18,0
15605374,Cust5374,650,Germany,Female,40,3,0.0,2,0,0,117107.36,1
15605375,Cust5375,799,Germany,Male,37,4,77484.19,3,0,0,59503.65,1
15605376,Cust5376,632,France,Female,51,10,1000.0,1,0,0,124171.84,0
15605377,Cust5377,735,Germany,Male,36,10,0.0,1,1,1,38691.5,0
15605378,Cust5378,580,France,Male,47,8,0.0,3,0,1,14883.08,1
15605379,Cust5379,689,Spain,Female,34,2,26557.79,2,1,1,100477.97,0
15605380,Cust5380,560,France,Male,18,5,0.0,1,1,0,131505.43,0
15605381,Cust5381,652,Germany,Male,36,5,0.0,1,1,0,115167.24,1
15605382,Cust5382,645,Spain,Female,40,6,0.0,2,1,0,160235.3,0
15605383,Cust5383,734,France,Female,40,0,111951.02,2,1,0,55526.87,0
15605384,Cust5384,586,France,Male,40,0,0.0,1,1,1,75660.42,0
15605385,Cust5385,850,Spain,Female,33,3,81483.08,2,0,1,122251.65,0
15605386,Cust5386,517,France,Male,35,0,107673.04,1,1,0,84283.02,0
15605387,Cust5387,672,France,Male,27,4,0.0,1,1,1,157709.33,0
15605388,Cust5388,678,France,Female,18,4,64689.45,1,1,1,13342.69,0
15605389,Cust5389,702,Spain,Male,37,10,108191.96,2,1,1,156532.03,0
15605390,Cust5390,601,Germany,Male,31,7,133717.71,2,0,0,164726.12,1
15605391,Cust5391,673,France,Male,49,2,123559.83,1,1,0,143444.91,0
15605392,Cust5392,596,Spain,Female,18,6,130180.62,2,0,0,114879.65,0
15605393,Cust5393,830,France,Female,41,1,63305.62,1,1,1,57191.94,0
15605394,Cust5394,589,France,Male,59,10,0.0,1,1,0,38604.12,0
15605395,Cust5395,636,France,Female,36,0,27423.64,1,0,0,179627.1,1
15605396,Cust5396,586,France,Female,38,2,21387.22,2,1,1,199938.02,0
15605397,Cust5397,573,France,Male,42,5,175527.95,4,1,0,42167.99,1
15605398,Cust5398,515,Germany,Female,43,7,0.0,1,1,0,83230.34,0
15605399,Cust5399,715,France,Male,34,5,127436.66,1,1,0,54246.14,0
15605400,Cust5400,585,Germany,Male,28,10,127595.92,1,0,1,49746.44,1
15605401,Cust5401,573,France,Male,45,2,97748.82,2,0,1,143887.05,0
15605402,Cust5402,558,France,Male,19,10,159080.53,1,0,0,187870.26,0
15605403,Cust5403,679,France,Female,46,2,92853.59,3,1,0,86289.11,0
15605404,Cust5404,652,Germany,Female,34,8,2075.97,2,0,0,169908.43,1
15605405,Cust5405,653,Germany,Female,38,3,0.0,2,1,1,176267.75,1
15605406,Cust5406,577,France,Male,33,7,141242.45,1,1,1,141038.88,0
15605407,Cust5407,692,France,Male,52,0,0.0,1,1,0,158243.91,0
15605408,Cust5408,586,France,Male,40,7,0.0,2,1,1,27940.57,0
15605409,Cust5409,657,Spain,Male,35,8,149044.54,2,1,0,160519.81,0
15605410,Cust5410,637,France,Female,35,3,139038.84,2,0,1,39295.39,0
15605411,Cust5411,488,Spain,Female,37,8,93184.54,2,1,0,147903.34,0
15605412,Cust5412,845,France,Female,62,5,64389.61,3,1,1,191655.22,1
15605413,Cust5413,705,France,Female,25,3,0.0,1,0,1,64786.99,0
15605414,Cust5414,667,Germany,Male,49,6,109952.59,2,1,1,101737.29,0
15605415,Cust5415,682,France,Male,44,6,0.0,1,0,0,100100.8,0
15605416,Cust5416,847,France,Male,53,3,92527.25,2,0,0,46831.83,0
15605417,Cust5417,759,Spain,Female,44,3,0.0,2,1,1,14564.2,0
15605418,Cust5418,683,France,Male,38,4,109436.75,1,1,0,155195.09,1
15605419,Cust5419,582,France,Male,48,0,83104.39,1,1,1,179395.58,0
15605420,Cust5420,597,France,Female,40,6,74007.33,1,0,0,61717.89,0
15605421,Cust5421,477,France,Male,46,6,60407.14,1,1,1,138086.75,1
15605422,Cust5422,615,Spain,Male,52,5,144933.8,1,1,1,126679.3,0
15605423,Cust5423,714,France,Male,39,7,89913.0,1,1,0,72337.36,0
15605424,Cust5424,711,Spain,Male,34,5,1000.0,1,0,1,62632.95,0
15605425,Cust5425,709,Germany,Male,32,3,81385.01,1,1,0,175478.18,0
15605426,Cust5426,601,Spain,Female,43,8,0.0,1,1,0,86112.8,1
15605427,Cust5427,703,Spain,Female,29,2,78160.4,2,1,1,199450.4,0
15605428,Cust5428,729,Spain,Male,35,0,38213.29,1,0,0,168224.93,1
15605429,Cust5429,436,Germany,Female,28,2,0.0,2,1,1,168694.89,0
15605430,Cust5430,679,France,Female,43,7,125341.27,2,0,1,52153.36,0
15605431,Cust5431,850,France,Female,30,3,87788.55,2,1,1,89406.23,0
15605432,Cust5432,622,Germany,Female,25,1,56664.11,2,1,0,34043.78,0
15605433,Cust5433,408,France,Female,27,5,0.0,1,0,0,82127.29,1
15605434,Cust5434,572,Germany,Male,32,2,150507.54,2,1,1,199618.17,0
15605435,Cust5435,476,France,Male,33,8,164405.85,1,1,1,130517.88,1
15605436,Cust5436,589,Spain,Male,41,1,107789.96,1,1,1,74430.55,0
15605437,Cust5437,532,France,Male,36,2,90696.15,1,1,1,66205.8,0
15605438,Cust5438,739,Spain,Female,42,8,118168.93,3,1,1,51391.96,0
15605439,Cust5439,725,France,Female,43,7,155188.53,1,1,1,31886.62,0
15605440,Cust5440,683,France,Male,45,2,0.0,1,1,1,43019.87,0
15605441,Cust5441,768,Spain,Female,19,10,95404.57,1,0,0,80236.11,0
15605442,Cust5442,596,Spain,Female,27,0,55964.98,1,0,0,92002.71,0
15605443,Cust5443,657,Germany,Male,44,1,0.0,1,1,0,83240.66,1
15605444,Cust5444,850,Spain,Female,40,2,98249.95,1,1,1,39798.12,0
15605445,Cust5445,706,France,Male,48,5,119299.1,2,1,0,63926.78,1
15605446,Cust5446,706,Spain,Male,23,5,0.0,2,1,0,94946.29,0
15605447,Cust5447,576,France,Male,33,3,69295.34,2,1,0,26898.22,0
15605448,Cust5448,610,Germany,Female,35,2,138443.75,2,1,1,20483.29,0
15605449,Cust5449,554,France,Male,40,6,107306.94,2,0,1,161056.32,0
15605450,Cust5450,811,France,Male,38,4,45957.09,1,1,0,48758.79,1
15605451,Cust5451,500,Germany,Female,43,9,157803.95,2,1,0,68307.83,0
15605452,Cust5452,738,Germany,Female,37,0,85685.22,1,1,1,29943.62,0
15605453,Cust5453,706,France,Male,52,9,0.0,2,0,1,45883.49,0
15605454,Cust5454,496,Spain,Male,55,9,77061.52,1,1,0,169103.12,0
15605455,Cust5455,760,Germany,Female,27,4,111220.7,1,1,0,185642.04,0
15605456,Cust5456,625,France,Female,38,7,157886.26,1,1,1,88888.73,0
15605457,Cust5457,523,Germany,Male,46,8,158127.72,1,0,1,51198.55,0
15605458,Cust5458,685,France,Male,44,9,0.0,2,0,0,142359.58,0
15605459,Cust5459,571,France,Male,34,5,77515.94,2,1,0,49551.04,0
15605460,Cust5460,630,Germany,Female,41,0,128063.05,2,0,1,139714.54,1
15605461,Cust5461,601,France,Female,22,8,23786.67,2,0,1,140612.99,0
15605462,Cust5462,566,France,Female,38,1,113670.39,2,1,0,162171.64,0
15605463,Cust5463,536,Germany,Male,23,9,182278.76,2,0,1,59069.25,0
15605464,Cust5464,726,France,Female,43,9,0.0,2,1,1,71603.39,0
15605465,Cust5465,681,Spain,Male,27,7,61574.27,2,1,1,58602.09,0
15605466,Cust5466,675,Spain,Female,40,3,92606.16,1,0,1,131823.94,0
15605467,Cust5467,615,France,Male,41,0,88147.37,3,1,0,195468.5,0
15605468,Cust5468,655,Germany,Male,39,4,136249.64,2,1,1,90371.3,0
15605469,Cust5469,579,France,Male,32,2,133245.11,1,1,0,74630.33,1
15605470,Cust5470,578,Germany,Male,36,10,7696.36,1,0,0,120632.46,1
15605471,Cust5471,814,France,Male,50,8,0.0,2,1,0,77823.75,0
15605472,Cust5472,735,Spain,Female,34,2,92353.9,2,1,1,32136.87,0
15605473,Cust5473,596,France,Female,38,0,73564.76,1,1,1,104563.15,1
15605474,Cust5474,506,Germany,Male,32,10,115707.05,1,0,0,121757.49,1
15605475,Cust5475,487,France,Male,48,5,117823.07,2,1,1,92727.0,0
15605476,Cust5476,589,France,Male,39,7,0.0,2,0,1,155531.58,0
15605477,Cust5477,660,France,Female,30,6,85451.45,1,1,0,139101.05,0
15605478,Cust5478,661,Germany,Male,38,3,61218.65,2,1,0,97856.14,1
15605479,Cust5479,664,Spain,Male,36,9,104861.15,2,1,1,190431.36,0
15605480,Cust5480,682,France,Male,52,2,0.0,1,1,1,121932.12,0
15605481,Cust5481,550,France,Male,38,8,0.0,1,0,1,79041.63,0
15605482,Cust5482,795,France,Female,24,10,42127.19,1,0,1,81878.69,0
15605483,Cust5483,631,France,Male,43,0,159216.54,2,1,1,15123.3,0
15605484,Cust5484,678,Spain,Male,56,8,0.0,3,1,0,137931.17,1
15605485,Cust5485,587,Spain,Female,50,7,76263.05,4,1,0,151818.8,1
15605486,Cust5486,680,Spain,Male,27,8,0.0,2,0,1,53150.5,0
15605487,Cust5487,849,France,Female,35,8,123915.18,1,1,1,156215.14,0
15605488,Cust5488,555,France,Male,38,10,0.0,1,1,1,139056.38,0
15605489,Cust5489,543,Germany,Female,38,1,0.0,2,1,1,21305.34,0
15605490,Cust5490,567,France,Female,42,3,63636.16,1,1,1,61214.58,0
15605491,Cust5491,618,Germany,Male,35,5,0.0,2,1,0,199990.42,0
15605492,Cust5492,600,France,Female,29,9,163703.73,3,1,0,12503.75,1
15605493,Cust5493,550,France,Male,48,7,1000.0,1,1,0,184927.94,0
15605494,Cust5494,645,Spain,Male,27,6,119994.34,1,0,0,165470.97,0
15605495,Cust5495,800,France,Female,30,3,0.0,2,1,1,148507.59,0
15605496,Cust5496,636,Spain,Female,27,1,0.0,1,1,0,116193.93,0
15605497,Cust5497,641,France,Male,44,4,0.0,1,1,0,58976.55,0
15605498,Cust5498,683,France,Male,39,5,0.0,2,0,1,41913.27,0
15605499,Cust5499,712,France,Male,47,1,63525.17,1,1,0,21808.83,0
15605500,Cust5500,782,France,Female,30,1,106128.51,1,1,1,117128.43,0
15605501,Cust5501,673,Germany,Female,25,8,99304.04,3,1,0,177396.25,0
15605502,Cust5502,650,France,Male,34,2,38448.15,1,1,0,39816.35,1
15605503,Cust5503,555,Germany,Female,36,2,74428.97,1,1,0,56330.9,0
15605504,Cust5504,721,Spain,Male,40,1,65283.33,2,1,1,39160.59,1
15605505,Cust5505,569,France,Female,21,4,89717.9,1,0,1,128730.93,0
15605506,Cust5506,566,France,Female,43,0,0.0,1,0,1,155116.48,0
15605507,Cust5507,669,France,Female,29,5,107077.81,3,1,1,169945.29,0
15605508,Cust5508,798,Spain,Male,32,0,51627.17,2,1,1,55728.5,0
15605509,Cust5509,720,Germany,Male,50,0,112232.16,1,1,0,143417.77,0
15605510,Cust5510,646,France,Male,18,10,0.0,2,1,0,96100.24,0
15605511,Cust5511,556,Germany,Female,41,4,0.0,1,0,0,198013.91,1
15605512,Cust5512,796,France,Female,41,3,79931.77,2,0,0,143831.37,1
15605513,Cust5513,645,France,Male,30,1,86357.9,2,1,1,30400.04,0
15605514,Cust5514,622,France,Male,34,4,150047.39,2,1,1,68512.36,0
15605515,Cust5515,703,Spain,Male,50,2,61857.51,1,1,0,139016.34,0
15605516,Cust5516,607,France,Female,58,2,0.0,1,0,0,142976.21,0
15605517,Cust5517,578,France,Female,49,3,0.0,1,0,1,85106.36,0
15605518,Cust5518,587,France,Male,57,1,107624.78,2,1,0,67235.66,0
15605519,Cust5519,587,Germany,Female,31,5,40190.56,2,1,1,59336.21,0
15605520,Cust5520,542,France,Male,22,4,10453.81,1,0,1,72087.16,0
15605521,Cust5521,531,France,Female,37,4,114450.52,1,1,1,27501.95,0
15605522,Cust5522,743,France,Male,46,8,114169.21,1,0,0,79911.02,0
15605523,Cust5523,714,Germany,Male,19,0,0.0,1,0,1,41782.47,1
15605524,Cust5524,571,France,Female,29,2,0.0,2,0,0,52652.21,0
15605525,Cust5525,735,Spain,Female,30,3,104498.61,2,1,1,54616.37,0
15605526,Cust5526,680,France,Male,42,4,93047.11,2,0,1,43555.02,0
15605527,Cust5527,619,France,Female,40,0,0.0,3,1,1,105995.15,0
15605528,Cust5528,532,Spain,Male,30,2,0.0,2,1,1,136295.67,0
15605529,Cust5529,683,Spain,Male,40,2,0.0,1,1,1,175437.49,0
15605530,Cust5530,829,France,Female,27,10,0.0,2,1,1,109979.47,0
15605531,Cust5531,651,Spain,Female,34,0,0.0,1,1,1,20944.16,0
15605532,Cust5532,746,Germany,Male,25,5,59023.09,1,1,1,73179.63,0
15605533,Cust5533,630,France,Female,36,1,0.0,2,1,1,111234.75,0
15605534,Cust5534,738,Spain,Female,30,10,0.0,1,1,1,146476.45,1
15605535,Cust5535,636,Spain,Male,45,5,148319.82,2,1,1,54022.72,0
15605536,Cust5536,419,France,Male,38,3,0.0,1,1,0,153856.61,1
15605537,Cust5537,581,Germany,Male,36,10,0.0,1,0,1,149899.59,0
15605538,Cust5538,663,France,Female,56,7,161866.22,1,1,1,152502.89,0
15605539,Cust5539,754,France,Female,42,2,0.0,1,0,1,136743.18,0
15605540,Cust5540,635,Spain,Male,34,7,113099.48,1,1,1,54906.23,0
15605541,Cust5541,653,Germany,Male,32,8,89318.27,1,1,0,121813.84,0
15605542,Cust5542,594,Germany,Male,26,5,53845.45,1,1,0,63216.32,1
15605543,Cust5543,800,Germany,Male,37,0,0.0,1,1,0,184166.82,0
15605544,Cust5544,794,Germany,Female,41,8,85437.65,1,1,1,20848.38,0
15605545,Cust5545,585,France,Male,19,3,0.0,2,1,1,138944.42,0
15605546,Cust5546,504,Spain,Female,24,1,47421.99,2,0,0,175625.9,0
15605547,Cust5547,477,Germany,Male,33,4,138527.58,2,1,1,74298.65,0
15605548,Cust5548,708,Germany,Female,27,5,0.0,1,0,1,58915.44,0
15605549,Cust5549,663,France,Female,38,1,86683.76,2,1,1,32124.43,0
15605550,Cust5550,575,France,Female,40,2,0.0,4,1,0,108938.29,1
15605551,Cust5551,676,France,Male,37,7,0.0,1,1,1,46693.11,0
15605552,Cust5552,532,France,Female,44,7,0.0,3,0,1,122340.07,0
15605553,Cust5553,726,France,Female,32,1,27777.6,2,1,0,119191.82,0
15605554,Cust5554,613,Germany,Female,38,2,0.0,1,1,1,35507.36,0
15605555,Cust5555,546,Spain,Female,28,8,0.0,1,0,0,141741.29,0
15605556,Cust5556,615,France,Female,41,0,128223.22,3,0,1,184379.66,0
15605557,Cust5557,611,France,Male,39,6,169790.06,1,1,1,186975.41,0
15605558,Cust5558,685,Germany,Male,26,4,157775.98,1,1,1,39154.31,0
15605559,Cust5559,762,France,Female,36,8,143061.51,1,1,1,166586.5,1
15605560,Cust5560,757,Spain,Male,38,0,0.0,1,1,1,152313.37,0
15605561,Cust5561,665,France,Female,41,1,147057.59,1,1,1,192691.66,0
15605562,Cust5562,632,France,Female,41,9,0.0,1,1,1,57565.5,0
15605563,Cust5563,595,France,Female,31,3,48671.02,2,1,1,119902.15,0
15605564,Cust5564,480,Spain,Female,46,4,124435.55,1,0,0,112290.14,0
15605565,Cust5565,648,France,Female,43,7,80561.31,2,0,1,167590.61,0
15605566,Cust5566,568,Germany,Female,31,5,92909.98,4,1,1,25307.2,1
15605567,Cust5567,767,France,Male,27,4,130354.04,1,1,1,109751.21,0
15605568,Cust5568,631,France,Male,32,0,135050.8,4,1,1,96125.32,0
15605569,Cust5569,722,Spain,Male,23,6,86235.27,2,0,0,196994.14,1
15605570,Cust5570,604,France,Male,40,1,106136.28,1,0,1,166181.22,0
15605571,Cust5571,585,France,Female,50,4,141517.91,1,1,1,191595.63,0
15605572,Cust5572,708,Germany,Male,52,3,67428.86,2,0,1,142399.94,0
15605573,Cust5573,677,Spain,Female,27,7,28616.29,3,1,1,56141.99,0
15605574,Cust5574,681,France,Male,46,7,77907.79,1,1,0,136352.99,0
15605575,Cust5575,641,France,Male,39,7,85351.54,2,1,0,168745.89,0
15605576,Cust5576,726,Spain,Female,18,6,94071.6,2,0,0,66763.4,0
15605577,Cust5577,712,Germany,Male,35,3,201818.14,4,1,0,121229.6,0
15605578,Cust5578,441,Spain,Female,34,3,67291.25,3,1,0,30209.17,0
15605579,Cust5579,625,Spain,Male,50,9,0.0,1,1,0,38680.41,0
15605580,Cust5580,747,Germany,Male,29,7,0.0,1,0,0,86275.21,0
15605581,Cust5581,552,France,Male,44,8,0.0,1,0,1,109079.67,0
15605582,Cust5582,488,France,Female,37,9,0.0,1,0,0,91975.19,0
15605583,Cust5583,637,Germany,Male,24,0,133615.1,2,1,1,18021.04,0
15605584,Cust5584,700,Germany,Female,32,0,111341.37,2,0,1,163438.36,0
15605585,Cust5585,606,Spain,Female,53,0,0.0,3,1,1,66995.93,0
15605586,Cust5586,774,Germany,Male,36,5,0.0,1,0,1,183643.11,0
15605587,Cust5587,827,France,Male,47,7,0.0,1,1,1,55887.23,0
15605588,Cust5588,465,France,Male,47,10,161899.83,1,1,1,136575.25,1
15605589,Cust5589,613,Germany,Female,34,6,64783.56,1,1,0,97376.26,0
15605590,Cust5590,431,France,Male,25,8,0.0,2,1,0,14878.24,0
15605591,Cust5591,713,Spain,Male,26,10,0.0,2,1,1,126168.82,0
15605592,Cust5592,585,Germany,Male,53,1,127856.61,2,1,1,16987.9,0
15605593,Cust5593,604,France,Male,40,7,49196.25,2,0,1,21178.94,0
15605594,Cust5594,760,Germany,Female,21,7,0.0,1,1,1,136009.78,0
15605595,Cust5595,522,Germany,Male,46,2,33107.36,1,1,1,104982.37,0
15605596,Cust5596,498,Spain,Male,20,5,118696.5,2,1,1,177752.23,0
15605597,Cust5597,431,France,Male,30,0,80464.7,1,1,1,96618.73,1
15605598,Cust5598,772,Germany,Female,39,5,109600.97,1,1,1,197552.58,0
15605599,Cust5599,750,France,Female,63,5,0.0,1,0,1,14903.07,0
15605600,Cust5600,622,Germany,Male,46,4,0.0,3,0,0,185252.28,1
15605601,Cust5601,528,France,Male,33,5,0.0,2,1,0,52486.92,0
15605602,Cust5602,730,Spain,Female,38,6,61733.79,1,1,1,46801.84,0
15605603,Cust5603,850,Spain,Male,47,10,59503.51,2,1,0,102799.02,0
15605604,Cust5604,627,Germany,Female,52,4,42415.38,1,1,0,134258.67,0
15605605,Cust5605,535,Germany,Male,36,7,121225.66,1,0,1,129013.47,0
15605606,Cust5606,769,France,Male,36,4,113525.17,1,0,0,77814.55,1
15605607,Cust5607,541,Germany,Male,30,9,0.0,1,0,1,127204.88,1
15605608,Cust5608,615,France,Male,45,6,133954.51,3,1,1,96242.67,1
15605609,Cust5609,397,Germany,Female,48,8,166496.45,1,1,1,50355.48,0
15605610,Cust5610,621,France,Male,19,3,0.0,2,1,0,17965.25,0
15605611,Cust5611,527,Germany,Male,34,7,109444.07,2,1,0,134471.22,0
15605612,Cust5612,771,France,Male,26,2,109483.37,1,1,1,124359.54,0
15605613,Cust5613,556,Germany,Male,40,6,0.0,2,1,0,106199.8,1
15605614,Cust5614,725,Germany,Female,26,2,0.0,1,1,0,96402.09,0
15605615,Cust5615,640,France,Female,25,6,210237.08,1,0,0,106292.95,0
15605616,Cust5616,662,France,Female,49,1,0.0,1,0,0,32324.02,0
15605617,Cust5617,700,Spain,Male,36,5,101376.92,2,1,1,139796.65,0
15605618,Cust5618,645,Germany,Male,37,5,0.0,1,1,0,173587.19,0
15605619,Cust5619,588,France,Male,42,9,209139.47,1,1,0,32628.86,1
15605620,Cust5620,572,France,Female,48,1,90212.01,1,0,1,156605.1,0
15605621,Cust5621,699,France,Male,34,2,102186.76,2,1,0,90148.03,1
15605622,Cust5622,467,Germany,Male,34,7,0.0,2,1,0,159977.92,1
15605623,Cust5623,811,Germany,Female,34,10,0.0,3,0,0,106305.77,0
15605624,Cust5624,663,France,Male,49,8,112157.72,2,1,1,52865.4,0
15605625,Cust5625,618,Germany,Male,37,6,30162.36,1,1,0,88665.21,1
15605626,Cust5626,676,Germany,Male,35,2,20564.12,1,1,1,34076.7,0
15605627,Cust5627,593,Spain,Female,42,4,146566.44,1,1,1,14260.43,0
15605628,Cust5628,633,France,Female,56,9,0.0,1,1,0,16778.35,0
15605629,Cust5629,541,France,Male,39,2,85025.91,2,0,1,192462.03,0
15605630,Cust5630,686,France,Female,35,10,64364.18,2,1,0,198101.84,0
15605631,Cust5631,642,France,Male,57,3,0.0,1,0,0,18461.77,0
15605632,Cust5632,668,France,Male,51,5,110382.5,4,1,1,46873.39,1
15605633,Cust5633,792,France,Female,50,6,123457.26,1,1,0,103122.23,0
15605634,Cust5634,573,France,Female,33,3,136750.38,2,1,1,132888.81,0
15605635,Cust5635,638,Germany,Female,32,1,119301.67,1,1,1,43580.73,0
15605636,Cust5636,491,France,Female,20,3,79961.52,2,0,0,51184.17,0
15605637,Cust5637,703,Germany,Male,48,0,90951.13,4,0,0,108160.41,0
15605638,Cust5638,648,France,Male,39,7,0.0,1,1,1,20354.43,0
15605639,Cust5639,652,Germany,Male,20,2,139940.13,1,0,1,111844.32,0
15605640,Cust5640,635,France,Male,50,4,0.0,2,0,0,177895.29,0
15605641,Cust5641,594,Spain,Male,35,3,0.0,2,1,0,197540.92,0
15605642,Cust5642,850,Spain,Male,36,2,108220.34,2,1,1,113232.47,1
15605643,Cust5643,654,France,Male,23,10,63731.89,1,1,1,80983.73,0
15605644,Cust5644,678,Germany,Female,43,3,94583.06,2,0,1,156304.83,0
15605645,Cust5645,541,France,Male,43,6,88505.39,2,1,1,181461.23,0
15605646,Cust5646,735,Germany,Male,38,3,99625.35,1,1,0,102319.82,1
15605647,Cust5647,638,France,Female,34,4,141540.47,2,1,0,170764.59,0
15605648,Cust5648,693,France,Female,64,2,61730.65,2,0,1,91702.91,0
15605649,Cust5649,737,France,Male,26,10,188279.43,1,1,0,96069.05,0
15605650,Cust5650,640,Spain,Female,31,6,0.0,1,1,0,120190.77,0
15605651,Cust5651,585,France,Female,45,4,27400.79,2,1,0,92710.81,1
15605652,Cust5652,427,Germany,Female,28,6,0.0,1,1,0,58483.58,0
15605653,Cust5653,613,France,Male,27,10,0.0,1,1,0,176226.59,0
15605654,Cust5654,584,France,Male,49,6,115569.23,2,1,1,191373.91,0
15605655,Cust5655,540,France,Female,44,10,35360.33,1,1,1,113966.81,0
15605656,Cust5656,789,Spain,Male,43,7,151640.19,1,1,1,160108.0,0
15605657,Cust5657,744,Spain,Female,40,7,153712.95,4,1,0,53973.74,0
15605658,Cust5658,474,France,Female,31,4,0.0,2,1,1,142113.54,0
15605659,Cust5659,665,Germany,Female,35,5,107239.52,1,1,0,69251.09,0
15605660,Cust5660,572,France,Female,37,6,0.0,1,1,0,43539.67,0
15605661,Cust5661,685,France,Female,46,9,74346.58,1,1,0,103105.77,0
15605662,Cust5662,573,Germany,Female,42,8,91957.69,2,0,1,16797.81,0
15605663,Cust5663,598,France,Female,29,3,0.0,1,1,0,66084.07,0
15605664,Cust5664,742,France,Male,46,4,0.0,1,1,0,53352.46,0
15605665,Cust5665,729,Germany,Female,21,4,0.0,3,0,1,104849.39,0
15605666,Cust5666,795,France,Female,35,10,0.0,2,0,1,104762.03,0
15605667,Cust5667,629,Spain,Female,27,2,90832.4,2,1,1,139724.66,0
15605668,Cust5668,510,Germany,Male,29,6,67519.02,2,1,1,33976.47,0
15605669,Cust5669,738,Spain,Male,57,2,103416.93,3,1,0,94382.37,1
15605670,Cust5670,739,Germany,Female,23,1,0.0,1,1,0,19465.66,1
15605671,Cust5671,710,Spain,Male,30,1,68503.16,1,1,0,162359.5,0
15605672,Cust5672,579,France,Female,43,0,110472.31,1,0,0,179751.42,0
15605673,Cust5673,547,Germany,Male,33,9,72362.89,1,0,0,198236.01,1
15605674,Cust5674,701,Germany,Male,40,9,2810.12,2,1,1,109155.95,0
15605675,Cust5675,565,Spain,Male,52,0,0.0,2,1,0,171438.01,0
15605676,Cust5676,620,France,Female,45,2,104669.93,1,1,0,97774.57,0
15605677,Cust5677,850,Germany,Male,33,4,0.0,1,1,0,49369.14,0
15605678,Cust5678,850,Spain,Female,37,1,0.0,2,0,0,169566.97,0
15605679,Cust5679,726,France,Female,43,4,0.0,1,1,0,19793.78,0
15605680,Cust5680,586,Spain,Female,44,10,69747.7,2,0,1,123277.55,0
15605681,Cust5681,581,France,Male,38,4,0.0,3,1,1,187975.41,0
15605682,Cust5682,719,France,Male,42,5,78659.82,2,1,0,62272.81,0
15605683,Cust5683,794,Germany,Female,42,9,135566.39,1,1,1,58705.38,1
15605684,Cust5684,601,France,Male,37,0,36266.69,2,1,0,30815.5,0
15605685,Cust5685,606,France,Male,32,9,102508.06,2,1,0,106112.16,1
15605686,Cust5686,658,France,Female,45,5,0.0,2,1,1,131408.21,0
15605687,Cust5687,517,France,Male,41,7,154717.9,1,0,1,107469.02,1
15605688,Cust5688,520,Spain,Male,18,10,74484.41,2,1,0,74912.59,0
15605689,Cust5689,537,Spain,Female,30,7,151141.15,2,1,1,92173.77,0
15605690,Cust5690,702,Germany,Male,33,3,118085.3,1,1,1,168582.35,1
15605691,Cust5691,676,France,Male,36,8,0.0,1,0,1,189395.8,1
15605692,Cust5692,759,Germany,Male,50,2,32193.09,1,0,0,72558.03,0
15605693,Cust5693,483,Spain,Female,70,4,108935.4,2,1,0,131395.68,0
15605694,Cust5694,504,Germany,Female,18,7,0.0,1,0,1,166866.03,0
15605695,Cust5695,694,France,Female,41,4,0.0,1,1,0,130836.49,0
15605696,Cust5696,566,France,Female,39,9,137435.51,1,0,1,178966.74,0
15605697,Cust5697,573,Spain,Male,36,2,0.0,1,0,0,136492.57,0
15605698,Cust5698,747,Spain,Female,43,7,112994.95,2,1,1,57678.34,0
15605699,Cust5699,597,France,Male,39,2,0.0,1,1,0,124993.72,1
15605700,Cust5700,608,Spain,Female,34,6,0.0,2,1,1,116576.51,0
15605701,Cust5701,626,France,Female,38,10,240181.74,1,0,0,75010.81,0
15605702,Cust5702,632,France,Male,44,10,55217.16,1,0,0,26351.53,0
15605703,Cust5703,716,Spain,Female,43,8,0.0,2,1,0,168307.91,0
15605704,Cust5704,534,Germany,Female,40,6,0.0,2,0,1,160748.59,0
15605705,Cust5705,632,France,Male,32,4,143015.27,1,0,0,16389.78,0
15605706,Cust5706,762,Spain,Female,66,3,0.0,1,1,0,148103.12,1
15605707,Cust5707,850,Spain,Female,42,0,163091.7,1,0,1,134941.97,0
15605708,Cust5708,520,France,Male,46,5,153087.15,1,1,0,79775.97,0
15605709,Cust5709,682,Germany,Male,33,8,117843.94,1,1,0,160259.95,0
15605710,Cust5710,632,Spain,Female,40,9,0.0,3,0,1,167656.13,0
15605711,Cust5711,641,Germany,Male,40,10,0.0,1,1,0,173763.62,0
15605712,Cust5712,574,Spain,Male,19,2,0.0,1,1,1,25582.67,0
15605713,Cust5713,723,Germany,Female,31,10,87021.92,3,1,0,82384.85,1
15605714,Cust5714,718,France,Female,31,3,0.0,2,1,1,16721.48,0
15605715,Cust5715,850,France,Male,32,7,111053.82,1,1,0,149074.34,1
15605716,Cust5716,523,Spain,Male,27,8,125811.65,2,0,1,90696.29,0
15605717,Cust5717,482,Spain,Female,38,7,0.0,2,1,1,152634.55,0
15605718,Cust5718,847,France,Male,52,4,166436.19,2,1,1,161085.56,0
15605719,Cust5719,645,France,Female,39,1,0.0,1,1,0,23495.04,0
15605720,Cust5720,606,Spain,Female,26,5,1000.0,2,1,0,189381.22,0
15605721,Cust5721,668,France,Male,28,0,95542.02,2,0,1,104934.68,0
15605722,Cust5722,516,France,Female,34,6,96667.67,4,0,1,193797.35,0
15605723,Cust5723,686,Spain,Female,24,2,95338.91,2,1,0,36755.07,0
15605724,Cust5724,642,Spain,Female,41,2,66211.67,1,0,1,77267.87,0
15605725,Cust5725,753,Spain,Male,52,6,38519.4,3,0,0,97618.91,1
15605726,Cust5726,732,Germany,Male,32,2,92430.94,1,0,1,188669.27,0
15605727,Cust5727,740,France,Female,39,10,80679.91,1,1,1,30856.04,0
15605728,Cust5728,668,Spain,Female,34,1,107825.17,1,1,1,114586.94,1
15605729,Cust5729,804,France,Female,32,9,128351.77,2,1,1,36106.21,0
15605730,Cust5730,705,France,Male,40,8,150045.53,2,1,0,53257.4,1
15605731,Cust5731,599,Spain,Male,31,3,134397.88,3,1,0,125842.17,1
15605732,Cust5732,572,Germany,Male,30,6,96327.49,2,1,1,63985.48,0
15605733,Cust5733,583,Spain,Female,22,4,117915.1,1,1,1,65181.18,0
15605734,Cust5734,707,France,Female,39,2,0.0,2,0,0,137625.11,1
15605735,Cust5735,522,Spain,Female,49,3,59782.4,1,1,1,163770.2,0
15605736,Cust5736,665,Germany,Male,45,3,0.0,1,1,0,17436.93,0
15605737,Cust5737,570,Germany,Female,53,5,144516.79,3,1,1,53435.79,0
15605738,Cust5738,530,Spain,Male,31,6,31802.71,3,1,1,110559.87,0
15605739,Cust5739,545,France,Male,47,8,66283.54,2,0,0,182882.31,0
15605740,Cust5740,648,Germany,Female,27,6,181026.21,1,1,0,81102.75,0
15605741,Cust5741,723,Germany,Male,45,8,63137.8,2,1,0,65579.84,0
15605742,Cust5742,585,Spain,Female,54,10,14667.92,2,1,1,28779.98,0
15605743,Cust5743,451,Spain,Female,43,9,0.0,1,1,1,50605.68,0
15605744,Cust5744,850,Germany,Male,55,4,0.0,1,1,1,104948.87,0
15605745,Cust5745,757,France,Male,32,5,149634.94,1,1,1,66543.35,0
15605746,Cust5746,739,France,Male,37,8,137178.72,1,1,0,123238.07,0
15605747,Cust5747,806,Spain,Female,29,7,77451.68,2,1,1,68053.23,0
15605748,Cust5748,659,Spain,Male,38,1,0.0,1,1,0,56053.49,0
15605749,Cust5749,637,Spain,Male,41,10,112694.66,2,1,1,132789.96,0
15605750,Cust5750,780,France,Male,38,8,132300.1,2,1,1,148217.55,0
15605751,Cust5751,780,France,Female,33,7,83035.62,1,1,1,184796.54,0
15605752,Cust5752,709,Spain,Male,33,10,113031.53,3,1,1,117890.1,0
15605753,Cust5753,735,Spain,Male,41,1,0.0,2,1,0,190102.21,0
15605754,Cust5754,531,France,Male,36,9,93394.19,2,1,1,51891.03,0
15605755,Cust5755,625,Germany,Male,26,3,106247.12,2,1,0,110921.38,0
15605756,Cust5756,814,France,Male,19,8,127418.1,1,1,0,98225.75,0
15605757,Cust5757,727,France,Male,32,0,74302.33,2,1,1,141938.17,0
15605758,Cust5758,510,France,Female,24,6,0.0,1,1,1,54780.47,0
15605759,Cust5759,599,France,Male,30,1,0.0,3,1,1,35614.38,0
15605760,Cust5760,798,France,Male,34,10,126185.36,2,1,1,93901.98,0
15605761,Cust5761,694,Spain,Female,37,5,96328.22,2,0,0,139671.57,0
15605762,Cust5762,667,Germany,Male,31,9,0.0,1,0,0,146699.77,1
15605763,Cust5763,670,Spain,Male,60,8,79048.77,1,1,1,138395.86,0
15605764,Cust5764,642,France,Male,25,5,0.0,1,1,1,133430.9,0
15605765,Cust5765,600,France,Male,50,2,47054.76,1,1,0,41225.74,0
15605766,Cust5766,570,France,Male,36,5,0.0,1,1,0,160621.81,0
15605767,Cust5767,747,Germany,Female,31,3,170425.82,1,1,1,116887.49,0
15605768,Cust5768,673,France,Male,44,2,32464.93,3,1,0,23896.78,1
15605769,Cust5769,718,Germany,Female,33,3,0.0,2,0,1,59223.83,0
15605770,Cust5770,702,Spain,Female,30,2,135691.04,2,1,0,61262.67,0
15605771,Cust5771,785,Spain,Male,56,9,0.0,2,1,1,36104.56,0
15605772,Cust5772,694,France,Female,18,10,25652.21,2,1,0,37664.74,0
15605773,Cust5773,729,Germany,Male,36,2,85425.24,3,1,0,179451.86,1
15605774,Cust5774,666,France,Male,40,2,74419.38,2,1,0,95990.24,1
15605775,Cust5775,559,France,Female,52,0,0.0,2,0,1,89302.24,0
15605776,Cust5776,628,Germany,Male,34,4,0.0,1,1,1,164109.26,1
15605777,Cust5777,707,Germany,Female,65,6,177645.8,2,1,1,79805.88,0
15605778,Cust5778,715,Germany,Female,46,2,119633.78,2,1,1,71104.92,0
15605779,Cust5779,789,France,Male,18,5,54254.76,1,0,0,49864.22,0
15605780,Cust5780,606,Spain,Male,23,3,75187.87,1,1,1,27540.35,0
15605781,Cust5781,672,Spain,Female,40,0,0.0,2,1,1,48573.68,0
15605782,Cust5782,638,France,Male,27,2,95483.76,3,1,0,165716.63,1
15605783,Cust5783,806,Spain,Male,43,8,0.0,2,1,1,117579.7,0
15605784,Cust5784,686,France,Male,33,9,0.0,1,1,0,122208.72,1
15605785,Cust5785,688,Germany,Male,26,4,38912.8,1,1,1,80478.18,0
15605786,Cust5786,647,Spain,Female,28,6,55475.47,1,0,0,103909.02,0
15605787,Cust5787,628,Spain,Male,47,6,0.0,2,0,1,135535.23,0
15605788,Cust5788,511,Spain,Male,18,3,0.0,1,1,1,89698.86,0
15605789,Cust5789,529,France,Female,48,7,185788.1,1,1,1,73591.81,0
15605790,Cust5790,667,Spain,Female,49,4,107790.87,2,1,0,58525.79,0
15605791,Cust5791,655,Germany,Female,35,0,0.0,2,1,1,50984.08,0
15605792,Cust5792,668,France,Female,24,4,124162.63,3,1,0,118834.14,0
15605793,Cust5793,740,France,Male,44,1,0.0,1,1,0,24663.6,0
15605794,Cust5794,659,Spain,Male,33,5,84826.37,1,1,0,41237.33,0
15605795,Cust5795,617,Germany,Female,23,5,108692.03,1,1,0,122802.53,1
15605796,Cust5796,630,Germany,Male,57,5,134172.7,2,1,1,163494.92,0
15605797,Cust5797,673,Spain,Female,29,1,0.0,1,0,0,61082.37,1
15605798,Cust5798,614,Germany,Male,23,10,55041.31,2,1,1,12793.18,0
15605799,Cust5799,752,France,Female,41,1,0.0,1,0,1,137292.94,0
15605800,Cust5800,649,France,Female,37,3,1000.0,1,1,0,18621.36,0
15605801,Cust5801,674,Germany,Female,53,3,40446.67,1,1,0,73745.91,1
15605802,Cust5802,572,Spain,Male,34,5,100410.01,3,0,0,95992.1,1
15605803,Cust5803,752,Germany,Female,34,4,0.0,2,1,1,153844.37,0
15605804,Cust5804,788,Germany,Female,41,10,0.0,2,1,1,157081.68,0
15605805,Cust5805,519,Germany,Female,40,9,74206.23,1,1,0,89862.07,1
15605806,Cust5806,688,Germany,Female,40,0,0.0,1,1,1,176142.24,1
15605807,Cust5807,640,Spain,Male,41,6,64654.67,1,1,0,83262.59,0
15605808,Cust5808,677,France,Male,40,5,0.0,2,1,0,100670.55,0
15605809,Cust5809,693,Spain,Male,34,10,79655.77,1,1,0,85935.07,1
15605810,Cust5810,435,Germany,Female,46,3,46345.48,1,0,1,128015.47,0
15605811,Cust5811,723,France,Female,34,5,132000.77,3,1,1,87234.69,0
15605812,Cust5812,757,Germany,Male,46,10,171008.19,2,0,0,187072.83,0
15605813,Cust5813,768,Germany,Female,52,5,0.0,1,0,0,169870.72,1
15605814,Cust5814,559,Germany,Male,31,6,144716.91,1,1,0,84599.56,0
15605815,Cust5815,647,Spain,Female,62,3,10766.14,1,1,1,15547.92,0
15605816,Cust5816,598,France,Male,31,8,0.0,2,0,0,114187.2,0
15605817,Cust5817,466,France,Male,31,0,0.0,3,1,1,56790.8,0
15605818,Cust5818,590,France,Male,43,10,0.0,1,0,1,71518.59,0
15605819,Cust5819,546,France,Female,42,1,120817.3,1,1,1,97723.54,0
15605820,Cust5820,682,Germany,Female,39,6,0.0,1,1,0,163080.46,0
15605821,Cust5821,493,Spain,Male,46,0,56972.51,1,1,1,152355.41,0
15605822,Cust5822,556,Germany,Male,41,1,0.0,2,0,0,116381.42,1
15605823,Cust5823,600,France,Female,59,7,60579.69,1,0,0,148630.42,1
15605824,Cust5824,724,France,Male,37,8,160783.8,3,1,0,69058.67,0
15605825,Cust5825,850,France,Female,29,3,0.0,1,0,0,104146.66,0
15605826,Cust5826,679,Germany,Male,32,0,150696.43,2,0,0,24436.87,1
15605827,Cust5827,551,France,Female,43,0,135035.53,2,1,1,20920.11,0
15605828,Cust5828,585,Germany,Female,43,10,102112.66,2,1,1,41354.32,1
15605829,Cust5829,713,Spain,Male,40,8,108292.95,2,1,1,152949.69,0
15605830,Cust5830,521,Germany,Female,30,4,104190.08,2,0,1,185279.11,0
15605831,Cust5831,755,France,Male,49,2,149365.55,2,1,1,127652.11,0
15605832,Cust5832,676,France,Female,57,7,0.0,2,1,0,18667.66,0
15605833,Cust5833,638,Germany,Female,38,9,83222.91,2,1,1,128781.52,0
15605834,Cust5834,488,Germany,Male,56,7,107009.75,1,1,0,63027.37,1
15605835,Cust5835,738,France,Female,47,9,152791.29,2,0,1,177126.5,0
15605836,Cust5836,577,Spain,Male,60,9,0.0,2,1,0,149125.55,1
15605837,Cust5837,665,Germany,Female,43,3,4547.52,2,1,1,79326.51,0
15605838,Cust5838,635,France,Female,39,8,1000.0,2,1,1,94260.75,0
15605839,Cust5839,498,France,Female,46,2,101745.94,4,1,1,146817.6,0
15605840,Cust5840,628,France,Male,34,2,0.0,1,1,0,186476.09,0
15605841,Cust5841,534,France,Female,42,10,87976.11,2,1,1,67386.4,0
15605842,Cust5842,587,France,Male,51,3,41040.89,2,1,0,156632.79,0
15605843,Cust5843,692,Germany,Male,46,9,0.0,1,1,0,141046.38,0
15605844,Cust5844,717,France,Female,38,3,186454.4,1,1,0,56240.35,1
15605845,Cust5845,648,Spain,Male,40,10,0.0,1,1,0,58220.14,0
15605846,Cust5846,565,Spain,Male,46,3,97779.06,2,1,1,51321.43,0
15605847,Cust5847,588,France,Male,45,0,86080.05,3,1,0,43806.69,1
15605848,Cust5848,586,France,Female,46,5,58361.05,3,1,1,69699.6,0
15605849,Cust5849,445,Spain,Female,41,6,123642.1,1,0,1,35409.48,0
15605850,Cust5850,657,Spain,Male,30,4,82374.41,2,1,1,58585.78,0
15605851,Cust5851,490,Spain,Male,31,2,0.0,1,1,1,79228.26,0
15605852,Cust5852,657,France,Female,43,9,0.0,3,1,0,116159.12,1
15605853,Cust5853,510,France,Male,46,4,105555.76,3,1,0,93429.09,0
15605854,Cust5854,534,France,Female,45,7,0.0,2,1,0,71062.31,0
15605855,Cust5855,714,Spain,Female,31,1,72690.14,1,1,0,32991.75,0
15605856,Cust5856,652,Germany,Female,36,9,182420.08,3,1,0,116999.82,1
15605857,Cust5857,469,Germany,Male,26,8,0.0,2,1,1,169781.56,0
15605858,Cust5858,596,Germany,Female,24,1,0.0,4,1,1,127177.88,0
15605859,Cust5859,675,France,Female,39,5,88059.63,2,1,1,118145.48,0
15605860,Cust5860,591,Germany,Male,52,8,109740.71,1,1,1,83419.97,0
15605861,Cust5861,617,France,Female,39,8,115629.41,1,1,1,111394.91,0
15605862,Cust5862,673,Germany,Male,57,4,0.0,1,1,1,137798.7,0
15605863,Cust5863,654,Germany,Female,36,1,136982.79,3,0,0,65906.73,1
15605864,Cust5864,555,Germany,Female,38,0,69820.76,1,0,1,191201.28,0
15605865,Cust5865,652,France,Male,28,10,123701.07,2,0,0,15127.57,0
15605866,Cust5866,622,Spain,Male,35,1,0.0,3,1,0,74358.35,0
15605867,Cust5867,816,Germany,Male,26,3,62966.69,1,0,1,196613.03,1
15605868,Cust5868,640,France,Male,23,9,0.0,2,1,1,164224.62,0
15605869,Cust5869,663,France,Female,26,10,109576.88,2,1,0,21539.71,0
15605870,Cust5870,675,Germany,Male,39,5,111434.69,2,0,1,79145.18,0
15605871,Cust5871,619,France,Female,31,7,0.0,2,1,1,140946.52,0
15605872,Cust5872,581,France,Male,33,5,109357.7,2,1,0,115127.51,0
15605873,Cust5873,694,France,Female,42,1,43983.79,1,0,1,187587.06,0
15605874,Cust5874,695,France,Female,23,5,152952.94,2,1,0,160115.21,0
15605875,Cust5875,850,France,Female,39,8,137654.69,3,1,1,135663.19,0
15605876,Cust5876,721,Germany,Female,46,6,0.0,1,0,0,125378.99,0
15605877,Cust5877,723,France,Female,47,6,0.0,1,1,1,199708.69,0
15605878,Cust5878,719,Germany,Female,43,9,0.0,1,1,1,105898.03,1
15605879,Cust5879,584,France,Female,37,2,0.0,2,1,0,11941.13,0
15605880,Cust5880,529,France,Male,32,6,0.0,1,1,1,151323.62,0
15605881,Cust5881,554,France,Male,37,2,49703.72,1,1,0,110038.12,0
15605882,Cust5882,716,Spain,Male,55,0,0.0,2,1,0,170284.82,0
15605883,Cust5883,786,Spain,Female,41,10,112314.17,2,1,1,96118.85,0
15605884,Cust5884,720,France,Female,37,8,79301.43,2,0,0,41719.25,0
15605885,Cust5885,634,France,Female,44,10,102097.61,2,1,1,134976.4,0
15605886,Cust5886,811,France,Female,38,5,0.0,1,1,1,183927.06,0
15605887,Cust5887,607,France,Male,40,6,69477.24,2,1,1,28110.32,0
15605888,Cust5888,540,Spain,Female,36,0,138033.39,2,1,1,45329.81,0
15605889,Cust5889,674,France,Male,34,2,0.0,1,1,1,54185.42,0
15605890,Cust5890,774,Spain,Male,48,0,0.0,1,1,1,37599.38,0
15605891,Cust5891,569,Germany,Female,18,3,37144.6,2,0,0,117384.82,0
15605892,Cust5892,486,Germany,Male,43,4,0.0,2,1,0,25451.99,0
15605893,Cust5893,654,Spain,Female,33,2,186793.91,2,1,0,197087.13,1
15605894,Cust5894,724,France,Female,19,8,0.0,2,1,1,42911.29,0
15605895,Cust5895,365,Spain,Female,28,6,56870.6,2,1,1,20403.68,0
15605896,Cust5896,744,France,Male,38,4,0.0,1,1,0,74147.18,0
15605897,Cust5897,519,Spain,Male,39,4,128348.68,2,1,0,100985.5,0
15605898,Cust5898,720,Germany,Male,45,6,68946.26,1,1,0,166940.46,1
15605899,Cust5899,458,France,Male,46,4,175390.35,1,1,1,127567.08,0
15605900,Cust5900,508,Spain,Male,23,8,0.0,2,1,0,196883.18,0
15605901,Cust5901,709,France,Male,42,8,101229.81,1,0,1,86582.31,0
15605902,Cust5902,767,France,Female,45,2,115179.31,1,1,0,28697.54,0
15605903,Cust5903,649,Spain,Female,40,10,134224.0,1,1,1,183163.87,0
15605904,Cust5904,850,France,Female,43,5,119847.79,3,1,1,119520.8,1
15605905,Cust5905,552,Spain,Male,19,2,0.0,2,0,0,107563.63,1
15605906,Cust5906,551,Germany,Female,28,9,161779.63,3,1,1,96231.9,0
15605907,Cust5907,621,Germany,Male,52,4,170666.21,1,1,1,46486.98,0
15605908,Cust5908,616,France,Male,35,1,70220.48,1,1,1,80522.81,0
15605909,Cust5909,677,France,Male,60,5,0.0,1,1,1,72529.19,0
15605910,Cust5910,579,Spain,Female,25,4,0.0,2,1,1,78500.97,0
15605911,Cust5911,704,France,Female,54,2,82138.41,3,1,1,63145.8,0
15605912,Cust5912,702,Germany,Male,32,7,0.0,1,1,1,105601.36,1
15605913,Cust5913,805,France,Female,47,4,0.0,2,1,1,152908.7,0
15605914,Cust5914,603,France,Female,35,5,121070.81,1,1,1,192451.83,0
15605915,Cust5915,682,Germany,Male,39,0,99152.88,2,1,0,33207.21,0
15605916,Cust5916,708,Spain,Female,44,4,112290.61,3,0,0,176760.6,0
15605917,Cust5917,649,Spain,Male,32,0,18039.8,2,1,1,76122.37,0
15605918,Cust5918,630,Spain,Male,46,3,84931.25,2,1,0,109031.04,0
15605919,Cust5919,452,France,Female,35,8,0.0,1,1,1,32870.76,0
15605920,Cust5920,658,France,Male,40,10,0.0,1,1,1,36933.81,0
15605921,Cust5921,707,France,Female,18,3,0.0,1,1,1,165110.05,0
15605922,Cust5922,644,Germany,Male,35,7,103804.68,2,1,0,108105.11,0
15605923,Cust5923,575,France,Female,51,7,149568.48,2,1,0,56615.18,0
15605924,Cust5924,489,Germany,Female,45,8,169847.04,1,1,1,185520.39,0
15605925,Cust5925,693,France,Female,47,0,112005.93,2,1,1,174038.3,0
15605926,Cust5926,653,Spain,Female,39,3,61682.0,1,1,1,82576.73,0
15605927,Cust5927,783,Spain,Female,55,7,0.0,1,0,1,49209.83,0
15605928,Cust5928,511,Spain,Male,41,3,113234.12,1,1,0,78064.94,0
15605929,Cust5929,605,France,Male,31,7,114538.65,2,1,0,141963.35,0
15605930,Cust5930,523,Spain,Female,47,9,63583.11,1,0,0,72736.54,0
15605931,Cust5931,748,France,Male,47,9,7256.91,3,1,1,100860.89,0
15605932,Cust5932,769,France,Male,44,5,0.0,1,1,1,190439.23,1
15605933,Cust5933,835,France,Female,34,2,46626.74,1,1,1,189143.42,0
15605934,Cust5934,700,France,Male,41,3,0.0,2,1,1,96742.68,0
15605935,Cust5935,726,Germany,Male,52,6,85690.14,1,1,1,181020.48,0
15605936,Cust5936,692,France,Female,43,8,25156.0,3,1,0,83885.57,0
15605937,Cust5937,705,France,Female,23,9,0.0,2,0,0,102078.97,0
15605938,Cust5938,655,Germany,Female,32,9,174995.14,1,1,1,51158.47,0
15605939,Cust5939,709,Spain,Male,31,2,116026.26,3,0,0,57674.23,0
15605940,Cust5940,850,Germany,Male,30,1,190081.32,1,0,1,142394.23,1
15605941,Cust5941,671,Germany,Female,18,1,0.0,1,0,1,158258.48,0
15605942,Cust5942,652,France,Male,57,2,0.0,2,1,1,118863.93,0
15605943,Cust5943,669,Spain,Female,29,3,0.0,1,1,1,131987.48,0
15605944,Cust5944,636,France,Male,30,0,181934.06,2,0,1,69814.87,0
15605945,Cust5945,674,France,Male,19,10,170774.99,1,1,1,181310.66,0
15605946,Cust5946,632,France,Male,47,3,134120.26,3,1,0,141808.51,1
15605947,Cust5947,760,Germany,Male,37,1,119238.33,1,0,0,175402.2,0
15605948,Cust5948,750,France,Male,34,5,0.0,1,1,1,156963.62,0
15605949,Cust5949,850,Germany,Female,35,1,39626.45,4,1,1,99569.93,0
15605950,Cust5950,648,France,Female,44,9,0.0,2,1,0,138255.57,1
15605951,Cust5951,678,France,Male,33,10,0.0,2,1,1,37353.54,1
15605952,Cust5952,674,France,Female,18,10,0.0,2,0,1,80075.86,0
15605953,Cust5953,669,France,Male,25,4,0.0,2,1,1,124240.58,0
15605954,Cust5954,758,France,Male,25,6,160729.31,1,0,1,43747.36,0
15605955,Cust5955,494,Germany,Female,41,1,182217.66,2,0,1,166210.29,0
15605956,Cust5956,694,Germany,Female,47,0,156186.09,1,0,0,82457.21,1
15605957,Cust5957,842,France,Female,53,6,79606.23,1,0,0,184430.1,0
15605958,Cust5958,781,Germany,Male,22,8,136955.28,1,1,0,167227.13,0
15605959,Cust5959,770,France,Male,44,0,0.0,2,1,1,62096.47,0
15605960,Cust5960,731,France,Female,32,10,0.0,1,0,0,12745.95,0
15605961,Cust5961,593,France,Female,67,4,212558.08,1,1,1,23639.32,0
15605962,Cust5962,578,France,Female,52,6,79571.97,2,1,0,26045.44,0
15605963,Cust5963,579,France,Female,55,0,48792.37,1,1,1,66133.73,0
15605964,Cust5964,541,Germany,Male,46,9,0.0,1,1,0,14960.49,0
15605965,Cust5965,741,France,Female,42,6,184056.67,1,0,0,99107.89,1
15605966,Cust5966,791,Spain,Female,34,5,152500.22,1,1,1,121218.82,1
15605967,Cust5967,692,France,Male,32,6,70217.73,2,1,0,159022.63,0
15605968,Cust5968,727,Germany,Male,30,9,0.0,2,1,1,179341.83,0
15605969,Cust5969,678,Spain,Female,44,0,122638.15,1,1,1,16051.9,0
15605970,Cust5970,705,France,Male,54,0,130792.91,1,1,0,196986.41,0
15605971,Cust5971,447,France,Female,34,5,0.0,2,1,1,119128.95,0
15605972,Cust5972,680,Germany,Female,31,8,57862.71,1,1,1,134201.24,0
15605973,Cust5973,609,Spain,Male,23,10,90215.99,1,1,0,53512.42,1
15605974,Cust5974,646,Spain,Male,40,1,50810.2,2,1,0,100778.1,0
15605975,Cust5975,672,France,Female,50,4,143630.2,2,1,0,76059.46,1
15605976,Cust5976,581,Spain,Male,51,8,96398.68,1,1,1,87315.72,0
15605977,Cust5977,547,France,Female,52,10,115821.65,1,0,0,80303.92,0
15605978,Cust5978,578,France,Male,42,2,70757.03,2,1,0,42053.09,0
15605979,Cust5979,511,Germany,Female,39,10,129530.51,1,0,1,73241.83,0
15605980,Cust5980,539,Germany,Male,51,8,0.0,1,1,1,150728.78,0
15605981,Cust5981,552,Germany,Male,27,2,36609.66,3,1,1,62358.64,1
15605982,Cust5982,512,Spain,Female,34,8,0.0,1,0,1,151308.14,0
15605983,Cust5983,701,France,Male,55,6,48720.19,2,0,1,98913.56,0
15605984,Cust5984,564,Germany,Male,27,9,0.0,2,0,1,194808.56,0
15605985,Cust5985,471,France,Male,38,9,142166.79,1,1,1,79194.52,0
15605986,Cust5986,611,France,Female,44,2,71554.4,1,1,1,193170.43,0
15605987,Cust5987,543,France,Female,39,7,106191.03,2,1,1,20501.9,0
15605988,Cust5988,790,Spain,Male,49,5,96732.08,1,1,1,29588.59,0
15605989,Cust5989,663,France,Male,53,8,36169.67,1,1,0,60113.11,1
15605990,Cust5990,509,France,Male,43,1,164539.5,3,1,1,177664.11,0
15605991,Cust5991,705,Germany,Female,52,2,165125.75,1,1,1,149576.07,0
15605992,Cust5992,658,Spain,Male,29,2,0.0,2,1,1,62746.07,0
15605993,Cust5993,627,Spain,Female,36,10,87495.73,2,1,0,12412.92,0
15605994,Cust5994,801,Germany,Male,62,4,105331.73,2,1,0,166019.0,0
15605995,Cust5995,556,France,Female,57,2,161260.58,1,1,0,172272.61,1
15605996,Cust5996,749,Germany,Female,25,8,77713.64,2,1,1,60239.3,0
15605997,Cust5997,611,Spain,Male,38,7,81830.73,2,0,1,15494.98,1
15605998,Cust5998,648,Spain,Female,39,6,91127.69,1,0,1,194509.34,1
15605999,Cust5999,578,Spain,Male,42,9,2943.11,2,1,0,81342.02,1
15606000,Cust6000,584,France,Female,51,9,0.0,2,0,1,54012.46,0
15606001,Cust6001,608,France,Male,56,3,109987.79,1,1,1,193797.97,0
15606002,Cust6002,468,Germany,Male,38,10,138660.44,1,0,1,151328.54,0
15606003,Cust6003,683,France,Male,49,6,80142.87,2,1,1,42679.48,0
15606004,Cust6004,661,France,Male,44,9,36204.0,1,1,1,97517.21,0
15606005,Cust6005,506,France,Female,38,7,0.0,2,0,0,90684.51,0
15606006,Cust6006,713,Germany,Female,21,0,0.0,1,1,1,85006.8,0
15606007,Cust6007,790,Spain,Male,48,10,0.0,1,0,1,138450.38,0
15606008,Cust6008,586,Spain,Male,44,6,130989.68,1,1,1,35473.99,0
15606009,Cust6009,575,Spain,Female,42,4,197739.5,1,1,0,94327.8,0
15606010,Cust6010,757,Spain,Male,28,3,0.0,2,1,0,112924.26,0
15606011,Cust6011,689,Germany,Male,58,6,113807.87,1,1,0,128699.47,1
15606012,Cust6012,637,France,Female,40,10,90041.47,3,1,1,39407.04,1
15606013,Cust6013,728,Germany,Male,27,1,0.0,1,1,0,168152.95,0
15606014,Cust6014,676,France,Male,25,2,0.0,2,0,1,116190.05,0
15606015,Cust6015,787,France,Male,45,0,0.0,2,0,1,192174.52,0
15606016,Cust6016,648,France,Male,45,2,8627.19,1,0,0,80419.93,1
15606017,Cust6017,691,Spain,Female,33,0,204999.7,2,1,0,183934.74,0
15606018,Cust6018,755,Germany,Female,43,2,0.0,1,0,0,29332.36,0
15606019,Cust6019,415,Spain,Female,45,5,130537.01,2,1,0,194525.14,1
15606020,Cust6020,759,Spain,Male,39,9,104243.95,1,0,1,157864.52,0
15606021,Cust6021,602,Spain,Female,31,6,187020.19,1,1,0,93113.19,0
15606022,Cust6022,698,France,Female,48,2,141535.38,1,0,1,25333.0,0
15606023,Cust6023,810,Spain,Female,46,0,38863.76,1,1,1,163183.78,0
15606024,Cust6024,621,Spain,Female,44,9,0.0,3,0,0,90719.24,0
15606025,Cust6025,606,Spain,Female,30,1,0.0,2,1,0,130669.43,0
15606026,Cust6026,645,France,Female,25,8,0.0,2,1,1,93903.82,0
15606027,Cust6027,511,France,Female,39,2,0.0,2,1,1,53842.69,0
15606028,Cust6028,850,Spain,Female,47,6,170244.31,2,0,0,25893.16,1
15606029,Cust6029,646,France,Male,48,9,41633.45,2,1,0,197721.21,0
15606030,Cust6030,808,France,Female,44,10,89845.5,2,1,0,59133.51,1
15606031,Cust6031,618,France,Female,33,1,0.0,3,1,0,96248.85,1
15606032,Cust6032,653,France,Male,30,5,0.0,1,0,1,118923.25,0
15606033,Cust6033,741,France,Male,38,5,160123.18,2,0,0,158503.06,0
15606034,Cust6034,544,Spain,Male,38,9,159033.42,1,1,0,62769.81,0
15606035,Cust6035,640,Spain,Female,49,8,38867.12,1,1,0,155972.35,0
15606036,Cust6036,737,Spain,Male,33,1,107883.16,1,1,1,34658.22,0
15606037,Cust6037,630,France,Male,34,9,0.0,3,0,0,165497.75,0
15606038,Cust6038,604,France,Male,59,3,103146.31,2,1,1,181829.16,0
15606039,Cust6039,757,France,Male,54,7,176414.83,1,1,0,181712.71,0
15606040,Cust6040,785,France,Female,29,1,192556.38,3,1,1,19076.88,0
15606041,Cust6041,800,France,Male,53,2,0.0,3,1,1,105128.43,1
15606042,Cust6042,585,Spain,Male,27,0,114535.91,2,1,1,179210.5,1
15606043,Cust6043,594,Spain,Male,34,1,93676.14,1,1,1,160822.72,1
15606044,Cust6044,605,Germany,Female,35,10,100484.66,1,0,1,177476.55,0
15606045,Cust6045,719,France,Female,37,1,166913.45,2,0,1,146248.67,0
15606046,Cust6046,535,France,Male,44,6,62456.46,1,1,1,171970.18,0
15606047,Cust6047,541,France,Male,39,8,89264.93,1,1,1,22349.03,1
15606048,Cust6048,581,France,Female,44,0,102058.54,1,1,0,48373.18,0
15606049,Cust6049,560,Germany,Female,34,3,69285.9,2,1,0,147804.03,1
15606050,Cust6050,735,France,Female,42,5,123811.92,1,0,1,164822.55,0
15606051,Cust6051,728,Germany,Male,39,3,170759.69,3,1,1,45566.63,0
15606052,Cust6052,604,Spain,Female,24,9,0.0,2,1,1,163080.97,0
15606053,Cust6053,631,France,Female,43,1,69252.05,4,1,1,54174.6,0
15606054,Cust6054,406,France,Male,39,7,66951.96,1,1,0,136558.59,0
15606055,Cust6055,606,France,Female,31,4,0.0,1,1,0,108851.24,0
15606056,Cust6056,769,France,Female,34,4,0.0,2,1,0,156400.49,0
15606057,Cust6057,601,Germany,Female,34,3,0.0,3,1,1,92814.97,0
15606058,Cust6058,545,Spain,Female,36,7,0.0,1,1,0,49385.7,0
15606059,Cust6059,782,Spain,Male,56,3,68701.82,1,1,0,166430.87,0
15606060,Cust6060,543,Germany,Male,59,6,36889.96,2,0,1,186149.38,0
15606061,Cust6061,798,France,Male,18,0,12893.84,2,0,1,128974.67,0
15606062,Cust6062,850,France,Female,43,3,128293.84,1,1,0,174424.92,0
15606063,Cust6063,639,France,Male,48,5,0.0,1,1,0,15160.45,0
15606064,Cust6064,769,France,Male,36,2,0.0,1,1,0,114069.98,0
15606065,Cust6065,490,Spain,Female,47,1,0.0,1,1,0,83853.43,0
15606066,Cust6066,486,France,Male,55,2,111773.41,1,1,0,145468.07,0
15606067,Cust6067,574,France,Female,24,5,97826.9,2,0,0,73128.22,0
15606068,Cust6068,729,France,Male,39,10,0.0,1,0,1,13566.88,0
15606069,Cust6069,650,France,Male,58,7,142949.7,1,1,0,100321.02,0
15606070,Cust6070,632,Spain,Male,26,9,0.0,1,1,1,123351.86,0
15606071,Cust6071,526,France,Male,37,6,166933.99,1,1,1,139112.35,1
15606072,Cust6072,638,France,Male,34,0,134352.03,2,1,1,168423.15,0
15606073,Cust6073,588,France,Male,49,1,84793.01,2,0,0,199967.87,0
15606074,Cust6074,561,Spain,Female,50,8,0.0,2,0,1,155111.07,0
15606075,Cust6075,553,Germany,Male,40,6,0.0,1,1,1,68737.16,0
15606076,Cust6076,668,Germany,Male,38,9,80712.72,1,1,1,188707.89,1
15606077,Cust6077,581,France,Male,21,4,21633.32,2,0,0,139174.38,0
15606078,Cust6078,649,France,Male,52,10,55790.32,1,0,1,180095.27,0
15606079,Cust6079,480,Spain,Male,34,3,55642.63,1,1,1,89566.84,0
15606080,Cust6080,698,France,Male,37,9,0.0,2,1,0,37837.45,0
15606081,Cust6081,673,France,Female,48,1,0.0,1,0,0,139851.34,0
15606082,Cust6082,628,Germany,Female,40,4,137236.23,1,1,1,36638.65,1
15606083,Cust6083,666,France,Female,48,10,105690.5,1,1,1,175444.75,0
15606084,Cust6084,740,France,Female,44,8,81200.32,1,1,0,132297.4,0
15606085,Cust6085,511,Spain,Male,40,4,0.0,2,0,1,94654.81,0
15606086,Cust6086,656,France,Male,41,9,0.0,2,0,0,35297.58,0
15606087,Cust6087,525,France,Male,27,5,142141.48,1,1,0,64150.58,0
15606088,Cust6088,658,France,Female,37,10,15224.68,1,1,1,64426.3,1
15606089,Cust6089,625,Germany,Male,49,1,0.0,1,1,0,19720.84,1
15606090,Cust6090,648,France,Male,29,9,53456.31,2,1,1,38622.44,0
15606091,Cust6091,731,France,Female,31,7,40793.17,2,0,0,126012.99,0
15606092,Cust6092,729,Germany,Male,29,1,0.0,1,1,0,18215.82,0
15606093,Cust6093,754,Germany,Male,40,3,100242.42,3,0,0,100575.1,1
15606094,Cust6094,612,Spain,Female,52,8,0.0,2,1,0,123560.48,0
15606095,Cust6095,718,France,Male,43,8,0.0,2,0,0,57605.64,0
15606096,Cust6096,699,France,Male,18,2,0.0,3,1,0,199078.18,0
15606097,Cust6097,614,Germany,Male,44,0,0.0,1,1,1,97494.02,0
15606098,Cust6098,661,Germany,Male,34,3,65680.53,1,1,1,153502.28,0
15606099,Cust6099,637,France,Female,43,3,0.0,1,1,0,53050.16,0
15606100,Cust6100,784,Germany,Female,37,6,0.0,1,1,0,17451.49,0
15606101,Cust6101,728,France,Male,29,8,0.0,1,1,0,24833.34,1
15606102,Cust6102,618,Spain,Male,37,3,113188.67,3,1,0,66275.06,0
15606103,Cust6103,611,Spain,Male,34,4,1000.0,2,1,0,68461.55,0
15606104,Cust6104,742,France,Female,41,2,0.0,2,1,1,47245.67,0
15606105,Cust6105,779,Spain,Male,29,0,0.0,2,0,0,74263.4,0
15606106,Cust6106,680,Spain,Male,27,10,0.0,1,0,0,33986.36,0
15606107,Cust6107,713,France,Female,45,8,147827.15,1,1,0,178518.06,0
15606108,Cust6108,775,France,Female,49,8,151455.48,1,1,1,68527.95,0
15606109,Cust6109,633,Germany,Female,44,10,109389.55,2,0,1,149204.04,0
15606110,Cust6110,658,France,Female,32,0,0.0,2,0,1,183800.27,0
15606111,Cust6111,697,France,Male,31,4,63922.85,2,1,0,187891.48,0
15606112,Cust6112,609,France,Female,31,8,0.0,3,1,1,117982.25,0
15606113,Cust6113,813,Spain,Female,47,6,0.0,1,1,1,72671.04,0
15606114,Cust6114,608,France,Male,30,8,48603.92,1,1,1,182274.88,1
15606115,Cust6115,656,Spain,Male,47,4,103455.4,1,1,0,194783.33,1
15606116,Cust6116,834,France,Male,44,1,33465.51,3,1,0,153250.35,1
15606117,Cust6117,471,France,Female,50,6,0.0,1,1,1,120352.92,0
15606118,Cust6118,671,Spain,Female,49,8,174995.46,1,1,1,42425.51,0
15606119,Cust6119,587,France,Female,43,8,75386.61,4,1,1,129468.39,1
15606120,Cust6120,650,France,Male,23,1,98469.99,1,1,0,55448.32,0
15606121,Cust6121,534,France,Female,44,6,76981.09,1,1,0,44706.98,0
15606122,Cust6122,614,Germany,Male,39,6,0.0,1,1,0,86712.41,0
15606123,Cust6123,652,France,Male,34,3,59113.47,1,1,1,86561.9,0
15606124,Cust6124,673,France,Female,52,2,58948.03,2,0,0,106999.27,0
15606125,Cust6125,736,France,Female,36,2,125096.38,3,1,0,83754.83,0
15606126,Cust6126,427,France,Female,33,1,0.0,1,1,1,18185.13,0
15606127,Cust6127,638,France,Male,49,5,213037.49,2,1,1,102024.44,0
15606128,Cust6128,633,Germany,Male,34,3,189369.76,1,1,1,67868.18,0
15606129,Cust6129,644,France,Male,32,7,127738.2,2,1,0,122691.68,0
15606130,Cust6130,653,France,Male,27,6,141917.9,1,1,1,90213.26,0
15606131,Cust6131,570,Germany,Female,30,6,132903.23,1,1,0,87484.8,0
15606132,Cust6132,501,Germany,Male,31,10,147039.87,1,1,1,172762.71,1
15606133,Cust6133,671,France,Male,44,1,123570.01,2,1,1,151076.74,0
15606134,Cust6134,555,France,Male,28,0,54595.87,1,0,1,160646.35,0
15606135,Cust6135,689,France,Female,19,3,62970.85,1,1,0,130893.19,1
15606136,Cust6136,560,Spain,Female,41,0,143690.15,1,1,1,177330.18,0
15606137,Cust6137,717,France,Male,32,8,0.0,4,1,0,130359.28,0
15606138,Cust6138,645,France,Male,38,4,160390.77,1,0,1,16449.92,0
15606139,Cust6139,651,France,Female,51,1,132689.28,3,0,1,105981.42,0
15606140,Cust6140,626,France,Female,39,0,0.0,1,1,0,119589.48,0
15606141,Cust6141,611,France,Male,53,9,0.0,1,1,0,179450.63,0
15606142,Cust6142,628,France,Male,37,4,41229.97,1,1,0,108484.14,0
15606143,Cust6143,763,Germany,Female,48,5,135321.86,1,1,1,55669.94,1
15606144,Cust6144,503,Germany,Female,33,1,0.0,1,0,1,96130.37,0
15606145,Cust6145,588,Germany,Male,39,8,82474.49,1,1,1,90906.48,0
15606146,Cust6146,751,Spain,Male,29,8,99792.78,1,0,1,116247.85,0
15606147,Cust6147,729,France,Male,30,3,114403.15,1,0,1,61046.87,0
15606148,Cust6148,779,Spain,Male,36,9,139399.39,2,1,1,73359.55,0
15606149,Cust6149,644,Germany,Male,25,3,84289.66,1,1,0,192607.07,0
15606150,Cust6150,523,Spain,Male,40,9,0.0,1,1,0,103295.87,0
15606151,Cust6151,544,Germany,Male,35,10,96707.37,2,1,1,171305.57,0
15606152,Cust6152,621,France,Male,40,5,29814.73,2,1,0,192727.3,0
15606153,Cust6153,723,France,Male,25,6,161564.19,2,0,0,164087.48,0
15606154,Cust6154,626,France,Male,45,9,114225.12,1,0,1,85737.93,0
15606155,Cust6155,618,France,Female,55,1,91413.27,2,1,1,48475.97,0
15606156,Cust6156,688,France,Male,53,5,65921.9,1,0,1,163002.91,0
15606157,Cust6157,653,France,Female,57,10,0.0,1,1,1,127370.83,0
15606158,Cust6158,608,France,Female,38,2,34925.38,1,0,0,71120.9,0
15606159,Cust6159,554,Spain,Female,34,4,0.0,2,1,1,163839.75,0
15606160,Cust6160,741,Germany,Male,43,9,57801.23,1,0,1,119792.6,0
15606161,Cust6161,751,Germany,Male,36,7,75011.32,1,0,1,158588.98,0
15606162,Cust6162,548,France,Female,21,5,159494.75,1,1,0,106851.5,0
15606163,Cust6163,611,Germany,Male,46,1,126841.26,1,1,0,126764.94,0
15606164,Cust6164,714,Spain,Male,36,1,0.0,1,1,1,80000.06,0
15606165,Cust6165,541,Germany,Male,23,9,28279.92,1,1,1,76375.38,1
15606166,Cust6166,685,Germany,Female,33,5,58715.84,2,1,1,147206.29,0
15606167,Cust6167,619,France,Female,36,10,165046.29,1,0,0,83295.59,0
15606168,Cust6168,533,France,Male,38,1,129873.08,2,1,1,87658.1,0
15606169,Cust6169,821,Germany,Female,38,4,0.0,1,0,1,67344.68,0
15606170,Cust6170,617,Spain,Female,52,1,0.0,1,1,1,161564.01,0
15606171,Cust6171,700,France,Male,25,1,0.0,1,1,0,167477.6,0
15606172,Cust6172,542,France,Male,36,0,98997.89,1,1,1,40719.39,0
15606173,Cust6173,799,France,Male,29,6,201953.88,1,1,1,140708.78,0
15606174,Cust6174,837,France,Female,51,2,103691.67,1,0,1,57417.8,0
15606175,Cust6175,506,Spain,Female,32,1,0.0,1,1,0,57071.69,0
15606176,Cust6176,634,Germany,Female,35,9,0.0,2,0,0,47007.87,1
15606177,Cust6177,777,France,Female,48,4,119880.92,2,0,1,52972.16,0
15606178,Cust6178,605,France,Male,51,5,0.0,1,1,1,85770.47,1
15606179,Cust6179,689,France,Female,53,6,0.0,1,1,0,66352.29,0
15606180,Cust6180,489,France,Female,22,4,0.0,1,1,1,50019.4,0
15606181,Cust6181,574,Germany,Female,43,1,0.0,2,0,1,129680.22,0
15606182,Cust6182,679,Spain,Male,41,5,79322.21,1,0,0,161232.67,0
15606183,Cust6183,593,Germany,Male,37,10,0.0,1,1,0,92817.83,0
15606184,Cust6184,615,France,Male,39,7,0.0,2,0,1,12461.48,0
15606185,Cust6185,505,Germany,Male,51,7,0.0,2,1,0,124168.09,0
15606186,Cust6186,713,Germany,Female,48,6,104072.91,1,0,1,167703.64,0
15606187,Cust6187,521,France,Female,47,3,82797.35,2,0,1,126945.61,0
15606188,Cust6188,798,Germany,Female,40,5,156058.96,1,1,1,170773.54,0
15606189,Cust6189,584,Germany,Male,61,4,51911.32,1,0,1,13190.3,0
15606190,Cust6190,727,Spain,Male,34,6,36647.25,2,0,1,53244.74,0
15606191,Cust6191,717,France,Male,22,9,0.0,2,1,1,134105.06,0
15606192,Cust6192,555,France,Female,35,0,19688.95,1,1,0,82064.17,0
15606193,Cust6193,595,France,Female,39,5,0.0,1,1,1,48326.91,0
15606194,Cust6194,606,France,Male,51,2,0.0,1,1,1,183959.94,0
15606195,Cust6195,613,France,Female,33,10,102684.42,2,1,0,87275.58,0
15606196,Cust6196,525,Spain,Female,43,1,0.0,1,1,0,170549.98,0
15606197,Cust6197,701,France,Male,23,0,0.0,2,0,1,193517.81,0
15606198,Cust6198,584,France,Male,49,7,0.0,2,0,1,16129.34,0
15606199,Cust6199,639,Spain,Male,39,2,14581.68,2,1,1,190148.68,0
15606200,Cust6200,747,Germany,Male,35,2,133605.45,2,0,0,147140.09,1
15606201,Cust6201,705,France,Female,59,5,96267.94,1,1,1,157810.91,1
15606202,Cust6202,590,Germany,Male,49,10,131371.9,1,0,0,46018.27,1
15606203,Cust6203,750,France,Female,28,1,0.0,1,1,0,44362.67,1
15606204,Cust6204,714,France,Female,37,5,148704.46,2,1,0,100448.4,0
15606205,Cust6205,582,Germany,Male,65,3,60119.46,3,1,1,39864.89,0
15606206,Cust6206,601,France,Female,58,2,0.0,1,1,0,146519.13,0
15606207,Cust6207,746,France,Male,47,5,0.0,1,1,0,181603.53,1
15606208,Cust6208,725,France,Female,20,10,0.0,1,1,1,190790.98,0
15606209,Cust6209,506,Spain,Male,51,2,156155.94,1,1,0,68320.84,0
15606210,Cust6210,553,France,Female,32,2,123006.94,2,1,0,108717.61,0
15606211,Cust6211,717,Germany,Male,51,1,106665.01,2,0,0,46817.07,0
15606212,Cust6212,537,France,Male,31,6,45349.67,2,1,0,74573.13,0
15606213,Cust6213,727,Germany,Male,43,2,68249.46,1,1,1,63269.52,0
15606214,Cust6214,836,France,Female,32,6,27325.81,2,1,0,108537.55,0
15606215,Cust6215,686,France,Female,34,0,63206.01,1,0,1,60989.21,0
15606216,Cust6216,561,Germany,Female,44,7,0.0,2,1,1,14407.51,0
15606217,Cust6217,667,Germany,Male,25,2,0.0,2,0,0,61153.07,0
15606218,Cust6218,749,France,Female,62,0,0.0,2,1,1,36537.07,0
15606219,Cust6219,659,France,Female,28,0,0.0,1,1,0,18453.55,0
15606220,Cust6220,696,France,Male,27,8,0.0,1,1,1,100234.54,0
15606221,Cust6221,573,France,Male,44,10,0.0,3,1,0,132204.4,0
15606222,Cust6222,581,Germany,Male,51,4,65643.63,2,0,1,182065.16,0
15606223,Cust6223,737,France,Female,35,1,0.0,2,1,1,49949.81,0
15606224,Cust6224,582,Germany,Male,27,9,0.0,1,0,1,25347.64,0
15606225,Cust6225,402,France,Male,29,0,84478.82,1,1,1,148616.3,0
15606226,Cust6226,621,France,Female,28,3,0.0,1,1,1,108792.91,0
15606227,Cust6227,680,France,Female,41,10,32900.2,2,1,0,183923.67,1
15606228,Cust6228,752,France,Male,37,4,91767.34,1,1,0,99203.55,1
15606229,Cust6229,808,France,Female,42,8,0.0,1,1,0,175027.8,0
15606230,Cust6230,658,Spain,Male,42,3,0.0,1,0,1,23293.55,0
15606231,Cust6231,713,France,Female,46,2,0.0,1,1,1,198869.35,0
15606232,Cust6232,662,Spain,Male,34,3,73791.53,1,1,0,88907.49,0
15606233,Cust6233,684,France,Male,31,9,13686.82,2,0,0,174873.8,0
15606234,Cust6234,632,France,Female,40,4,114441.44,2,0,0,17903.11,0
15606235,Cust6235,687,France,Male,37,9,207708.45,1,1,1,46422.96,0
15606236,Cust6236,580,France,Female,41,10,74273.53,3,1,0,122148.35,0
15606237,Cust6237,840,Germany,Male,31,8,97828.18,4,0,1,13874.94,0
15606238,Cust6238,420,Spain,Male,44,3,0.0,2,1,1,116704.74,0
15606239,Cust6239,705,Germany,Female,26,6,206647.4,2,1,1,62191.66,0
15606240,Cust6240,681,Germany,Male,34,4,0.0,2,1,1,111204.94,1
15606241,Cust6241,686,France,Female,49,6,154499.12,1,0,0,152511.89,0
15606242,Cust6242,536,France,Female,27,7,1000.0,1,1,0,129459.88,0
15606243,Cust6243,489,Spain,Male,49,10,1000.0,1,1,1,151824.05,0
15606244,Cust6244,708,France,Male,24,8,19522.52,1,0,1,76617.72,0
15606245,Cust6245,779,France,Male,22,5,83312.27,3,1,1,146433.61,0
15606246,Cust6246,671,Spain,Male,23,9,0.0,3,0,1,112493.38,1
15606247,Cust6247,727,Spain,Male,39,8,0.0,2,0,0,107063.92,0
15606248,Cust6248,606,Germany,Male,45,3,101884.77,2,1,1,129346.76,1
15606249,Cust6249,682,France,Female,51,1,127866.35,3,1,1,106215.72,0
15606250,Cust6250,768,Spain,Male,50,4,0.0,2,1,0,95359.64,0
15606251,Cust6251,620,France,Female,47,7,0.0,1,0,0,70733.99,0
15606252,Cust6252,764,France,Male,30,2,96224.49,3,0,0,124714.91,0
15606253,Cust6253,493,France,Male,30,10,187660.39,2,1,1,67003.84,0
15606254,Cust6254,591,Spain,Male,46,10,108981.04,1,1,1,11076.69,0
15606255,Cust6255,702,Spain,Male,52,0,0.0,1,1,1,22815.14,0
15606256,Cust6256,833,Germany,Female,28,4,0.0,2,1,0,177206.79,0
15606257,Cust6257,651,France,Male,51,2,54847.55,1,1,0,170959.32,0
15606258,Cust6258,551,France,Female,19,9,0.0,2,0,0,191969.52,0
15606259,Cust6259,830,France,Female,42,8,127689.71,2,1,1,95482.38,0
15606260,Cust6260,638,Spain,Male,37,7,0.0,1,0,0,62264.44,0
15606261,Cust6261,714,France,Female,36,8,0.0,1,1,1,199748.41,0
15606262,Cust6262,618,France,Female,38,8,120149.05,2,1,1,125972.94,0
15606263,Cust6263,664,Germany,Male,29,8,132373.13,1,1,0,182630.98,0
15606264,Cust6264,596,France,Female,42,7,126528.6,2,1,0,78530.15,0
15606265,Cust6265,850,Spain,Male,39,10,0.0,4,1,0,157017.81,0
15606266,Cust6266,764,France,Female,47,6,126797.91,2,1,0,158361.04,0
15606267,Cust6267,820,Spain,Male,54,1,116517.85,1,1,1,135362.67,0
15606268,Cust6268,574,France,Female,39,4,0.0,2,1,1,56868.9,0
15606269,Cust6269,475,France,Female,30,7,143548.9,3,0,0,168207.6,0
15606270,Cust6270,622,France,Female,27,9,177491.12,3,1,0,99704.05,0
15606271,Cust6271,850,France,Female,55,7,0.0,1,0,0,153521.07,0
15606272,Cust6272,619,Germany,Male,54,3,112339.18,1,1,1,113489.23,0
15606273,Cust6273,751,France,Female,47,2,96677.57,2,1,1,31120.98,0
15606274,Cust6274,552,France,Male,39,9,0.0,1,1,0,93657.76,0
15606275,Cust6275,570,Germany,Male,46,2,0.0,2,1,0,82621.73,1
15606276,Cust6276,642,France,Male,51,0,143510.0,2,1,0,186154.17,0
15606277,Cust6277,850,Germany,Female,32,7,0.0,3,1,0,169187.63,0
15606278,Cust6278,756,Germany,Female,38,5,0.0,1,0,0,70938.01,0
15606279,Cust6279,453,France,Male,27,7,82884.02,2,1,1,126342.97,0
15606280,Cust6280,714,Spain,Female,37,5,156534.54,2,1,0,94424.92,1
15606281,Cust6281,540,France,Female,53,6,129897.13,2,1,0,135021.81,0
15606282,Cust6282,585,France,Male,49,3,72345.74,1,1,1,92981.1,1
15606283,Cust6283,699,France,Male,39,5,94898.02,1,1,1,87989.9,0
15606284,Cust6284,784,Spain,Female,18,1,0.0,2,1,1,157954.67,0
15606285,Cust6285,780,Germany,Female,31,7,128073.97,2,1,0,190525.65,0
15606286,Cust6286,682,Germany,Male,39,6,0.0,2,1,0,19572.77,0
15606287,Cust6287,683,Spain,Male,36,3,113248.38,1,0,1,15077.63,0
15606288,Cust6288,779,France,Male,38,6,0.0,1,0,0,109708.35,0
15606289,Cust6289,499,Spain,Male,40,2,210265.86,1,0,0,147541.46,1
15606290,Cust6290,825,Germany,Male,33,8,64472.48,2,1,0,184136.5,0
15606291,Cust6291,579,Spain,Male,38,6,155088.02,2,1,1,66042.79,0
15606292,Cust6292,675,Spain,Male,37,7,80961.47,1,0,0,101133.78,0
15606293,Cust6293,602,Spain,Female,31,6,0.0,1,0,0,167288.86,0
15606294,Cust6294,539,France,Male,56,9,0.0,1,1,0,75515.45,0
15606295,Cust6295,694,Spain,Male,33,8,0.0,1,1,1,23413.23,0
15606296,Cust6296,673,Spain,Male,18,3,95087.64,1,1,0,171188.99,0
15606297,Cust6297,640,Germany,Female,56,4,0.0,3,0,1,61412.69,0
15606298,Cust6298,635,France,Male,30,5,162694.61,1,1,1,197784.02,1
15606299,Cust6299,796,Spain,Male,47,8,0.0,1,0,0,58850.28,1
15606300,Cust6300,850,France,Male,31,0,83944.32,2,1,1,129596.87,0
15606301,Cust6301,770,France,Female,44,10,0.0,4,1,1,186634.62,0
15606302,Cust6302,677,Germany,Male,38,3,181456.19,2,1,0,60459.23,0
15606303,Cust6303,493,France,Male,48,4,43509.45,1,0,1,91570.24,0
15606304,Cust6304,710,Germany,Female,36,2,112974.35,1,0,1,92249.28,0
15606305,Cust6305,714,France,Female,31,5,115126.99,1,0,1,111493.28,0
15606306,Cust6306,724,Germany,Male,41,2,46130.16,1,1,0,80797.7,1
15606307,Cust6307,540,Spain,Male,34,10,87855.58,2,0,1,111799.09,1
15606308,Cust6308,732,France,Female,19,3,0.0,2,0,0,129699.11,1
15606309,Cust6309,800,Germany,Female,32,3,0.0,1,1,0,68308.37,1
15606310,Cust6310,556,France,Female,67,0,104800.96,2,1,0,128719.58,0
15606311,Cust6311,716,Spain,Female,20,7,114119.86,2,0,0,50161.34,0
15606312,Cust6312,572,Spain,Female,40,10,0.0,2,0,0,60251.01,0
15606313,Cust6313,640,France,Female,36,6,190367.62,1,0,1,25799.56,0
15606314,Cust6314,559,Germany,Male,56,9,0.0,4,0,1,173578.74,1
15606315,Cust6315,616,Germany,Female,27,4,111717.77,1,0,0,91994.37,1
15606316,Cust6316,617,Germany,Female,39,7,0.0,1,1,0,66134.4,1
15606317,Cust6317,690,Germany,Female,45,9,0.0,1,1,0,137812.97,1
15606318,Cust6318,735,France,Male,36,8,109587.32,2,0,0,79591.46,0
15606319,Cust6319,767,Germany,Male,30,1,62386.95,3,0,0,104612.51,1
15606320,Cust6320,587,France,Female,38,10,129370.86,1,0,1,80363.7,1
15606321,Cust6321,685,France,Female,35,0,0.0,1,0,0,62316.82,1
15606322,Cust6322,545,Spain,Male,35,1,144217.5,3,1,1,194292.29,0
15606323,Cust6323,639,France,Female,47,2,135384.52,2,1,1,12794.98,0
15606324,Cust6324,654,Germany,Male,42,7,127195.08,3,1,0,72099.56,1
15606325,Cust6325,561,France,Male,44,9,0.0,2,0,1,136698.78,0
15606326,Cust6326,704,Spain,Female,41,5,0.0,2,0,0,98309.06,0
15606327,Cust6327,635,Germany,Female,48,3,104297.69,1,0,1,104814.83,0
15606328,Cust6328,665,France,Male,51,5,150150.15,1,1,0,121070.94,0
15606329,Cust6329,768,France,Male,35,7,110721.52,2,1,1,155086.86,0
15606330,Cust6330,609,France,Male,46,2,65498.06,1,0,0,30360.92,1
15606331,Cust6331,732,Spain,Female,25,2,53417.57,1,0,1,22362.65,0
15606332,Cust6332,789,Germany,Female,18,3,134891.71,2,1,0,74079.75,1
15606333,Cust6333,783,France,Female,56,5,75226.02,1,1,0,97379.83,0
15606334,Cust6334,632,Germany,Female,35,8,97749.95,2,0,0,165542.6,0
15606335,Cust6335,557,France,Male,41,5,163490.19,1,1,0,13226.79,0
15606336,Cust6336,582,France,Male,26,1,0.0,2,1,1,130261.24,0
15606337,Cust6337,498,France,Female,25,2,0.0,1,1,1,74543.25,0
15606338,Cust6338,716,France,Male,31,0,54998.4,2,1,1,95871.94,0
15606339,Cust6339,722,Germany,Male,44,4,0.0,1,1,1,118462.26,0
15606340,Cust6340,661,Spain,Male,33,5,0.0,1,1,1,52216.44,0
15606341,Cust6341,518,Spain,Female,35,2,23158.86,1,1,0,49911.39,0
15606342,Cust6342,615,Spain,Male,31,0,45236.0,1,1,1,156485.64,0
15606343,Cust6343,783,France,Male,50,1,61343.85,2,0,1,168245.09,1
15606344,Cust6344,709,France,Female,47,7,0.0,1,1,0,60461.84,0
15606345,Cust6345,725,Germany,Male,33,4,150667.16,2,0,0,129959.14,0
15606346,Cust6346,850,Spain,Male,45,10,117522.0,1,0,1,108548.11,0
15606347,Cust6347,681,Germany,Female,36,6,61268.22,2,1,1,123647.55,0
15606348,Cust6348,443,France,Female,35,3,165063.46,2,1,1,174257.47,0
15606349,Cust6349,544,Germany,Male,38,0,97236.9,1,0,0,124004.82,1
15606350,Cust6350,679,Spain,Male,44,8,0.0,1,1,0,173352.29,0
15606351,Cust6351,652,Spain,Male,29,3,0.0,1,0,0,100243.38,0
15606352,Cust6352,633,Spain,Male,43,6,100453.81,1,0,1,22944.85,0
15606353,Cust6353,635,France,Female,63,5,61590.71,1,1,1,41065.83,0
15606354,Cust6354,575,France,Female,40,0,142823.33,3,1,1,133086.6,1
15606355,Cust6355,686,France,Male,38,10,83715.25,1,1,0,82675.02,1
15606356,Cust6356,784,France,Female,37,1,62684.07,2,1,0,100033.85,0
15606357,Cust6357,816,Spain,Male,43,6,127472.44,3,1,1,151298.54,0
15606358,Cust6358,814,Germany,Male,22,1,0.0,1,1,0,129017.86,1
15606359,Cust6359,558,France,Female,55,10,135430.87,2,1,0,149725.78,0
15606360,Cust6360,648,France,Male,48,3,0.0,4,1,1,18008.22,0
15606361,Cust6361,620,Germany,Male,32,5,70275.27,1,1,1,186681.89,0
15606362,Cust6362,707,Germany,Female,38,0,94806.56,2,1,1,79923.01,0
15606363,Cust6363,642,France,Male,32,8,1000.0,2,0,0,145356.69,0
15606364,Cust6364,628,Spain,Male,41,2,106106.14,2,1,0,89516.46,0
15606365,Cust6365,790,France,Male,39,1,110808.35,2,1,1,50693.6,0
15606366,Cust6366,659,France,Male,40,3,90900.19,1,1,0,114899.86,1
15606367,Cust6367,662,France,Male,28,6,56853.8,1,0,1,27358.06,0
15606368,Cust6368,690,Germany,Male,33,3,147545.78,2,1,1,20040.39,1
15606369,Cust6369,715,Germany,Male,49,3,45542.05,1,1,0,63625.54,1
15606370,Cust6370,715,Spain,Male,33,0,0.0,2,1,1,91838.95,0
15606371,Cust6371,799,France,Female,18,8,31616.78,1,1,0,57405.31,0
15606372,Cust6372,527,Spain,Female,36,3,88059.84,1,0,0,198123.46,0
15606373,Cust6373,681,Germany,Female,62,9,0.0,2,1,1,16317.92,0
15606374,Cust6374,640,France,Female,46,4,65950.94,2,1,0,175102.7,0
15606375,Cust6375,621,France,Female,32,7,110850.87,2,1,1,91078.09,0
15606376,Cust6376,723,France,Male,37,3,114148.31,3,1,0,153802.46,0
15606377,Cust6377,774,Spain,Male,45,0,0.0,1,0,1,182805.42,0
15606378,Cust6378,593,France,Male,20,7,77344.37,2,1,0,122107.89,0
15606379,Cust6379,812,France,Male,29,6,206210.09,1,0,1,105194.98,0
15606380,Cust6380,513,Germany,Female,42,10,0.0,2,1,0,130107.03,0
15606381,Cust6381,707,Spain,Male,54,8,0.0,2,1,0,194911.78,0
15606382,Cust6382,564,Germany,Female,34,6,0.0,3,1,1,26303.11,0
15606383,Cust6383,588,Spain,Male,54,0,69881.91,1,0,1,117934.96,0
15606384,Cust6384,656,France,Male,30,9,78127.73,2,0,1,102178.6,0
15606385,Cust6385,612,Spain,Male,18,1,172776.13,1,0,1,165860.84,1
15606386,Cust6386,375,France,Male,45,8,37397.63,2,0,0,30951.88,0
15606387,Cust6387,709,France,Male,43,7,0.0,2,1,0,132161.14,0
15606388,Cust6388,725,Spain,Female,45,8,94915.02,2,1,1,67800.97,0
15606389,Cust6389,635,France,Male,45,3,1000.0,2,1,0,154824.51,0
15606390,Cust6390,627,France,Female,40,5,0.0,2,1,1,23475.14,0
15606391,Cust6391,614,Germany,Female,35,0,0.0,1,1,1,169637.92,0
15606392,Cust6392,486,France,Male,36,3,0.0,2,0,0,11083.15,0
15606393,Cust6393,476,France,Female,33,9,67629.2,2,1,1,178175.44,1
15606394,Cust6394,727,Germany,Male,34,2,33330.68,2,1,1,102229.82,1
15606395,Cust6395,752,Spain,Male,20,10,0.0,3,1,0,185843.25,0
15606396,Cust6396,707,Spain,Male,26,0,0.0,1,1,1,12728.57,1
15606397,Cust6397,686,France,Female,36,4,167628.45,1,0,0,185146.59,0
15606398,Cust6398,725,Germany,Male,18,4,0.0,2,1,0,113679.28,0
15606399,Cust6399,719,Spain,Female,18,10,92025.94,1,1,1,23533.32,0
15606400,Cust6400,575,France,Female,35,5,154711.91,2,1,0,197203.01,0
15606401,Cust6401,671,France,Male,37,9,29017.51,3,1,0,64110.58,0
15606402,Cust6402,622,France,Female,35,9,0.0,2,1,1,45803.15,0
15606403,Cust6403,623,Germany,Female,18,6,0.0,2,0,1,23733.65,0
15606404,Cust6404,759,France,Male,54,7,133408.99,3,0,0,108779.32,1
15606405,Cust6405,801,Germany,Male,24,8,27017.28,1,1,1,138738.23,0
15606406,Cust6406,425,Spain,Male,30,5,0.0,1,1,0,67770.09,1
15606407,Cust6407,626,France,Male,25,10,70695.61,2,0,0,142334.63,0
15606408,Cust6408,620,Germany,Female,51,4,51379.58,2,1,0,170674.11,0
15606409,Cust6409,762,France,Male,42,8,85172.2,2,1,1,96834.2,0
15606410,Cust6410,511,France,Male,33,3,0.0,1,1,0,193313.85,1
15606411,Cust6411,363,Spain,Female,33,3,89616.91,1,0,1,31160.22,0
15606412,Cust6412,729,France,Female,40,3,59347.9,1,1,0,148784.45,0
15606413,Cust6413,742,Spain,Female,26,2,149791.44,1,1,1,150217.75,0
15606414,Cust6414,479,Germany,Male,42,8,0.0,2,0,1,116328.43,0
15606415,Cust6415,638,France,Female,33,4,35827.73,2,1,0,37376.24,0
15606416,Cust6416,797,France,Male,43,7,79856.79,1,1,0,113770.25,0
15606417,Cust6417,547,France,Female,43,2,0.0,1,0,0,42229.68,0
15606418,Cust6418,660,Spain,Male,32,7,17941.59,1,1,1,27080.55,0
15606419,Cust6419,699,Germany,Male,18,0,82685.53,1,1,1,113221.55,0
15606420,Cust6420,513,France,Female,36,7,0.0,2,1,1,125773.04,0
15606421,Cust6421,596,Germany,Female,24,5,0.0,4,0,1,162764.42,0
15606422,Cust6422,488,Germany,Female,39,1,91585.28,2,0,1,49658.27,1
15606423,Cust6423,634,Spain,Male,35,3,124685.02,1,1,1,187160.22,1
15606424,Cust6424,574,France,Female,32,0,73129.59,1,0,0,118919.9,0
15606425,Cust6425,670,France,Male,25,1,50837.3,2,1,0,132902.59,0
15606426,Cust6426,711,France,Male,50,8,131523.3,2,1,0,42593.92,1
15606427,Cust6427,783,France,Male,33,9,0.0,1,0,1,162341.28,0
15606428,Cust6428,850,France,Male,62,9,22828.36,1,1,1,135268.91,0
15606429,Cust6429,670,France,Male,38,1,0.0,2,1,1,45949.63,0
15606430,Cust6430,620,France,Female,42,6,0.0,2,1,1,105769.54,0
15606431,Cust6431,614,France,Male,38,6,21234.43,1,0,0,83969.35,0
15606432,Cust6432,557,France,Female,41,3,0.0,2,0,1,199632.12,0
15606433,Cust6433,693,Spain,Female,49,6,69920.15,2,0,1,197040.4,0
15606434,Cust6434,602,Germany,Male,49,2,0.0,1,1,0,122733.28,0
15606435,Cust6435,700,France,Female,20,10,0.0,2,1,1,83888.88,0
15606436,Cust6436,560,Germany,Male,47,2,168084.66,1,1,0,101093.43,1
15606437,Cust6437,605,France,Female,43,2,0.0,1,0,1,61151.82,0
15606438,Cust6438,692,Spain,Male,38,8,62603.1,2,0,1,157175.52,0
15606439,Cust6439,638,Germany,Male,55,2,41528.27,1,1,0,106119.99,1
15606440,Cust6440,466,France,Male,56,9,0.0,2,0,1,116199.2,0
15606441,Cust6441,649,Spain,Female,47,6,0.0,3,0,1,19545.26,0
15606442,Cust6442,573,Spain,Male,33,9,178079.89,1,1,1,27089.1,0
15606443,Cust6443,763,Spain,Female,26,6,88647.46,1,1,1,51562.64,0
15606444,Cust6444,743,France,Male,46,10,0.0,1,0,0,93816.91,1
15606445,Cust6445,431,France,Female,52,8,58399.28,1,1,0,93760.34,1
15606446,Cust6446,727,Germany,Male,18,8,0.0,2,1,0,171543.04,0
15606447,Cust6447,687,France,Male,49,1,61205.74,1,1,0,158329.07,0
15606448,Cust6448,508,Germany,Male,35,8,0.0,1,0,0,130904.26,1
15606449,Cust6449,734,Spain,Male,20,3,108116.18,2,1,1,16948.03,0
15606450,Cust6450,527,France,Female,43,9,0.0,2,1,0,115209.19,0
15606451,Cust6451,760,France,Female,47,0,0.0,3,1,1,197143.51,0
15606452,Cust6452,588,France,Male,34,0,0.0,1,1,1,105265.56,0
15606453,Cust6453,504,France,Male,27,7,6829.38,2,1,0,115285.13,0
15606454,Cust6454,850,Germany,Male,55,0,31050.73,1,1,0,19907.77,1
15606455,Cust6455,502,Germany,Female,31,3,0.0,2,1,0,60552.82,0
15606456,Cust6456,573,France,Female,50,5,0.0,3,0,1,125462.93,0
15606457,Cust6457,591,Germany,Female,23,2,102170.18,2,0,0,174454.29,1
15606458,Cust6458,606,Germany,Female,42,8,0.0,2,1,0,154869.87,0
15606459,Cust6459,717,Germany,Male,42,6,0.0,2,0,1,169078.97,0
15606460,Cust6460,656,France,Male,47,7,27961.11,2,1,1,160615.02,0
15606461,Cust6461,746,Germany,Female,53,2,62657.33,1,1,0,129311.3,0
15606462,Cust6462,686,Germany,Male,30,0,172176.73,2,1,1,111525.18,0
15606463,Cust6463,489,France,Male,43,0,0.0,3,1,0,78725.08,1
15606464,Cust6464,703,Germany,Male,24,2,0.0,2,1,1,163873.35,0
15606465,Cust6465,672,Spain,Female,24,2,100390.17,1,1,1,93153.92,0
15606466,Cust6466,590,France,Female,32,6,42784.83,2,1,0,113065.07,0
15606467,Cust6467,849,Germany,Female,42,9,66706.52,2,0,1,199792.1,0
15606468,Cust6468,708,Spain,Male,55,3,0.0,1,1,1,64477.79,0
15606469,Cust6469,740,Spain,Male,57,6,0.0,1,0,0,91127.95,0
15606470,Cust6470,744,France,Male,34,10,0.0,1,1,1,26330.56,0
15606471,Cust6471,610,Germany,Female,41,5,89752.52,2,1,0,74543.79,0
15606472,Cust6472,711,Spain,Male,47,2,0.0,1,1,0,180207.46,0
15606473,Cust6473,680,Germany,Female,46,5,0.0,1,0,1,61865.91,0
15606474,Cust6474,597,France,Male,36,0,118214.92,3,1,0,169039.99,0
15606475,Cust6475,533,France,Female,39,10,31756.41,1,1,1,112459.23,0
15606476,Cust6476,652,Spain,Female,37,10,0.0,1,0,0,113470.63,0
15606477,Cust6477,706,France,Male,36,0,0.0,1,1,1,196715.36,0
15606478,Cust6478,652,France,Female,35,2,61970.75,2,1,1,99264.45,0
15606479,Cust6479,632,France,Male,37,1,123650.71,3,1,1,68472.93,0
15606480,Cust6480,653,Spain,Female,34,9,142515.84,2,1,0,132735.0,0
15606481,Cust6481,622,France,Female,27,9,53972.0,2,0,0,105855.86,0
15606482,Cust6482,799,Spain,Female,47,3,81006.1,1,0,1,100742.61,0
15606483,Cust6483,676,Germany,Male,43,5,87550.1,1,1,0,179677.9,0
15606484,Cust6484,603,Spain,Female,57,7,116642.26,2,0,1,150393.94,0
15606485,Cust6485,476,Spain,Female,42,10,0.0,1,1,0,89906.41,0
15606486,Cust6486,631,France,Female,34,9,87913.8,1,0,1,45379.08,0
15606487,Cust6487,595,Germany,Female,32,7,0.0,1,0,0,24750.77,1
15606488,Cust6488,591,France,Male,38,5,19936.95,3,1,1,57850.59,1
15606489,Cust6489,740,Spain,Male,44,7,64841.72,1,1,1,195471.41,0
15606490,Cust6490,658,France,Male,36,7,86488.19,3,1,1,32843.12,0
15606491,Cust6491,488,Germany,Male,23,6,153106.62,2,0,0,199535.69,1
15606492,Cust6492,709,Spain,Male,31,2,20993.79,1,0,0,130923.1,0
15606493,Cust6493,498,France,Female,38,0,0.0,1,1,0,103850.23,0
15606494,Cust6494,717,Spain,Male,45,5,165745.56,1,1,0,171373.64,0
15606495,Cust6495,604,France,Male,23,9,116928.57,1,1,0,68167.12,0
15606496,Cust6496,658,France,Female,41,10,43290.2,1,1,0,21384.17,1
15606497,Cust6497,648,France,Female,40,5,0.0,2,1,1,44466.17,0
15606498,Cust6498,636,France,Female,33,10,0.0,2,1,1,162214.93,0
15606499,Cust6499,670,Germany,Male,32,0,0.0,1,1,0,120678.61,1
15606500,Cust6500,658,Spain,Female,31,9,131060.11,3,0,1,99652.93,0
15606501,Cust6501,829,France,Male,39,2,0.0,1,1,0,154297.58,0
15606502,Cust6502,671,Germany,Male,49,3,0.0,4,0,0,101788.81,0
15606503,Cust6503,674,Spain,Female,50,3,99632.09,2,1,0,100191.38,0
15606504,Cust6504,582,Spain,Male,27,2,0.0,2,0,1,184215.32,0
15606505,Cust6505,687,France,Female,36,3,130135.7,2,1,0,119043.23,0
15606506,Cust6506,552,Spain,Male,18,6,67305.8,1,1,0,133703.28,1
15606507,Cust6507,760,France,Male,39,0,0.0,2,0,0,131169.74,0
15606508,Cust6508,508,Germany,Male,44,2,129032.79,2,1,1,63009.84,1
15606509,Cust6509,569,Germany,Male,54,3,41139.96,2,1,1,199697.38,0
15606510,Cust6510,494,Spain,Male,20,0,87402.21,2,0,1,18733.93,0
15606511,Cust6511,690,France,Male,27,9,167489.34,1,1,1,71132.9,0
15606512,Cust6512,609,France,Male,39,4,157491.9,3,0,0,76047.21,0
15606513,Cust6513,716,Spain,Female,22,6,116791.15,3,1,1,196074.95,0
15606514,Cust6514,556,France,Male,40,6,0.0,2,1,1,124311.12,0
15606515,Cust6515,701,France,Female,44,3,85088.9,2,1,1,81826.46,0
15606516,Cust6516,706,Germany,Female,25,2,0.0,2,1,0,71423.65,1
15606517,Cust6517,670,Germany,Male,39,0,94093.98,2,1,0,27681.86,0
15606518,Cust6518,653,France,Male,26,9,155367.39,1,1,1,17174.3,0
15606519,Cust6519,663,France,Female,52,8,68898.49,3,1,0,40679.3,0
15606520,Cust6520,563,Spain,Female,40,7,39893.6,1,0,0,97981.97,0
15606521,Cust6521,547,France,Male,32,7,141203.36,2,0,1,65551.62,0
15606522,Cust6522,702,France,Female,26,8,80680.07,1,0,1,197107.68,0
15606523,Cust6523,615,France,Male,42,0,52754.05,1,0,1,63542.78,0
15606524,Cust6524,694,France,Male,52,7,98548.8,2,1,1,168717.71,0
15606525,Cust6525,799,Spain,Male,30,10,0.0,2,1,1,172199.37,0
15606526,Cust6526,606,France,Male,34,9,99399.24,1,1,0,51765.57,0
15606527,Cust6527,592,France,Male,30,2,119055.73,2,0,0,53868.2,0
15606528,Cust6528,619,Germany,Male,54,6,112909.73,1,1,1,145664.7,0
15606529,Cust6529,654,France,Male,19,2,117076.28,2,0,0,192840.86,1
15606530,Cust6530,709,France,Female,51,1,102609.57,1,1,1,111324.79,0
15606531,Cust6531,647,Spain,Male,34,3,16275.68,1,1,1,82086.36,0
15606532,Cust6532,850,Germany,Female,37,3,0.0,1,1,1,16795.21,1
15606533,Cust6533,690,France,Female,35,10,38163.44,1,0,0,160256.68,0
15606534,Cust6534,725,France,Male,40,5,0.0,2,1,1,59298.73,0
15606535,Cust6535,646,France,Male,31,9,64452.1,1,1,0,48612.14,0
15606536,Cust6536,747,France,Male,49,10,0.0,2,1,0,51236.28,0
15606537,Cust6537,630,Germany,Female,49,7,0.0,2,0,1,137977.75,1
15606538,Cust6538,588,Germany,Male,28,5,87200.05,1,1,1,88846.54,0
15606539,Cust6539,737,Germany,Male,45,5,91853.22,3,1,0,163864.02,0
15606540,Cust6540,645,Spain,Female,34,8,0.0,2,0,0,28257.87,0
15606541,Cust6541,674,France,Male,39,3,0.0,1,1,1,140775.25,0
15606542,Cust6542,744,Spain,Male,53,4,0.0,2,1,1,175115.43,0
15606543,Cust6543,663,Germany,Female,31,3,101264.7,1,0,1,172052.79,0
15606544,Cust6544,636,France,Female,47,2,173061.6,1,0,0,42865.6,0
15606545,Cust6545,599,Spain,Male,43,3,0.0,1,1,1,124050.52,0
15606546,Cust6546,752,France,Male,36,1,201056.59,1,1,0,191453.88,0
15606547,Cust6547,617,Germany,Male,42,9,0.0,1,1,0,161978.37,1
15606548,Cust6548,645,Germany,Male,40,9,0.0,1,1,1,173841.84,1
15606549,Cust6549,678,France,Male,26,7,164969.1,2,1,0,186460.42,0
15606550,Cust6550,677,Spain,Male,32,8,0.0,2,0,1,32258.09,1
15606551,Cust6551,747,France,Female,28,4,93164.94,1,0,1,45790.96,0
15606552,Cust6552,643,Spain,Female,35,5,0.0,1,1,1,161338.75,1
15606553,Cust6553,782,France,Female,51,10,0.0,1,0,0,160965.94,0
15606554,Cust6554,626,France,Female,44,0,0.0,1,1,0,30201.86,0
15606555,Cust6555,686,France,Male,24,1,161031.47,2,1,0,173217.47,0
15606556,Cust6556,632,Spain,Male,35,9,65394.42,2,0,0,69395.84,0
15606557,Cust6557,850,France,Male,40,0,0.0,1,1,1,185663.9,0
15606558,Cust6558,616,Spain,Male,45,8,69071.05,2,1,1,22714.47,0
15606559,Cust6559,625,France,Male,31,4,105986.63,1,1,1,125633.45,0
15606560,Cust6560,661,France,Female,26,7,103333.86,1,0,0,197029.14,0
15606561,Cust6561,624,France,Male,37,10,0.0,2,1,1,122261.18,0
15606562,Cust6562,680,France,Male,44,6,77791.09,2,0,0,32706.75,1
15606563,Cust6563,768,Spain,Male,40,0,104684.19,2,1,1,27970.14,0
15606564,Cust6564,664,France,Female,29,5,62906.99,2,1,1,119207.19,0
15606565,Cust6565,668,Germany,Female,56,0,77215.48,1,0,0,148408.26,1
15606566,Cust6566,628,Germany,Male,37,10,0.0,3,1,0,162243.65,0
15606567,Cust6567,602,Germany,Male,40,3,134044.48,3,1,1,121044.75,0
15606568,Cust6568,659,Germany,Female,31,10,0.0,1,1,1,68585.65,0
15606569,Cust6569,651,Spain,Male,49,10,0.0,2,0,1,30144.77,0
15606570,Cust6570,763,Germany,Female,44,3,122892.12,1,0,1,135311.82,1
15606571,Cust6571,558,Germany,Female,41,3,126340.56,3,1,0,116010.82,0
15606572,Cust6572,790,Germany,Female,26,9,47830.88,3,1,1,59808.94,0
15606573,Cust6573,636,Germany,Male,49,7,134389.9,1,1,0,190641.76,0
15606574,Cust6574,664,France,Female,46,5,120424.47,1,1,0,118071.32,0
15606575,Cust6575,548,Germany,Male,48,9,129384.71,2,0,1,158827.04,0
15606576,Cust6576,704,France,Male,38,2,0.0,1,1,0,125688.11,0
15606577,Cust6577,558,Spain,Male,37,7,0.0,2,0,0,40285.47,0
15606578,Cust6578,686,Spain,Male,36,3,126718.3,1,1,0,186935.44,0
15606579,Cust6579,676,Spain,Male,61,0,0.0,2,1,1,119824.9,0
15606580,Cust6580,619,Spain,Female,33,3,22438.99,1,1,1,133563.83,0
15606581,Cust6581,452,Germany,Female,26,1,0.0,2,1,1,108675.83,0
15606582,Cust6582,850,Germany,Male,34,10,132637.22,2,1,1,156730.16,0
15606583,Cust6583,549,France,Female,33,2,0.0,2,1,0,189359.34,1
15606584,Cust6584,676,France,Female,51,10,145502.65,2,1,0,73358.34,0
15606585,Cust6585,580,France,Male,24,8,0.0,2,1,1,171784.03,0
15606586,Cust6586,751,France,Female,32,4,116111.44,2,1,0,33232.19,0
15606587,Cust6587,614,Spain,Female,40,8,0.0,1,0,1,91511.39,0
15606588,Cust6588,578,Spain,Female,51,0,7391.85,1,1,0,180456.08,0
15606589,Cust6589,707,Germany,Male,45,1,197753.63,2,1,0,121208.57,0
15606590,Cust6590,528,France,Female,54,8,1000.0,1,1,1,18319.4,0
15606591,Cust6591,610,Germany,Female,41,4,130003.94,2,1,0,80367.99,1
15606592,Cust6592,716,France,Male,36,1,0.0,1,1,1,146953.0,0
15606593,Cust6593,795,Spain,Male,47,1,0.0,1,0,0,72375.72,0
15606594,Cust6594,558,Spain,Male,24,8,0.0,2,0,0,56552.32,1
15606595,Cust6595,591,France,Male,21,5,143290.72,2,0,0,162502.69,0
15606596,Cust6596,684,France,Male,48,4,116455.47,1,0,1,57627.64,0
15606597,Cust6597,458,France,Male,40,4,44364.03,2,0,0,49512.13,1
15606598,Cust6598,780,France,Female,48,1,172251.7,3,1,1,142198.76,0
15606599,Cust6599,554,France,Female,29,10,175328.31,1,1,0,141875.17,1
15606600,Cust6600,608,France,Male,51,2,110338.52,3,1,0,11293.04,0
15606601,Cust6601,675,France,Male,45,4,0.0,2,1,1,117231.37,0
15606602,Cust6602,655,France,Male,38,9,112885.8,1,1,0,22966.7,0
15606603,Cust6603,557,France,Male,40,0,120765.66,2,1,0,182940.34,1
15606604,Cust6604,815,Germany,Female,41,6,100248.77,2,1,1,150539.53,0
15606605,Cust6605,403,France,Male,29,5,136774.74,2,1,0,149855.6,0
15606606,Cust6606,542,Spain,Female,34,7,127897.53,1,1,1,150901.72,0
15606607,Cust6607,589,France,Male,41,9,78455.58,1,1,0,46042.72,0
15606608,Cust6608,559,France,Male,34,1,0.0,1,1,1,31048.14,0
15606609,Cust6609,767,France,Female,23,4,0.0,2,1,1,95812.4,0
15606610,Cust6610,491,Germany,Male,41,4,134412.34,2,1,0,143190.93,0
15606611,Cust6611,800,France,Male,46,9,93572.16,3,1,0,198662.25,1
15606612,Cust6612,623,Germany,Male,49,4,59293.11,1,1,0,63638.82,1
15606613,Cust6613,519,France,Female,43,4,97884.25,2,1,0,182713.73,0
15606614,Cust6614,448,Spain,Male,46,2,48244.44,2,1,1,25528.35,0
15606615,Cust6615,629,France,Female,48,6,76107.38,2,1,0,67867.3,1
15606616,Cust6616,583,France,Female,39,6,19127.62,4,1,0,88633.81,0
15606617,Cust6617,673,Spain,Female,18,5,106389.84,2,1,0,77859.1,1
15606618,Cust6618,607,France,Female,50,6,136215.59,1,0,0,168503.68,0
15606619,Cust6619,742,France,Female,29,9,102280.75,2,1,0,93529.0,0
15606620,Cust6620,636,Spain,Female,27,9,118713.38,4,1,0,156250.31,0
15606621,Cust6621,609,France,Male,27,6,107860.73,1,1,0,178019.37,0
15606622,Cust6622,743,France,Female,63,10,0.0,2,1,1,106666.4,0
15606623,Cust6623,672,France,Female,42,4,127529.52,2,1,0,83599.01,0
15606624,Cust6624,724,France,Male,28,0,0.0,2,1,0,11439.36,0
15606625,Cust6625,760,Spain,Female,31,8,152322.28,2,1,1,148813.99,0
15606626,Cust6626,622,Germany,Male,38,8,27728.88,2,1,0,192879.86,0
15606627,Cust6627,654,Germany,Male,43,0,135363.14,1,1,0,56033.32,0
15606628,Cust6628,731,France,Male,41,3,0.0,1,1,1,187940.6,0
15606629,Cust6629,415,Germany,Male,29,2,78607.72,1,0,1,196415.86,1
15606630,Cust6630,640,Germany,Male,41,5,12987.29,2,0,0,136242.38,0
15606631,Cust6631,628,France,Male,32,3,0.0,1,1,1,131335.05,0
15606632,Cust6632,686,Spain,Male,48,8,77393.23,2,1,1,169754.25,0
15606633,Cust6633,573,Germany,Male,39,6,0.0,2,1,0,195037.6,0
15606634,Cust6634,755,Spain,Female,30,9,144806.13,1,1,0,128920.24,0
15606635,Cust6635,579,France,Male,45,9,133154.53,1,1,1,15258.69,0
15606636,Cust6636,606,France,Female,42,3,167642.95,2,1,0,154664.45,0
15606637,Cust6637,586,Germany,Female,33,6,0.0,1,1,0,67518.17,0
15606638,Cust6638,768,Spain,Male,45,6,129456.58,1,1,0,107244.57,0
15606639,Cust6639,450,France,Male,44,5,29143.02,1,1,0,128905.72,1
15606640,Cust6640,822,France,Male,50,10,0.0,1,1,0,80841.32,0
15606641,Cust6641,791,Spain,Male,45,0,180833.89,1,1,1,33426.22,0
15606642,Cust6642,596,France,Male,36,10,62709.8,1,1,1,113462.04,0
15606643,Cust6643,749,France,Female,21,10,172062.57,1,1,1,101165.75,0
15606644,Cust6644,662,Germany,Female,40,4,0.0,1,1,1,195605.13,0
15606645,Cust6645,809,France,Male,41,3,69682.62,2,1,0,25839.45,0
15606646,Cust6646,741,France,Female,39,0,0.0,1,1,0,175152.22,0
15606647,Cust6647,850,France,Male,18,1,0.0,1,1,0,104421.28,0
15606648,Cust6648,500,Spain,Female,45,2,127246.06,2,1,1,50734.88,0
15606649,Cust6649,668,France,Female,29,9,0.0,2,1,0,66688.13,0
15606650,Cust6650,484,Germany,Male,45,8,0.0,2,1,0,12627.05,0
15606651,Cust6651,600,Spain,Female,55,9,105333.68,2,0,0,113360.79,0
15606652,Cust6652,850,Germany,Female,35,3,55438.35,1,0,1,185530.84,0
15606653,Cust6653,695,Germany,Male,42,3,112364.42,2,0,0,153114.34,0
15606654,Cust6654,745,Germany,Male,38,9,113418.0,4,1,1,65945.18,0
15606655,Cust6655,699,France,Female,43,6,71328.98,1,1,1,77861.55,0
15606656,Cust6656,693,Germany,Male,39,0,92609.78,1,0,0,67108.43,0
15606657,Cust6657,600,Spain,Male,33,8,104645.33,1,1,1,34815.42,0
15606658,Cust6658,582,Spain,Female,29,1,0.0,3,1,0,40961.73,0
15606659,Cust6659,597,France,Male,54,0,0.0,1,1,1,146419.96,1
15606660,Cust6660,388,France,Male,42,10,0.0,3,1,1,121097.57,0
15606661,Cust6661,642,Spain,Female,46,10,134577.85,2,1,0,65515.04,1
15606662,Cust6662,673,France,Male,42,7,0.0,2,1,0,60655.16,1
15606663,Cust6663,591,Spain,Male,48,3,55322.08,1,1,0,147825.71,0
15606664,Cust6664,637,France,Female,29,1,89531.52,1,1,1,29003.4,0
15606665,Cust6665,700,Germany,Male,39,5,26621.94,1,0,0,51975.99,0
15606666,Cust6666,735,Spain,Female,43,5,193871.28,2,0,1,77704.51,0
15606667,Cust6667,535,France,Female,51,0,40212.39,2,0,1,176413.66,0
15606668,Cust6668,574,France,Male,65,7,0.0,2,0,0,165597.27,0
15606669,Cust6669,722,Spain,Male,42,0,65073.94,1,1,0,26618.48,0
15606670,Cust6670,707,France,Female,31,5,0.0,2,1,0,116074.71,1
15606671,Cust6671,779,France,Female,26,1,88440.96,1,1,1,169094.2,0
15606672,Cust6672,775,Germany,Male,29,0,0.0,2,1,1,113940.74,0
15606673,Cust6673,850,France,Male,30,3,118290.92,1,1,1,98434.0,0
15606674,Cust6674,622,Germany,Male,18,6,75165.81,3,1,0,179639.55,0
15606675,Cust6675,802,France,Female,31,10,0.0,2,1,0,149774.68,0
15606676,Cust6676,562,France,Female,45,0,92540.17,2,1,1,107192.64,0
15606677,Cust6677,850,Spain,Male,39,5,150150.25,1,1,0,44170.89,0
15606678,Cust6678,694,France,Female,35,8,100742.36,2,1,1,44649.23,0
15606679,Cust6679,702,France,Male,22,3,57695.17,1,1,0,55749.14,1
15606680,Cust6680,745,Germany,Male,49,8,0.0,1,1,0,121813.85,0
15606681,Cust6681,520,Spain,Female,43,4,100373.54,1,1,0,114408.18,0
15606682,Cust6682,547,Germany,Male,38,0,61731.46,1,1,0,130663.38,0
15606683,Cust6683,661,Spain,Female,18,2,0.0,1,1,0,48293.03,0
15606684,Cust6684,683,France,Male,33,4,0.0,2,0,1,109035.25,0
15606685,Cust6685,850,France,Female,42,6,58049.8,2,1,0,126338.88,0
15606686,Cust6686,559,Spain,Female,38,1,145971.35,1,1,1,173092.08,1
15606687,Cust6687,798,Spain,Male,40,5,57307.7,1,1,0,63077.48,1
15606688,Cust6688,625,Germany,Male,45,8,132880.82,1,0,1,63565.75,0
15606689,Cust6689,623,France,Female,40,4,138623.71,3,1,0,198636.87,0
15606690,Cust6690,634,France,Male,44,2,193084.42,2,0,1,22781.15,0
15606691,Cust6691,621,France,Female,30,7,147828.07,2,1,0,103270.54,1
15606692,Cust6692,697,Spain,Female,26,6,0.0,2,1,0,186488.76,0
15606693,Cust6693,612,Spain,Male,43,4,66859.41,2,1,1,114860.44,0
15606694,Cust6694,515,France,Female,45,9,52481.45,1,1,1,120655.34,0
15606695,Cust6695,624,France,Male,43,8,0.0,1,0,1,61705.46,0
15606696,Cust6696,694,France,Male,39,1,117733.92,2,1,0,149817.97,0
15606697,Cust6697,515,France,Male,35,6,20020.84,1,1,0,192780.65,0
15606698,Cust6698,706,Germany,Female,40,6,107254.79,1,0,0,99017.71,1
15606699,Cust6699,763,Germany,Female,42,2,0.0,2,1,0,174612.5,0
15606700,Cust6700,792,France,Male,42,2,111574.13,2,0,1,17561.27,0
15606701,Cust6701,682,Germany,Male,64,1,0.0,1,1,1,170036.92,0
15606702,Cust6702,477,Spain,Male,29,3,0.0,2,0,0,192018.51,0
15606703,Cust6703,712,France,Female,70,2,0.0,1,1,1,171673.33,0
15606704,Cust6704,743,France,Male,25,7,142602.91,1,1,1,27548.49,0
15606705,Cust6705,583,France,Male,42,10,0.0,1,1,1,131258.62,0
15606706,Cust6706,643,France,Male,26,5,78924.21,2,1,1,25078.02,0
15606707,Cust6707,696,Germany,Male,41,9,123541.46,1,1,0,23803.88,0
15606708,Cust6708,822,Germany,Female,48,5,0.0,2,1,0,25614.52,1
15606709,Cust6709,625,France,Male,38,10,38016.37,1,1,0,38010.08,0
15606710,Cust6710,736,France,Male,48,4,107068.2,1,0,0,112306.88,0
15606711,Cust6711,680,Spain,Male,34,8,0.0,1,0,1,152112.54,0
15606712,Cust6712,669,France,Male,18,9,0.0,2,1,1,41792.38,0
15606713,Cust6713,778,Germany,Male,44,10,0.0,3,1,0,12253.14,1
15606714,Cust6714,570,Germany,Male,38,4,0.0,1,1,1,91600.99,0
15606715,Cust6715,672,Spain,Male,33,3,107688.67,2,1,0,91403.82,0
15606716,Cust6716,653,Germany,Male,34,0,0.0,1,1,0,93808.33,1
15606717,Cust6717,505,Spain,Male,42,6,0.0,1,1,1,116326.34,0
15606718,Cust6718,768,Germany,Female,30,6,50507.04,1,1,0,194649.74,0
15606719,Cust6719,730,France,Male,42,4,81773.26,1,0,1,64441.2,0
15606720,Cust6720,653,France,Male,50,2,134949.09,2,1,0,118762.24,0
15606721,Cust6721,625,France,Female,59,9,0.0,2,0,0,170353.25,0
15606722,Cust6722,650,France,Male,52,10,81986.21,2,0,0,93208.72,0
15606723,Cust6723,718,France,Male,40,10,0.0,2,1,1,13813.51,0
15606724,Cust6724,655,France,Female,41,4,72498.12,2,1,0,77490.16,0
15606725,Cust6725,586,France,Male,34,8,0.0,1,1,0,143966.35,0
15606726,Cust6726,600,France,Female,33,9,31271.69,1,1,0,46302.47,0
15606727,Cust6727,649,France,Male,47,8,100717.43,1,1,0,136967.43,0
15606728,Cust6728,560,Spain,Female,35,3,75454.73,1,1,0,20835.29,0
15606729,Cust6729,682,Germany,Female,42,9,128625.6,1,0,0,137850.58,1
15606730,Cust6730,574,Spain,Male,28,7,88857.56,1,0,0,105505.8,0
15606731,Cust6731,558,Germany,Male,52,1,0.0,2,0,0,143792.64,0
15606732,Cust6732,850,Spain,Female,35,1,169182.69,1,0,0,16254.22,1
15606733,Cust6733,836,Spain,Male,49,5,107795.27,2,1,1,190940.6,0
15606734,Cust6734,664,France,Male,31,10,0.0,1,1,0,120658.11,0
15606735,Cust6735,732,Spain,Female,30,8,0.0,1,0,1,137369.69,0
15606736,Cust6736,748,France,Female,51,7,83112.42,1,0,1,165108.15,0
15606737,Cust6737,643,Germany,Female,32,6,64738.46,2,0,0,20319.1,1
15606738,Cust6738,677,Spain,Female,22,10,93686.78,2,0,1,41230.2,0
15606739,Cust6739,625,France,Female,28,5,0.0,2,0,0,40806.81,0
15606740,Cust6740,771,Germany,Female,47,4,103441.67,3,0,1,40749.82,0
15606741,Cust6741,772,France,Female,46,4,0.0,1,1,1,27490.53,0
15606742,Cust6742,800,France,Female,30,5,72970.21,2,1,1,184883.47,0
15606743,Cust6743,676,France,Female,32,2,109936.06,2,1,1,76854.07,0
15606744,Cust6744,850,France,Male,45,10,50988.79,3,0,1,32484.35,0
15606745,Cust6745,643,France,Female,51,10,0.0,1,1,0,145624.98,0
15606746,Cust6746,847,Germany,Male,37,4,51786.75,2,1,1,80296.93,0
15606747,Cust6747,606,Germany,Female,44,8,89233.78,2,1,1,49847.37,0
15606748,Cust6748,525,France,Female,47,8,0.0,1,0,0,186526.11,0
15606749,Cust6749,845,Germany,Female,60,6,55727.53,1,1,1,171184.3,0
15606750,Cust6750,713,France,Male,26,1,169260.97,1,0,1,122857.73,0
15606751,Cust6751,700,France,Male,31,0,0.0,2,1,1,105033.57,0
15606752,Cust6752,615,Spain,Male,33,7,75883.26,3,1,0,30346.74,0
15606753,Cust6753,569,Spain,Female,46,1,250000.0,2,0,1,101919.14,0
15606754,Cust6754,578,France,Female,35,9,0.0,1,0,1,89030.03,0
15606755,Cust6755,663,France,Male,41,4,144673.82,1,0,1,106199.61,0
15606756,Cust6756,636,Spain,Male,39,8,0.0,1,1,1,87539.11,0
15606757,Cust6757,464,Spain,Male,38,1,152678.45,2,1,1,111524.37,0
15606758,Cust6758,813,France,Male,39,4,0.0,1,1,1,118768.72,1
15606759,Cust6759,610,France,Female,48,1,54751.86,2,1,1,26976.22,0
15606760,Cust6760,769,France,Female,28,5,98213.28,1,1,0,50620.32,0
15606761,Cust6761,582,Germany,Female,37,0,79208.99,1,1,1,97431.76,0
15606762,Cust6762,665,Spain,Male,26,3,43699.99,1,1,1,181698.68,0
15606763,Cust6763,743,Germany,Male,40,3,144787.92,1,0,0,188541.05,1
15606764,Cust6764,730,France,Female,36,5,107184.03,2,1,1,118241.24,0
15606765,Cust6765,624,Germany,Female,49,0,96260.31,2,0,1,119274.02,0
15606766,Cust6766,699,Spain,Male,38,3,0.0,2,1,1,111614.39,0
15606767,Cust6767,715,France,Female,34,8,107145.69,1,1,1,66004.37,0
15606768,Cust6768,636,Spain,Male,36,4,155326.64,2,0,1,97183.01,0
15606769,Cust6769,543,France,Male,55,6,0.0,1,0,1,118710.93,0
15606770,Cust6770,590,France,Female,22,9,64347.24,1,0,1,174712.29,0
15606771,Cust6771,614,Germany,Female,32,5,99937.36,2,1,1,76143.12,0
15606772,Cust6772,653,France,Female,38,9,104277.86,1,1,1,50447.66,0
15606773,Cust6773,803,Spain,Male,32,10,113337.94,2,1,1,39083.68,0
15606774,Cust6774,737,Germany,Male,43,5,0.0,2,1,1,70887.03,0
15606775,Cust6775,572,France,Female,37,5,250000.0,2,0,1,106542.59,0
15606776,Cust6776,826,France,Female,41,3,27383.26,1,1,1,197118.11,0
15606777,Cust6777,642,Germany,Male,39,9,0.0,1,0,0,47966.98,0
15606778,Cust6778,715,France,Male,37,8,118000.59,2,1,1,20235.4,0
15606779,Cust6779,560,Germany,Male,25,2,187843.96,1,1,0,62221.6,0
15606780,Cust6780,607,France,Female,40,7,89780.18,2,0,0,126300.22,0
15606781,Cust6781,750,France,Female,20,2,0.0,2,1,0,191367.51,0
15606782,Cust6782,566,Germany,Male,31,10,81461.76,1,0,1,138759.26,0
15606783,Cust6783,655,France,Male,43,3,123748.67,1,1,1,159650.29,0
15606784,Cust6784,695,Germany,Male,50,0,98585.75,1,1,1,127822.42,0
15606785,Cust6785,552,Germany,Female,61,10,136672.56,1,0,0,193082.12,1
15606786,Cust6786,479,France,Male,34,6,155012.54,3,1,0,122036.71,0
15606787,Cust6787,737,Germany,Male,29,9,82753.91,2,0,0,139143.88,0
15606788,Cust6788,850,Spain,Female,43,9,0.0,2,0,1,196913.25,0
15606789,Cust6789,694,Spain,Male,57,4,66067.76,1,1,0,116419.93,1
15606790,Cust6790,712,France,Female,53,4,109789.59,1,0,1,55768.31,0
15606791,Cust6791,565,France,Female,28,9,0.0,1,0,0,190455.91,0
15606792,Cust6792,791,Germany,Male,37,4,25113.77,3,0,1,115166.35,0
15606793,Cust6793,614,Germany,Female,47,2,141252.81,2,1,1,163675.92,0
15606794,Cust6794,762,Germany,Female,47,6,53770.19,1,1,1,87086.44,0
15606795,Cust6795,708,Germany,Female,44,6,66560.5,4,1,1,192561.47,0
15606796,Cust6796,711,Spain,Female,34,9,0.0,1,1,0,159935.74,0
15606797,Cust6797,707,France,Male,44,1,185409.09,2,1,1,130823.67,0
15606798,Cust6798,704,Germany,Male,47,5,0.0,2,1,1,155697.55,1
15606799,Cust6799,677,France,Male,29,6,24311.36,2,1,0,165832.42,0
15606800,Cust6800,743,France,Male,51,10,0.0,3,1,1,172501.85,0
15606801,Cust6801,580,Germany,Male,48,2,0.0,2,1,0,115972.13,0
15606802,Cust6802,627,France,Male,31,6,198350.98,1,1,1,143835.82,0
15606803,Cust6803,791,France,Female,47,6,121528.21,2,1,0,194107.66,0
15606804,Cust6804,667,Spain,Male,46,10,106174.72,2,1,0,119181.86,0
15606805,Cust6805,619,Spain,Female,47,4,97191.03,1,0,1,12630.11,0
15606806,Cust6806,749,Germany,Female,54,1,90127.49,3,0,1,13188.18,0
15606807,Cust6807,730,Spain,Male,38,6,43837.18,2,1,1,156560.48,0
15606808,Cust6808,525,France,Female,41,9,0.0,1,1,1,19702.04,1
15606809,Cust6809,720,Spain,Male,18,1,57581.31,1,1,0,140027.08,0
15606810,Cust6810,663,France,Female,49,7,0.0,1,0,0,179391.68,0
15606811,Cust6811,718,France,Female,48,5,101548.37,1,1,1,116989.34,0
15606812,Cust6812,651,France,Female,52,8,149273.18,2,1,1,55024.9,0
15606813,Cust6813,695,France,Female,29,3,69146.31,2,1,1,186514.08,0
15606814,Cust6814,474,Germany,Female,48,9,42567.16,1,1,1,106602.25,0
15606815,Cust6815,564,France,Female,48,1,54482.49,2,1,1,44793.99,0
15606816,Cust6816,721,Germany,Female,31,5,99030.56,1,1,1,88979.44,0
15606817,Cust6817,850,France,Male,49,5,0.0,3,1,0,155967.09,0
15606818,Cust6818,685,France,Female,43,3,42294.8,2,1,1,119756.33,0
15606819,Cust6819,583,Spain,Female,21,1,0.0,1,1,1,117066.16,0
15606820,Cust6820,663,Germany,Male,44,10,103537.22,1,1,1,18827.99,1
15606821,Cust6821,564,Spain,Female,30,4,131806.55,3,1,1,90350.36,0
15606822,Cust6822,770,France,Female,21,10,98973.5,1,0,1,140861.1,0
15606823,Cust6823,655,France,Female,42,3,131571.39,2,1,1,43204.22,1
15606824,Cust6824,751,Germany,Male,37,7,101899.89,1,0,0,196531.76,1
15606825,Cust6825,635,Germany,Female,52,5,102164.8,1,1,1,16084.49,0
15606826,Cust6826,760,France,Female,40,4,0.0,2,1,1,60639.45,0
15606827,Cust6827,494,Spain,Male,46,5,46354.04,1,0,1,17659.09,0
15606828,Cust6828,652,Germany,Female,43,2,184907.3,2,1,1,59358.35,0
15606829,Cust6829,702,Germany,Female,48,1,103487.84,3,1,1,69713.64,0
15606830,Cust6830,624,France,Male,29,7,0.0,2,0,0,101744.98,0
15606831,Cust6831,685,Germany,Female,40,3,111210.05,1,1,0,174200.12,0
15606832,Cust6832,683,France,Male,37,5,151266.66,2,0,1,67752.11,0
15606833,Cust6833,751,Spain,Female,45,6,0.0,2,1,0,49192.71,0
15606834,Cust6834,710,France,Female,41,10,128672.86,1,1,0,49555.06,0
15606835,Cust6835,688,France,Male,32,9,0.0,1,0,0,27045.54,0
15606836,Cust6836,734,France,Male,35,2,51353.48,1,1,0,39069.22,0
15606837,Cust6837,520,Germany,Male,54,0,1000.0,1,1,1,67121.23,0
15606838,Cust6838,578,Spain,Male,21,10,0.0,2,1,0,54578.48,0
15606839,Cust6839,517,Spain,Female,45,0,0.0,2,0,1,25727.71,0
15606840,Cust6840,703,Germany,Male,50,7,46085.26,2,0,0,192241.91,1
15606841,Cust6841,690,Spain,Male,44,8,40737.6,2,1,1,25627.54,0
15606842,Cust6842,783,Germany,Male,58,9,47317.75,2,1,1,150389.45,0
15606843,Cust6843,684,France,Female,47,3,71146.2,1,1,0,61259.13,0
15606844,Cust6844,589,Germany,Female,42,3,57045.16,1,1,1,115503.31,0
15606845,Cust6845,663,France,Male,33,2,103427.5,2,0,1,11268.16,0
15606846,Cust6846,470,France,Male,42,1,0.0,1,1,0,12370.59,0
15606847,Cust6847,611,France,Male,45,2,0.0,2,1,0,74686.98,0
15606848,Cust6848,425,France,Male,38,2,73487.08,2,1,0,144050.32,0
15606849,Cust6849,682,Spain,Male,31,10,0.0,1,1,1,194794.3,0
15606850,Cust6850,623,Spain,Female,26,5,30177.61,1,1,0,96430.84,0
15606851,Cust6851,637,France,Male,40,5,70752.04,1,1,1,139531.69,0
15606852,Cust6852,561,Germany,Male,23,6,124910.41,1,0,0,118142.95,0
15606853,Cust6853,586,France,Female,33,1,23408.56,2,0,0,188547.98,0
15606854,Cust6854,716,France,Female,18,10,0.0,3,1,1,117106.64,1
15606855,Cust6855,512,France,Male,46,4,48703.49,1,1,1,62878.27,0
15606856,Cust6856,699,France,Male,50,5,37769.81,2,1,0,144284.66,0
15606857,Cust6857,572,France,Female,39,2,0.0,2,0,1,173518.2,0
15606858,Cust6858,489,France,Male,56,3,151834.59,1,1,1,171349.01,0
15606859,Cust6859,768,France,Female,51,1,0.0,1,0,0,162538.48,0
15606860,Cust6860,778,France,Female,43,5,0.0,1,1,1,28414.47,0
15606861,Cust6861,598,Spain,Female,37,10,0.0,2,0,1,98898.62,0
15606862,Cust6862,597,France,Male,35,0,129966.6,2,1,1,92057.97,1
15606863,Cust6863,626,France,Male,44,4,186524.4,2,1,1,197066.44,0
15606864,Cust6864,572,Germany,Female,37,4,72621.82,2,1,1,38859.96,0
15606865,Cust6865,589,France,Male,43,7,0.0,2,0,1,97764.16,0
15606866,Cust6866,693,Germany,Male,44,8,0.0,1,1,1,149121.4,0
15606867,Cust6867,849,France,Female,36,9,0.0,1,0,1,23186.09,0
15606868,Cust6868,616,Germany,Male,49,2,0.0,2,1,1,179824.86,1
15606869,Cust6869,748,Germany,Female,36,2,99419.77,1,1,0,144552.7,0
15606870,Cust6870,684,Germany,Female,38,5,0.0,2,1,1,36810.5,0
15606871,Cust6871,489,Germany,Female,28,1,0.0,1,1,0,140513.59,0
15606872,Cust6872,648,France,Male,35,5,0.0,1,0,1,131319.11,0
15606873,Cust6873,636,France,Female,60,2,97767.11,2,1,0,33881.48,1
15606874,Cust6874,791,France,Female,29,3,0.0,2,0,0,193313.28,0
15606875,Cust6875,794,Germany,Male,42,7,0.0,2,1,0,106874.87,0
15606876,Cust6876,686,France,Female,33,1,107737.02,1,0,1,112187.7,0
15606877,Cust6877,767,France,Male,18,4,112263.38,1,1,1,140248.35,0
15606878,Cust6878,636,Germany,Male,44,7,112902.09,2,1,1,48996.82,0
15606879,Cust6879,757,France,Female,32,5,136151.55,2,1,1,123241.54,0
15606880,Cust6880,660,France,Male,41,9,86313.03,1,1,1,72608.37,0
15606881,Cust6881,755,Germany,Male,48,0,0.0,1,1,1,177306.35,0
15606882,Cust6882,765,France,Female,40,4,0.0,2,1,0,180331.71,0
15606883,Cust6883,719,Spain,Male,41,0,140722.24,2,1,0,153982.89,0
15606884,Cust6884,579,Spain,Male,29,0,0.0,1,1,1,43068.58,0
15606885,Cust6885,610,Spain,Male,45,4,94998.75,3,1,0,100065.98,1
15606886,Cust6886,722,France,Female,36,2,111029.25,1,0,1,192931.9,0
15606887,Cust6887,736,France,Female,18,1,0.0,1,1,1,79357.78,0
15606888,Cust6888,665,Germany,Male,46,10,0.0,1,1,1,72343.42,0
15606889,Cust6889,620,Germany,Female,49,8,0.0,1,1,1,52304.74,1
15606890,Cust6890,668,Germany,Male,53,4,0.0,2,0,0,24608.69,1
15606891,Cust6891,623,France,Male,60,10,121234.62,1,0,0,25341.58,0
15606892,Cust6892,624,France,Male,46,0,0.0,1,0,0,44043.89,0
15606893,Cust6893,838,France,Male,43,10,109059.18,1,1,0,88790.31,0
15606894,Cust6894,604,France,Male,49,9,0.0,1,1,1,117146.13,0
15606895,Cust6895,699,France,Female,29,5,89726.88,1,0,1,111158.44,0
15606896,Cust6896,665,Spain,Female,21,7,181382.62,1,1,1,91600.21,0
15606897,Cust6897,532,France,Female,33,3,137064.6,1,1,1,175307.08,0
15606898,Cust6898,529,Germany,Female,51,10,0.0,2,1,0,167412.22,0
15606899,Cust6899,642,Spain,Male,31,5,67535.83,1,0,0,85109.55,0
15606900,Cust6900,463,France,Male,43,2,94738.39,1,1,0,107224.52,0
15606901,Cust6901,826,Germany,Male,44,1,94740.34,2,1,1,178381.04,1
15606902,Cust6902,615,Germany,Male,40,7,162589.98,1,0,1,46409.94,0
15606903,Cust6903,607,France,Female,25,10,0.0,1,1,0,77697.82,0
15606904,Cust6904,767,France,Male,41,7,125067.35,1,1,0,124306.67,0
15606905,Cust6905,636,Spain,Male,34,7,107174.47,1,1,0,95392.31,0
15606906,Cust6906,713,Germany,Male,55,8,147020.87,1,1,0,116434.71,1
15606907,Cust6907,595,Spain,Female,49,3,74833.61,1,1,0,18630.6,1
15606908,Cust6908,654,Spain,Male,34,3,21850.81,1,1,0,103591.61,0
15606909,Cust6909,743,France,Female,56,8,185205.24,1,0,1,191975.4,0
15606910,Cust6910,567,Germany,Male,41,7,99493.28,1,0,0,188822.06,0
15606911,Cust6911,701,Germany,Male,21,2,0.0,2,0,1,142376.94,0
15606912,Cust6912,418,Germany,Male,37,0,86163.11,2,1,0,187559.18,0
15606913,Cust6913,771,Germany,Female,54,8,151246.59,2,1,0,154089.83,1
15606914,Cust6914,597,Germany,Female,30,9,134858.91,1,1,0,46617.08,1
15606915,Cust6915,642,Spain,Male,37,4,0.0,2,1,1,140792.91,0
15606916,Cust6916,641,France,Male,24,9,85248.52,2,1,0,198135.71,0
15606917,Cust6917,556,Germany,Male,26,9,160975.38,1,0,1,134785.46,0
15606918,Cust6918,549,France,Male,30,7,0.0,2,1,0,163273.87,0
15606919,Cust6919,700,Germany,Male,26,10,0.0,2,0,1,142307.55,0
15606920,Cust6920,705,Spain,Male,32,10,161503.24,1,1,0,18040.84,0
15606921,Cust6921,565,Spain,Female,55,3,126179.24,1,1,1,14495.04,0
15606922,Cust6922,702,France,Female,38,9,86792.43,1,1,1,151986.97,1
15606923,Cust6923,704,Germany,Female,46,6,94263.45,2,1,1,68839.72,0
15606924,Cust6924,614,France,Female,49,4,54891.61,2,0,1,101859.27,0
15606925,Cust6925,526,France,Female,27,2,106865.43,2,1,1,73220.98,0
15606926,Cust6926,646,France,Female,30,7,0.0,1,1,1,48475.97,0
15606927,Cust6927,685,Spain,Male,46,8,0.0,1,1,1,68661.1,0
15606928,Cust6928,644,France,Male,32,2,0.0,2,1,1,93721.11,0
15606929,Cust6929,593,Spain,Male,45,5,0.0,2,0,1,66273.52,0
15606930,Cust6930,695,France,Female,55,9,58752.8,2,1,1,193521.97,0
15606931,Cust6931,771,Germany,Male,23,10,0.0,2,0,0,189476.3,0
15606932,Cust6932,576,Germany,Male,34,4,0.0,2,1,0,31605.09,0
15606933,Cust6933,621,Germany,Male,36,9,81687.59,2,1,0,55696.41,1
15606934,Cust6934,850,Germany,Female,33,9,0.0,2,1,1,33936.46,0
15606935,Cust6935,678,Germany,Female,32,2,0.0,2,1,1,123093.05,0
15606936,Cust6936,528,Spain,Female,33,5,144008.06,3,0,0,114010.07,1
15606937,Cust6937,604,Germany,Female,38,1,0.0,2,1,1,35195.48,0
15606938,Cust6938,577,France,Female,40,0,25392.96,2,1,1,133745.08,0
15606939,Cust6939,687,France,Male,48,6,0.0,2,1,1,77669.21,1
15606940,Cust6940,680,Germany,Female,38,0,87200.66,3,1,0,99741.51,0
15606941,Cust6941,589,France,Female,49,3,0.0,1,1,0,148112.71,0
15606942,Cust6942,828,Germany,Male,32,1,0.0,2,1,1,16256.1,0
15606943,Cust6943,658,Germany,Female,26,2,173662.01,4,1,0,178534.91,1
15606944,Cust6944,606,France,Female,35,2,0.0,1,0,1,32379.12,0
15606945,Cust6945,533,Spain,Female,43,5,184375.65,1,1,0,113359.23,1
15606946,Cust6946,564,Germany,Female,47,8,0.0,1,1,0,189207.37,1
15606947,Cust6947,530,Germany,Male,53,5,147438.24,2,1,0,191226.69,0
15606948,Cust6948,632,Germany,Male,41,8,94225.83,3,0,0,152665.53,0
15606949,Cust6949,565,Spain,Male,46,5,62641.88,1,1,1,131478.61,0
15606950,Cust6950,725,Germany,Female,52,7,131626.68,2,1,0,106677.5,0
15606951,Cust6951,594,Spain,Female,30,3,115555.21,2,0,0,41051.39,1
15606952,Cust6952,731,France,Female,36,3,77414.76,2,1,1,103555.27,0
15606953,Cust6953,697,Germany,Female,66,1,132076.75,2,1,0,74108.69,0
15606954,Cust6954,712,Germany,Female,47,5,126534.22,2,1,1,182627.44,0
15606955,Cust6955,736,France,Male,43,2,0.0,1,1,1,13608.09,0
15606956,Cust6956,841,France,Male,47,6,0.0,1,1,1,125052.13,0
15606957,Cust6957,568,Germany,Male,25,7,143487.81,1,0,0,169397.17,0
15606958,Cust6958,731,France,Female,32,9,0.0,1,0,1,19620.49,0
15606959,Cust6959,688,Spain,Male,28,5,188000.84,2,0,0,120023.46,0
15606960,Cust6960,752,France,Female,42,10,163142.03,2,1,1,113473.73,0
15606961,Cust6961,661,France,Female,34,5,0.0,1,0,0,21569.63,1
15606962,Cust6962,763,Germany,Male,39,7,0.0,2,0,1,144144.2,1
15606963,Cust6963,526,France,Female,35,10,0.0,1,1,1,89556.57,0
15606964,Cust6964,554,France,Female,22,5,0.0,1,1,1,94846.94,0
15606965,Cust6965,595,Germany,Female,47,10,114155.39,1,0,0,21086.63,0
15606966,Cust6966,643,Germany,Male,20,6,106735.05,1,1,0,85264.88,0
15606967,Cust6967,654,France,Male,31,0,0.0,2,1,0,30123.34,0
15606968,Cust6968,579,Germany,Male,25,5,0.0,1,1,0,146679.42,0
15606969,Cust6969,555,Germany,Male,29,8,0.0,1,1,0,158722.86,1
15606970,Cust6970,587,Spain,Female,40,7,0.0,1,1,0,41995.94,0
15606971,Cust6971,486,France,Female,50,2,0.0,2,0,0,32530.28,0
15606972,Cust6972,622,France,Female,22,3,103147.17,1,1,1,194239.66,0
15606973,Cust6973,644,Spain,Male,32,7,124883.4,3,1,1,95993.88,0
15606974,Cust6974,692,Germany,Female,21,8,0.0,2,1,1,150466.38,0
15606975,Cust6975,666,France,Male,32,1,0.0,2,0,1,54136.71,0
15606976,Cust6976,822,Spain,Male,39,5,0.0,1,1,0,41606.45,0
15606977,Cust6977,728,France,Female,46,1,89260.96,2,0,1,69373.28,0
15606978,Cust6978,721,Spain,Female,18,3,81650.06,2,1,1,152123.83,0
15606979,Cust6979,685,Germany,Female,44,10,0.0,1,1,1,110951.74,0
15606980,Cust6980,701,Spain,Female,28,0,0.0,1,1,1,168822.66,0
15606981,Cust6981,629,Spain,Male,26,6,0.0,1,1,1,12964.95,0
15606982,Cust6982,660,France,Male,39,4,65612.39,2,1,1,114901.47,0
15606983,Cust6983,834,Spain,Male,44,3,128860.58,2,1,0,91706.41,0
15606984,Cust6984,643,France,Female,37,9,0.0,1,1,1,41719.67,0
15606985,Cust6985,522,Germany,Male,27,9,130723.16,1,0,1,78563.45,0
15606986,Cust6986,717,Germany,Male,37,0,90471.31,1,1,0,103715.55,1
15606987,Cust6987,734,France,Male,31,3,49125.96,3,1,0,83839.73,0
15606988,Cust6988,665,France,Female,44,2,49402.26,1,1,0,182719.24,1
15606989,Cust6989,470,France,Female,49,0,124728.22,1,1,0,80983.33,0
15606990,Cust6990,774,France,Male,48,5,105620.61,2,1,1,176317.54,0
15606991,Cust6991,672,France,Male,38,4,109294.61,1,0,1,121379.53,0
15606992,Cust6992,620,Spain,Female,49,4,91446.4,2,1,0,165465.73,0
15606993,Cust6993,764,Germany,Female,28,7,81713.03,2,1,0,122734.08,1
15606994,Cust6994,456,Spain,Male,56,10,0.0,2,0,0,158251.35,0
15606995,Cust6995,661,Spain,Male,28,7,98451.04,2,0,1,51974.88,0
15606996,Cust6996,598,Germany,Female,18,6,65658.79,1,0,0,28834.11,0
15606997,Cust6997,793,France,Female,52,5,0.0,2,0,0,127090.13,0
15606998,Cust6998,673,Spain,Male,31,4,0.0,3,0,0,59863.65,0
15606999,Cust6999,567,Germany,Female,39,5,106891.9,1,1,1,99161.25,0
15607000,Cust7000,759,Germany,Female,28,2,137212.47,2,0,0,56616.06,1
15607001,Cust7001,414,Spain,Male,62,5,10044.24,2,1,1,132117.75,0
15607002,Cust7002,699,Germany,Male,56,4,77347.22,2,1,1,148088.58,0
15607003,Cust7003,529,Germany,Female,53,4,109477.83,1,1,0,106242.43,1
15607004,Cust7004,606,Spain,Male,39,9,0.0,1,0,1,79997.31,0
15607005,Cust7005,627,France,Male,48,0,0.0,1,0,1,126439.22,0
15607006,Cust7006,737,Spain,Female,37,8,76243.87,2,0,1,170628.81,0
15607007,Cust7007,850,France,Male,49,1,0.0,2,1,1,67853.5,0
15607008,Cust7008,479,France,Female,34,4,120016.76,1,1,0,36293.67,0
15607009,Cust7009,693,Germany,Male,54,7,110181.23,2,1,0,119450.35,0
15607010,Cust7010,850,France,Male,33,10,0.0,1,1,1,93737.05,0
15607011,Cust7011,595,Spain,Male,35,8,189879.0,1,1,0,113614.34,0
15607012,Cust7012,589,France,Female,33,7,0.0,1,1,0,97233.19,0
15607013,Cust7013,673,Germany,Female,40,4,0.0,1,0,0,125726.97,0
15607014,Cust7014,730,France,Female,34,3,141543.65,2,0,0,191008.22,0
15607015,Cust7015,713,Spain,Male,43,3,129078.13,1,1,0,51859.53,0
15607016,Cust7016,616,France,Female,33,9,0.0,3,1,1,56853.9,1
15607017,Cust7017,573,France,Male,46,6,49887.2,1,1,0,199634.03,0
15607018,Cust7018,776,France,Female,53,0,0.0,1,1,0,196081.69,0
15607019,Cust7019,576,Germany,Male,39,0,99334.13,1,0,0,98207.37,0
15607020,Cust7020,466,Spain,Female,60,1,140498.99,2,1,1,102106.11,0
15607021,Cust7021,510,Spain,Male,49,6,0.0,2,0,1,117865.47,0
15607022,Cust7022,595,France,Male,59,10,0.0,1,0,0,116161.62,0
15607023,Cust7023,793,France,Female,37,5,0.0,1,0,0,148197.96,0
15607024,Cust7024,536,France,Male,21,2,178012.33,2,1,1,110251.65,1
15607025,Cust7025,796,Germany,Male,31,4,0.0,1,1,0,149921.47,0
15607026,Cust7026,775,Germany,Female,32,7,115651.85,3,0,0,156171.48,1
15607027,Cust7027,672,France,Male,28,0,146835.44,1,1,0,76031.97,0
15607028,Cust7028,405,Germany,Female,18,7,34172.72,1,1,0,141881.27,0
15607029,Cust7029,536,Spain,Female,48,10,8432.34,2,1,1,113511.14,1
15607030,Cust7030,589,France,Female,19,10,0.0,1,0,0,191746.16,1
15607031,Cust7031,816,France,Male,47,1,29564.13,1,1,0,113369.97,0
15607032,Cust7032,595,France,Female,60,10,0.0,2,1,1,158560.08,0
15607033,Cust7033,576,France,Male,30,1,138783.21,1,1,0,32412.75,0
15607034,Cust7034,668,France,Male,42,5,158594.34,1,1,1,132762.73,0
15607035,Cust7035,515,Germany,Female,34,4,98033.67,1,1,0,32268.4,0
15607036,Cust7036,648,France,Female,46,7,150510.82,2,0,0,137690.45,0
15607037,Cust7037,573,Germany,Male,26,8,104211.82,2,0,1,72723.62,0
15607038,Cust7038,850,Spain,Male,37,6,0.0,2,1,0,130978.72,1
15607039,Cust7039,562,Spain,Female,49,8,0.0,4,1,0,93064.5,0
15607040,Cust7040,835,Germany,Male,38,10,43561.89,2,1,1,165831.98,0
15607041,Cust7041,541,France,Female,22,5,0.0,1,1,0,34192.22,0
15607042,Cust7042,675,France,Male,50,6,0.0,2,1,0,56995.84,0
15607043,Cust7043,698,France,Male,25,6,99331.45,2,1,1,91199.75,0
15607044,Cust7044,664,Spain,Female,39,2,125230.15,1,1,1,77175.69,0
15607045,Cust7045,658,Spain,Female,44,5,77853.33,2,0,1,28246.56,0
15607046,Cust7046,733,France,Male,39,6,112936.95,1,1,0,92469.75,0
15607047,Cust7047,690,France,Female,63,0,116632.47,1,1,1,119508.74,1
15607048,Cust7048,633,Germany,Male,45,4,0.0,2,1,1,149663.67,1
15607049,Cust7049,585,France,Male,36,3,91055.61,1,1,1,48530.8,0
15607050,Cust7050,634,Spain,Male,44,7,69468.45,1,0,1,64542.82,0
15607051,Cust7051,633,France,Male,40,4,108511.45,1,1,1,95845.16,0
15607052,Cust7052,631,France,Female,38,1,85557.26,2,1,1,169608.02,1
15607053,Cust7053,657,France,Male,40,6,101318.12,2,1,1,82047.52,0
15607054,Cust7054,515,France,Male,34,5,86090.07,3,0,0,148149.59,1
15607055,Cust7055,551,France,Male,40,7,0.0,2,1,0,178026.65,0
15607056,Cust7056,730,Spain,Female,33,8,0.0,4,1,0,45828.07,0
15607057,Cust7057,434,France,Female,19,10,0.0,1,0,1,132467.74,0
15607058,Cust7058,765,Germany,Male,49,6,0.0,1,1,1,44295.5,0
15607059,Cust7059,596,France,Male,32,5,107070.99,2,1,0,162107.89,0
15607060,Cust7060,810,France,Female,39,3,0.0,2,0,1,79302.55,0
15607061,Cust7061,768,France,Male,30,7,0.0,2,1,1,128219.67,0
15607062,Cust7062,619,France,Female,31,4,0.0,2,1,1,186075.21,1
15607063,Cust7063,629,France,Female,28,10,170527.83,1,1,1,58105.21,0
15607064,Cust7064,803,France,Female,47,7,95069.03,2,1,0,131089.65,0
15607065,Cust7065,772,Spain,Male,50,3,224774.4,1,0,0,113766.64,1
15607066,Cust7066,743,Germany,Male,38,10,0.0,1,0,0,135962.94,0
15607067,Cust7067,760,Spain,Male,33,4,105749.69,2,1,1,30251.96,1
15607068,Cust7068,546,France,Male,21,6,187381.54,2,0,1,30319.83,0
15607069,Cust7069,670,Germany,Male,46,7,0.0,1,1,1,170792.67,1
15607070,Cust7070,576,Germany,Female,31,7,99344.22,2,1,1,65212.02,0
15607071,Cust7071,543,France,Male,27,6,86618.89,3,1,0,139647.69,1
15607072,Cust7072,666,France,Male,38,8,0.0,1,1,0,142000.89,0
15607073,Cust7073,610,Germany,Male,35,9,144572.83,1,1,1,46294.69,0
15607074,Cust7074,634,Spain,Male,23,1,0.0,1,1,1,87064.01,0
15607075,Cust7075,602,France,Male,24,6,130057.44,1,0,1,33002.82,0
15607076,Cust7076,530,France,Male,41,6,129324.46,1,1,0,31524.82,1
15607077,Cust7077,813,Spain,Female,31,10,23922.92,1,1,0,178396.25,0
15607078,Cust7078,665,France,Female,43,6,0.0,1,1,0,133710.97,1
15607079,Cust7079,512,Spain,Male,39,1,0.0,1,1,0,72776.21,1
15607080,Cust7080,667,Spain,Female,48,8,143998.45,1,1,1,116650.96,0
15607081,Cust7081,796,Spain,Male,30,8,43755.19,3,1,1,128045.31,0
15607082,Cust7082,742,Spain,Male,40,9,0.0,1,1,0,14605.6,0
15607083,Cust7083,600,France,Female,44,2,71795.42,1,0,0,76031.4,0
15607084,Cust7084,603,Germany,Female,32,1,110255.41,1,1,1,119133.35,0
15607085,Cust7085,558,Spain,Male,49,0,0.0,3,1,1,77716.49,0
15607086,Cust7086,579,Germany,Male,21,4,0.0,1,1,0,66346.71,1
15607087,Cust7087,587,France,Male,30,1,89897.85,2,1,1,99380.2,0
15607088,Cust7088,509,France,Male,21,8,0.0,1,1,0,149427.89,0
15607089,Cust7089,607,France,Female,31,6,0.0,1,1,1,150608.21,0
15607090,Cust7090,683,France,Male,36,3,0.0,1,1,1,123056.58,0
15607091,Cust7091,610,Germany,Female,46,3,185696.48,2,1,1,156279.17,0
15607092,Cust7092,671,Spain,Female,36,4,0.0,2,0,1,37943.52,0
15607093,Cust7093,806,Spain,Male,32,1,96536.98,1,1,0,40922.02,0
15607094,Cust7094,826,Germany,Female,23,4,104899.9,4,1,1,154744.24,0
15607095,Cust7095,643,France,Female,26,6,70925.34,1,1,0,62663.55,0
15607096,Cust7096,734,France,Male,41,5,46220.64,2,1,0,48737.47,0
15607097,Cust7097,634,France,Male,47,5,0.0,2,1,0,32746.21,0
15607098,Cust7098,603,France,Female,34,9,68772.09,1,0,1,93791.0,0
15607099,Cust7099,543,France,Female,50,4,127163.17,2,0,0,113694.16,0
15607100,Cust7100,658,France,Male,29,1,137154.37,2,1,0,64504.77,0
15607101,Cust7101,754,France,Female,34,5,13946.24,1,0,0,78575.04,0
15607102,Cust7102,528,Germany,Female,35,1,0.0,1,1,0,193680.39,1
15607103,Cust7103,622,France,Female,53,9,0.0,3,0,1,59705.31,0
15607104,Cust7104,618,France,Male,39,1,108531.85,2,0,1,88753.49,1
15607105,Cust7105,674,France,Male,20,7,92720.48,4,0,0,80131.24,0
15607106,Cust7106,675,Germany,Female,48,4,91410.44,2,0,0,118607.45,0
15607107,Cust7107,702,Germany,Male,56,5,117351.26,2,0,1,166986.25,1
15607108,Cust7108,832,France,Male,36,9,119999.76,1,1,1,183351.51,0
15607109,Cust7109,566,France,Female,29,9,43301.75,2,1,1,87636.57,0
15607110,Cust7110,561,Spain,Male,47,1,0.0,1,0,0,89950.75,0
15607111,Cust7111,674,Germany,Female,58,9,0.0,1,1,0,119503.53,0
15607112,Cust7112,789,Germany,Male,46,3,0.0,2,1,0,178374.12,0
15607113,Cust7113,510,Germany,Female,22,4,0.0,1,0,0,26131.17,1
15607114,Cust7114,682,Spain,Male,46,9,199860.02,2,1,0,194825.95,0
15607115,Cust7115,631,Spain,Female,42,1,0.0,2,1,0,156175.53,0
15607116,Cust7116,732,France,Male,28,4,80830.66,2,0,1,97508.21,0
15607117,Cust7117,710,Germany,Male,51,1,0.0,1,1,0,126671.97,0
15607118,Cust7118,655,France,Female,42,6,0.0,1,1,0,193003.2,0
15607119,Cust7119,697,Germany,Female,51,7,0.0,2,1,0,48886.5,0
15607120,Cust7120,587,France,Male,27,6,75932.91,1,1,1,188998.7,0
15607121,Cust7121,727,France,Male,42,10,67179.68,1,1,1,46301.47,0
15607122,Cust7122,783,Spain,Female,29,7,0.0,2,1,0,192915.66,0
15607123,Cust7123,660,Spain,Female,40,0,77770.09,1,0,1,13696.0,1
15607124,Cust7124,611,France,Male,53,2,0.0,1,1,0,144949.51,0
15607125,Cust7125,636,Spain,Female,24,5,63395.92,1,1,1,16775.26,0
15607126,Cust7126,726,France,Male,24,5,0.0,4,1,1,98297.65,0
15607127,Cust7127,646,France,Female,48,2,0.0,2,1,1,12295.9,0
15607128,Cust7128,535,Spain,Male,38,5,133253.81,2,0,0,19063.78,0
15607129,Cust7129,741,France,Male,50,5,94117.36,2,1,1,160508.26,0
15607130,Cust7130,556,France,Female,30,4,23442.65,1,0,1,184885.07,0
15607131,Cust7131,691,Germany,Male,39,9,0.0,1,1,0,145651.01,0
15607132,Cust7132,471,France,Female,45,4,182551.23,1,1,1,169885.46,1
15607133,Cust7133,660,France,Male,40,8,0.0,2,1,1,40396.72,0
15607134,Cust7134,643,France,Male,20,7,93953.8,1,0,1,124123.35,0
15607135,Cust7135,461,Germany,Female,66,10,0.0,3,1,1,105057.12,1
15607136,Cust7136,682,France,Female,40,6,50203.55,1,1,1,172898.18,1
15607137,Cust7137,544,France,Male,25,5,111924.09,1,1,1,116054.78,0
15607138,Cust7138,658,Germany,Female,41,0,130893.69,1,0,1,184108.31,0
15607139,Cust7139,610,France,Male,42,7,122769.16,1,1,1,182848.81,0
15607140,Cust7140,508,France,Female,48,5,152900.4,1,0,0,75914.29,0
15607141,Cust7141,550,Germany,Male,47,9,0.0,4,1,0,151940.02,0
15607142,Cust7142,557,Spain,Male,36,6,0.0,1,1,0,178213.0,0
15607143,Cust7143,744,France,Male,21,7,0.0,2,1,1,80099.86,0
15607144,Cust7144,730,Spain,Female,43,10,144791.43,2,1,0,157390.89,0
15607145,Cust7145,850,Germany,Female,22,10,26578.16,1,0,0,11100.97,0
15607146,Cust7146,601,France,Female,50,2,103086.32,1,0,0,91687.19,0
15607147,Cust7147,598,Spain,Male,31,2,80869.49,2,0,1,131411.71,0
15607148,Cust7148,663,Germany,Male,44,8,0.0,2,1,1,79908.15,0
15607149,Cust7149,616,Germany,Male,31,1,0.0,2,0,0,177992.07,0
15607150,Cust7150,594,Germany,Female,33,9,64685.97,1,1,1,134279.52,0
15607151,Cust7151,655,Germany,Male,30,1,195310.53,1,1,1,112351.39,0
15607152,Cust7152,718,Spain,Female,45,4,90355.52,2,1,0,174587.06,0
15607153,Cust7153,447,Germany,Male,32,9,0.0,1,0,0,152708.31,1
15607154,Cust7154,595,Spain,Female,46,1,175502.81,1,1,0,57018.83,0
15607155,Cust7155,515,Germany,Male,32,0,114811.07,2,1,0,162559.38,0
15607156,Cust7156,635,Spain,Male,36,8,103788.13,3,1,0,108064.17,1
15607157,Cust7157,692,Spain,Female,38,8,134569.55,3,1,0,49805.35,0
15607158,Cust7158,757,France,Female,40,8,174515.11,2,0,1,195578.06,0
15607159,Cust7159,608,France,Female,29,5,114661.43,3,0,1,86617.95,0
15607160,Cust7160,660,Germany,Female,45,8,0.0,1,1,0,17751.61,1
15607161,Cust7161,489,France,Female,35,7,35180.3,1,0,0,185094.37,0
15607162,Cust7162,567,Germany,Male,43,4,115525.31,1,0,0,35002.09,1
15607163,Cust7163,670,Spain,Male,38,8,0.0,2,1,0,97158.74,0
15607164,Cust7164,520,Spain,Female,44,2,0.0,2,1,0,108895.48,0
15607165,Cust7165,769,France,Female,34,4,156795.33,3,1,0,154716.99,0
15607166,Cust7166,700,Germany,Male,30,9,126245.73,2,0,0,25787.6,0
15607167,Cust7167,563,France,Male,42,1,0.0,1,1,1,152491.87,0
15607168,Cust7168,508,Germany,Female,33,4,127785.76,1,1,1,143570.6,0
15607169,Cust7169,581,France,Male,53,6,101273.4,2,1,0,68700.97,0
15607170,Cust7170,564,Germany,Female,39,6,88251.84,2,0,0,160930.52,0
15607171,Cust7171,533,Germany,Female,24,10,80329.23,2,0,0,45365.44,1
15607172,Cust7172,515,Germany,Male,32,7,105253.69,1,1,0,193658.32,1
15607173,Cust7173,628,Germany,Male,28,0,0.0,1,0,0,187448.4,0
15607174,Cust7174,720,France,Male,49,10,0.0,1,1,0,135865.29,0
15607175,Cust7175,582,France,Male,46,2,125852.4,2,1,1,75655.87,0
15607176,Cust7176,693,France,Female,37,6,40488.1,1,1,1,90944.49,0
15607177,Cust7177,619,Spain,Female,41,9,0.0,2,1,1,155152.15,0
15607178,Cust7178,709,Spain,Female,37,6,104382.48,2,1,1,50262.72,0
15607179,Cust7179,574,France,Male,47,0,0.0,2,1,1,69925.89,0
15607180,Cust7180,677,France,Female,43,3,89026.11,1,1,0,94509.24,0
15607181,Cust7181,662,France,Male,45,0,101817.14,1,1,0,158937.3,0
15607182,Cust7182,781,Germany,Female,36,4,0.0,1,1,1,38320.82,0
15607183,Cust7183,704,France,Male,32,9,0.0,1,1,1,32883.36,1
15607184,Cust7184,675,France,Female,45,2,71549.53,1,1,1,181770.15,0
15607185,Cust7185,509,France,Male,54,8,68685.85,1,0,0,193603.87,0
15607186,Cust7186,600,France,Male,49,0,52162.32,3,1,1,112233.79,1
15607187,Cust7187,573,France,Female,54,2,127258.12,3,1,1,145403.6,0
15607188,Cust7188,571,France,Male,40,6,0.0,3,1,0,47582.81,0
15607189,Cust7189,651,Germany,Male,28,10,73411.91,1,1,0,174744.15,0
15607190,Cust7190,673,Germany,Female,29,6,124025.03,2,1,1,174920.3,0
15607191,Cust7191,677,France,Male,52,7,146778.97,1,1,1,39998.67,0
15607192,Cust7192,771,Germany,Male,19,8,0.0,2,1,1,151045.06,0
15607193,Cust7193,696,France,Male,53,1,100932.56,2,0,1,50349.99,0
15607194,Cust7194,532,Spain,Male,30,10,70503.26,1,0,1,96107.83,0
15607195,Cust7195,669,Spain,Female,57,5,128059.79,1,1,0,73511.43,0
15607196,Cust7196,706,France,Female,37,3,89399.52,1,0,0,175587.12,1
15607197,Cust7197,771,Spain,Male,45,9,127109.56,1,1,1,98883.09,0
15607198,Cust7198,635,Germany,Male,62,5,0.0,1,1,0,166317.55,0
15607199,Cust7199,636,Germany,Female,35,7,114647.48,1,0,1,125817.86,0
15607200,Cust7200,754,France,Female,35,4,0.0,2,0,0,102977.79,0
15607201,Cust7201,667,France,Male,31,6,121772.87,1,1,0,137949.22,1
15607202,Cust7202,497,France,Female,28,1,71376.34,1,1,0,11606.63,0
15607203,Cust7203,476,Spain,Male,35,4,0.0,3,1,1,113346.9,0
15607204,Cust7204,827,Germany,Male,32,4,103215.46,2,0,1,47016.9,1
15607205,Cust7205,485,France,Female,25,2,162483.46,1,0,0,159121.76,0
15607206,Cust7206,634,Germany,Female,36,10,135627.42,2,1,0,174723.11,0
15607207,Cust7207,735,France,Male,42,6,189013.24,1,1,0,152251.2,0
15607208,Cust7208,481,France,Female,29,9,223340.61,2,0,1,188457.77,0
15607209,Cust7209,546,Germany,Female,36,1,95517.53,2,1,0,38168.98,1
15607210,Cust7210,530,Germany,Female,52,4,128574.57,1,1,0,52181.72,0
15607211,Cust7211,823,Spain,Female,24,8,0.0,1,0,0,145639.17,1
15607212,Cust7212,844,Germany,Male,57,1,0.0,2,1,0,36893.63,1
15607213,Cust7213,580,Germany,Female,31,2,119909.17,2,1,0,107445.44,1
15607214,Cust7214,706,Spain,Male,40,10,111482.16,2,1,1,140220.71,0
15607215,Cust7215,680,France,Male,51,1,0.0,1,1,1,50625.0,0
15607216,Cust7216,623,Germany,Male,54,5,0.0,1,1,0,86900.98,0
15607217,Cust7217,494,Germany,Female,43,0,106145.27,2,0,0,164230.69,1
15607218,Cust7218,850,France,Male,31,3,0.0,1,1,0,79555.05,0
15607219,Cust7219,476,France,Male,30,8,93851.16,1,0,0,141560.14,0
15607220,Cust7220,670,France,Female,32,4,50368.44,1,0,0,191064.45,1
15607221,Cust7221,588,France,Male,57,5,63540.11,1,1,0,155304.41,1
15607222,Cust7222,747,Germany,Male,34,10,0.0,1,0,0,161127.94,0
15607223,Cust7223,731,France,Male,41,4,109047.95,2,1,0,70458.45,0
15607224,Cust7224,556,Germany,Female,28,6,0.0,1,1,0,42754.86,1
15607225,Cust7225,574,France,Male,26,5,73437.41,1,1,1,151167.13,0
15607226,Cust7226,501,France,Male,38,7,0.0,2,0,1,95199.11,0
15607227,Cust7227,669,France,Male,35,6,0.0,2,1,0,142083.63,0
15607228,Cust7228,718,France,Female,35,9,0.0,2,1,1,68767.51,0
15607229,Cust7229,608,Spain,Female,23,9,57089.84,2,1,0,50417.09,0
15607230,Cust7230,626,France,Male,37,10,130715.19,1,1,0,105866.17,0
15607231,Cust7231,833,France,Female,53,3,38711.21,3,1,1,32832.76,1
15607232,Cust7232,740,France,Female,29,1,0.0,2,1,0,117778.42,0
15607233,Cust7233,779,France,Female,47,2,150473.62,1,0,1,57197.59,0
15607234,Cust7234,435,Germany,Male,18,8,0.0,2,1,0,39278.63,0
15607235,Cust7235,703,Spain,Male,30,9,0.0,2,1,0,101739.81,0
15607236,Cust7236,674,France,Female,19,2,0.0,2,0,1,122470.83,0
15607237,Cust7237,530,Germany,Male,50,5,56617.09,2,0,1,161107.3,0
15607238,Cust7238,550,France,Male,47,0,52701.66,3,0,1,64823.97,1
15607239,Cust7239,629,Spain,Male,28,6,0.0,1,1,0,119619.26,0
15607240,Cust7240,521,Germany,Male,41,7,0.0,2,1,1,120853.46,0
15607241,Cust7241,573,France,Female,50,1,0.0,1,1,0,42467.0,0
15607242,Cust7242,606,Germany,Male,52,10,37396.2,3,1,1,14762.22,1
15607243,Cust7243,705,Spain,Female,34,9,170887.26,1,1,0,125614.1,0
15607244,Cust7244,582,France,Female,18,10,44961.87,1,1,1,112737.91,0
15607245,Cust7245,607,Spain,Male,29,10,233407.33,2,0,1,189981.87,0
15607246,Cust7246,748,Spain,Male,46,0,93474.66,1,0,0,124079.17,0
15607247,Cust7247,481,France,Male,59,4,73082.89,2,0,0,48830.4,0
15607248,Cust7248,672,Spain,Male,37,4,122557.32,1,1,1,151564.33,0
15607249,Cust7249,687,Germany,Female,32,0,0.0,2,0,0,15112.65,1
15607250,Cust7250,690,Germany,Female,62,10,36503.39,2,1,0,144100.21,0
15607251,Cust7251,602,Germany,Female,42,0,0.0,2,0,1,164584.83,0
15607252,Cust7252,548,Spain,Female,26,7,103773.26,1,1,1,43178.02,0
15607253,Cust7253,796,Germany,Male,37,3,0.0,2,0,1,62904.85,0
15607254,Cust7254,568,Germany,Female,48,6,59770.48,1,1,1,29202.15,0
15607255,Cust7255,543,France,Male,37,5,0.0,3,1,1,48239.35,0
15607256,Cust7256,652,France,Male,46,2,0.0,2,1,1,58657.94,0
15607257,Cust7257,579,Spain,Male,22,4,1000.0,1,1,1,63896.3,0
15607258,Cust7258,751,Germany,Male,24,7,100155.72,1,1,0,97373.36,0
15607259,Cust7259,625,France,Female,31,6,116183.96,1,0,0,189603.35,1
15607260,Cust7260,763,Spain,Female,35,2,99287.3,3,0,1,24867.36,0
15607261,Cust7261,693,Spain,Male,41,2,135401.91,1,0,1,75431.43,0
15607262,Cust7262,613,Germany,Male,44,7,0.0,1,1,0,52323.43,1
15607263,Cust7263,757,France,Female,63,2,0.0,1,0,0,153441.24,1
15607264,Cust7264,588,Germany,Female,31,6,0.0,2,0,1,187660.62,0
15607265,Cust7265,619,France,Female,35,10,105279.75,2,0,0,92935.02,0
15607266,Cust7266,701,France,Male,31,6,0.0,1,0,1,181256.72,0
15607267,Cust7267,672,Germany,Male,49,3,131359.03,1,1,1,173029.68,0
15607268,Cust7268,585,Spain,Female,49,7,116065.32,1,1,0,78551.0,1
15607269,Cust7269,503,France,Female,34,10,66564.14,2,0,1,30332.77,1
15607270,Cust7270,648,Spain,Male,59,7,172124.89,3,1,1,194249.48,0
15607271,Cust7271,580,Spain,Male,31,6,64783.53,2,1,0,164019.48,0
15607272,Cust7272,653,France,Male,48,6,0.0,2,0,0,146849.7,0
15607273,Cust7273,610,France,Female,53,0,12491.49,1,1,0,94542.07,0
15607274,Cust7274,581,Germany,Male,24,0,88547.88,1,1,1,50854.75,0
15607275,Cust7275,624,Spain,Female,44,6,77591.19,2,1,0,74556.03,0
15607276,Cust7276,643,France,Female,18,5,0.0,2,1,1,97858.78,0
15607277,Cust7277,717,Germany,Male,46,10,62686.83,1,1,1,129707.93,0
15607278,Cust7278,691,Germany,Male,27,5,0.0,1,1,1,32371.19,0
15607279,Cust7279,850,Germany,Male,44,9,73593.27,1,0,1,146222.99,0
15607280,Cust7280,664,Germany,Male,46,7,73588.0,2,0,1,148482.67,0
15607281,Cust7281,585,France,Female,49,3,96787.26,3,1,1,197976.75,0
15607282,Cust7282,634,France,Female,47,9,116851.79,1,1,1,158171.07,0
15607283,Cust7283,705,France,Male,39,1,154434.18,2,1,1,198079.55,1
15607284,Cust7284,746,Spain,Female,34,7,123645.87,2,1,0,23057.82,0
15607285,Cust7285,779,Spain,Male,37,5,122851.74,1,0,0,186520.3,1
15607286,Cust7286,552,Spain,Female,27,7,105373.6,1,1,1,161780.25,0
15607287,Cust7287,773,France,Female,36,1,63133.65,1,0,1,118052.34,0
15607288,Cust7288,646,Germany,Male,35,2,0.0,2,0,1,77747.98,0
15607289,Cust7289,561,France,Male,30,3,0.0,1,1,0,38319.12,0
15607290,Cust7290,630,France,Female,21,6,85901.14,2,0,0,23980.79,0
15607291,Cust7291,766,France,Male,25,10,0.0,2,0,0,79029.59,0
15607292,Cust7292,694,Spain,Female,18,9,88320.99,2,1,1,88502.96,0
15607293,Cust7293,534,France,Male,35,7,119469.57,2,1,1,154181.67,0
15607294,Cust7294,534,Germany,Male,42,1,0.0,1,1,1,59277.01,0
15607295,Cust7295,532,Spain,Female,18,8,104780.42,2,1,1,63766.74,0
15607296,Cust7296,580,Germany,Male,40,9,125843.24,2,1,1,45869.61,0
15607297,Cust7297,657,France,Male,37,5,105243.28,1,1,0,190785.15,0
15607298,Cust7298,542,Spain,Male,26,0,0.0,1,1,1,39235.45,0
15607299,Cust7299,609,Germany,Male,34,1,90399.33,1,1,0,110236.15,1
15607300,Cust7300,785,France,Male,49,8,0.0,2,1,1,78829.63,0
15607301,Cust7301,805,Germany,Male,28,1,0.0,1,1,0,118330.39,0
15607302,Cust7302,799,Spain,Male,39,3,141813.38,2,1,0,12733.38,0
15607303,Cust7303,478,France,Male,41,8,95832.27,3,1,0,173688.35,1
15607304,Cust7304,811,Germany,Female,30,1,0.0,1,0,1,87198.82,0
15607305,Cust7305,659,France,Female,48,4,89825.5,1,0,1,60310.34,0
15607306,Cust7306,657,France,Male,42,7,0.0,1,0,1,70132.54,0
15607307,Cust7307,749,Spain,Female,35,5,88866.17,1,0,0,193912.82,1
15607308,Cust7308,718,France,Female,62,9,0.0,3,1,1,80688.05,0
15607309,Cust7309,471,France,Female,48,1,0.0,1,1,0,99890.7,0
15607310,Cust7310,591,France,Female,21,6,77725.83,1,1,0,174281.88,0
15607311,Cust7311,615,France,Male,34,3,102983.27,1,0,0,199138.4,0
15607312,Cust7312,522,France,Male,63,6,138262.43,1,0,1,194914.15,0
15607313,Cust7313,746,Germany,Female,28,1,102125.07,2,1,1,36432.16,0
15607314,Cust7314,788,France,Male,39,7,0.0,1,1,1,116439.17,0
15607315,Cust7315,649,France,Female,50,2,83705.72,2,1,1,124166.05,0
15607316,Cust7316,679,Spain,Female,45,8,58344.6,2,1,0,158972.13,1
15607317,Cust7317,649,Spain,Male,46,9,184158.05,2,1,1,102608.98,0
15607318,Cust7318,660,France,Male,45,3,31742.68,1,0,0,100086.51,0
15607319,Cust7319,757,France,Female,38,7,0.0,1,1,1,78924.07,0
15607320,Cust7320,481,France,Male,30,6,0.0,1,1,1,149101.5,0
15607321,Cust7321,697,France,Female,42,9,86787.37,1,1,1,134616.36,1
15607322,Cust7322,651,France,Female,34,10,105685.97,2,1,1,197006.58,0
15607323,Cust7323,582,Spain,Male,33,9,0.0,2,1,0,121907.71,0
15607324,Cust7324,602,Germany,Male,53,2,198833.37,3,1,0,184676.49,0
15607325,Cust7325,826,France,Male,34,6,0.0,2,1,1,193833.33,0
15607326,Cust7326,523,Spain,Female,55,1,116201.91,1,1,0,18037.64,1
15607327,Cust7327,634,France,Male,41,3,102352.97,1,0,1,18137.42,1
15607328,Cust7328,806,France,Male,36,3,1000.0,3,1,1,196566.16,1
15607329,Cust7329,528,France,Male,20,5,45979.51,1,1,1,124298.09,0
15607330,Cust7330,606,France,Male,59,9,0.0,1,1,0,64524.06,0
15607331,Cust7331,654,Spain,Male,38,0,0.0,3,1,1,94442.14,0
15607332,Cust7332,690,France,Male,18,5,91010.76,1,1,1,94833.88,0
15607333,Cust7333,642,Germany,Female,48,8,137446.43,2,1,0,30664.98,0
15607334,Cust7334,564,France,Male,37,2,0.0,1,1,0,183123.06,0
15607335,Cust7335,693,Spain,Female,29,8,211869.73,2,1,1,71718.39,0
15607336,Cust7336,640,Germany,Female,47,0,102524.15,1,1,0,114757.07,0
15607337,Cust7337,710,France,Female,18,5,99993.4,2,1,0,175342.05,0
15607338,Cust7338,739,France,Female,31,10,33394.19,1,0,0,179105.74,0
15607339,Cust7339,507,Spain,Male,35,4,53452.98,1,1,0,46334.15,0
15607340,Cust7340,749,Germany,Female,47,7,134883.3,2,0,0,43012.28,0
15607341,Cust7341,626,France,Male,60,1,0.0,2,1,1,37092.53,0
15607342,Cust7342,729,Spain,Male,36,4,161325.42,1,1,0,55216.24,0
15607343,Cust7343,697,France,Female,43,0,0.0,1,0,1,71413.67,1
15607344,Cust7344,828,France,Male,65,1,0.0,2,0,1,148535.5,1
15607345,Cust7345,651,Germany,Male,38,3,16764.64,4,0,0,39706.84,0
15607346,Cust7346,611,France,Female,43,10,0.0,2,1,0,52015.22,0
15607347,Cust7347,601,France,Male,26,10,186359.23,1,0,0,82378.27,0
15607348,Cust7348,550,France,Male,58,0,0.0,1,1,1,15412.55,0
15607349,Cust7349,728,France,Male,31,0,69861.13,2,1,0,58625.39,0
15607350,Cust7350,544,France,Male,41,7,86984.8,3,1,1,98772.59,0
15607351,Cust7351,727,France,Male,40,10,0.0,1,1,1,116205.6,0
15607352,Cust7352,629,Spain,Male,39,5,101932.5,1,1,1,130892.9,1
15607353,Cust7353,481,Germany,Male,34,5,1000.0,1,0,1,85165.72,0
15607354,Cust7354,793,France,Female,40,6,53807.35,2,1,0,117322.92,0
15607355,Cust7355,350,France,Female,56,4,0.0,2,1,0,173448.08,0
15607356,Cust7356,642,Germany,Female,61,8,110423.88,2,1,0,148123.72,0
15607357,Cust7357,672,France,Male,36,1,72605.25,2,1,0,119621.14,0
15607358,Cust7358,429,France,Female,34,0,107766.43,2,0,0,157777.37,0
15607359,Cust7359,692,Germany,Female,30,0,0.0,3,0,0,66421.78,0
15607360,Cust7360,586,France,Female,65,2,136123.72,1,1,0,191846.37,1
15607361,Cust7361,626,Spain,Male,39,5,112744.27,1,0,0,141349.47,0
15607362,Cust7362,779,Spain,Male,49,2,0.0,2,1,0,137957.26,0
15607363,Cust7363,664,Spain,Male,45,6,0.0,2,1,0,159429.23,0
15607364,Cust7364,616,France,Female,60,0,124671.99,1,1,1,11742.29,0
15607365,Cust7365,634,France,Male,36,4,72986.42,1,1,1,37716.76,0
15607366,Cust7366,821,France,Female,27,1,0.0,2,0,1,119331.17,0
15607367,Cust7367,689,Spain,Male,57,3,159410.38,1,1,1,125875.14,0
15607368,Cust7368,565,Spain,Female,47,7,186562.02,2,1,1,180537.92,0
15607369,Cust7369,603,Spain,Male,43,0,151870.44,2,1,0,111599.45,0
15607370,Cust7370,536,France,Male,53,8,0.0,3,0,0,61703.6,1
15607371,Cust7371,607,Spain,Male,43,2,53240.93,2,0,0,103459.28,0
15607372,Cust7372,804,Germany,Female,54,9,0.0,1,1,0,70632.69,1
15607373,Cust7373,634,Spain,Male,40,7,86357.52,1,1,0,139588.67,0
15607374,Cust7374,522,Germany,Male,47,9,84776.15,1,0,1,126671.99,1
15607375,Cust7375,691,France,Female,43,6,0.0,1,0,0,46808.58,0
15607376,Cust7376,612,France,Female,35,4,0.0,2,1,1,81162.75,0
15607377,Cust7377,704,Spain,Female,36,1,115648.54,2,1,0,138906.91,0
15607378,Cust7378,627,France,Female,34,0,58627.98,2,1,1,189461.89,1
15607379,Cust7379,789,France,Male,41,8,66442.31,2,0,0,85792.76,0
15607380,Cust7380,563,France,Female,33,7,108698.21,2,1,1,147481.62,0
15607381,Cust7381,538,France,Male,42,1,98313.53,2,0,0,90733.74,0
15607382,Cust7382,740,Spain,Female,42,1,0.0,1,0,1,82948.12,0
15607383,Cust7383,458,France,Female,40,8,90637.77,1,1,0,130653.05,1
15607384,Cust7384,633,France,Male,40,0,0.0,1,0,1,192514.75,0
15607385,Cust7385,727,Spain,Male,32,5,129770.44,2,1,1,71834.91,0
15607386,Cust7386,439,Germany,Female,35,3,82018.62,3,0,1,94881.94,0
15607387,Cust7387,656,France,Female,21,7,80469.56,3,0,0,21196.48,0
15607388,Cust7388,506,France,Female,37,0,121342.19,1,1,1,129980.83,0
15607389,Cust7389,473,France,Female,28,0,147014.53,4,1,0,81950.74,1
15607390,Cust7390,548,France,Male,39,1,0.0,2,1,1,33619.64,0
15607391,Cust7391,632,France,Male,31,8,71744.1,1,0,0,128139.46,0
15607392,Cust7392,582,France,Female,18,7,0.0,2,1,1,139523.81,0
15607393,Cust7393,756,Germany,Male,61,7,0.0,4,1,0,34359.67,1
15607394,Cust7394,658,Spain,Female,36,6,114027.98,1,1,1,124301.52,0
15607395,Cust7395,603,Spain,Female,52,1,0.0,3,1,0,170519.15,0
15607396,Cust7396,524,France,Male,33,2,0.0,2,1,1,113341.41,0
15607397,Cust7397,672,France,Female,55,1,145965.0,1,1,0,161553.06,1
15607398,Cust7398,848,Spain,Female,26,1,73966.84,1,1,1,104061.15,0
15607399,Cust7399,583,Spain,Male,40,8,69111.7,1,1,0,54905.12,0
15607400,Cust7400,594,Germany,Female,27,5,140283.21,2,1,1,40184.08,0
15607401,Cust7401,548,France,Female,64,4,119844.24,1,1,1,54532.65,1
15607402,Cust7402,764,France,Male,36,1,92828.45,1,1,1,132237.72,0
15607403,Cust7403,739,Germany,Male,46,7,99280.9,3,1,0,66157.12,0
15607404,Cust7404,607,Germany,Male,43,9,86558.19,1,0,1,114351.81,0
15607405,Cust7405,592,France,Female,38,0,0.0,1,0,0,162900.13,0
15607406,Cust7406,559,Spain,Male,43,10,44551.81,3,0,1,29657.62,0
15607407,Cust7407,622,Germany,Male,52,2,65133.78,3,0,1,33162.3,1
15607408,Cust7408,748,Germany,Female,45,10,93051.5,2,1,0,150199.54,1
15607409,Cust7409,654,France,Female,40,8,29417.49,1,1,1,16693.09,0
15607410,Cust7410,774,Spain,Female,43,9,2838.16,1,1,0,50112.85,0
15607411,Cust7411,581,Germany,Female,57,2,27375.65,2,1,1,92653.14,0
15607412,Cust7412,428,France,Male,34,6,152949.1,2,1,0,193841.1,1
15607413,Cust7413,850,Germany,Male,19,0,186269.78,2,0,1,110033.7,0
15607414,Cust7414,671,Germany,Female,27,4,0.0,1,1,1,37935.1,0
15607415,Cust7415,725,Spain,Male,28,1,92018.81,2,0,0,121291.14,0
15607416,Cust7416,574,France,Male,29,0,151579.55,2,0,0,82140.13,0
15607417,Cust7417,519,Spain,Female,30,9,0.0,2,1,0,21995.86,0
15607418,Cust7418,665,France,Male,38,8,0.0,1,1,0,106238.75,0
15607419,Cust7419,459,France,Male,40,3,0.0,1,0,0,131162.26,0
15607420,Cust7420,624,France,Female,40,4,88473.59,1,0,1,192523.45,0
15607421,Cust7421,748,France,Female,31,5,16412.48,2,0,1,148119.13,0
15607422,Cust7422,693,France,Male,48,6,0.0,2,1,0,158528.05,0
15607423,Cust7423,674,France,Male,43,6,74168.82,1,1,1,183353.71,0
15607424,Cust7424,817,Germany,Female,54,3,0.0,2,0,0,72139.9,0
15607425,Cust7425,686,France,Female,46,4,0.0,2,1,1,117876.52,0
15607426,Cust7426,467,Spain,Male,35,10,126569.98,1,1,1,194578.32,0
15607427,Cust7427,636,France,Male,51,1,116506.17,2,1,0,115495.78,1
15607428,Cust7428,835,Germany,Female,41,4,0.0,1,1,0,35688.61,0
15607429,Cust7429,620,Spain,Male,46,2,0.0,2,1,0,192096.5,0
15607430,Cust7430,829,Spain,Male,45,2,0.0,2,0,0,77687.74,0
15607431,Cust7431,748,Germany,Male,37,1,0.0,2,1,1,58653.61,0
15607432,Cust7432,611,Germany,Male,39,1,110590.14,1,1,0,130164.27,1
15607433,Cust7433,546,France,Male,37,10,99287.54,1,1,1,77623.25,0
15607434,Cust7434,683,France,Male,29,9,0.0,1,1,1,88737.97,0
15607435,Cust7435,772,France,Female,18,8,0.0,1,1,1,51763.95,0
15607436,Cust7436,498,France,Male,31,10,0.0,2,1,0,18151.54,0
15607437,Cust7437,662,France,Male,40,9,33133.07,2,1,1,24777.88,0
15607438,Cust7438,454,France,Male,49,1,71437.44,1,0,0,63352.22,0
15607439,Cust7439,617,Spain,Female,46,8,62670.57,2,1,1,90917.44,0
15607440,Cust7440,491,Spain,Male,35,8,0.0,1,1,1,167220.43,0
15607441,Cust7441,704,Spain,Male,31,0,111793.67,1,0,0,51511.01,0
15607442,Cust7442,584,Germany,Female,36,9,0.0,1,1,1,134672.41,0
15607443,Cust7443,761,France,Female,28,8,72819.71,2,0,0,186014.57,1
15607444,Cust7444,598,France,Female,18,10,87807.84,1,1,0,87811.56,0
15607445,Cust7445,589,Germany,Male,23,5,106611.15,1,1,1,196004.42,1
15607446,Cust7446,495,Germany,Male,52,8,118936.47,1,1,1,131483.14,1
15607447,Cust7447,688,France,Male,57,8,160356.77,1,1,1,191879.25,0
15607448,Cust7448,697,France,Female,46,7,0.0,1,1,1,66746.85,0
15607449,Cust7449,740,France,Male,37,10,0.0,1,1,1,134797.58,0
15607450,Cust7450,713,France,Male,24,1,99615.83,2,1,0,41020.13,0
15607451,Cust7451,689,France,Male,36,3,57947.92,1,0,1,183637.32,0
15607452,Cust7452,707,France,Female,44,1,83380.54,1,1,1,74828.36,0
15607453,Cust7453,717,Germany,Male,46,6,108981.11,2,1,0,40979.82,0
15607454,Cust7454,737,Spain,Male,45,0,80956.49,1,1,1,111042.69,0
15607455,Cust7455,503,Germany,Female,50,3,0.0,1,1,1,42627.79,0
15607456,Cust7456,606,Germany,Female,57,8,0.0,2,1,1,63931.32,0
15607457,Cust7457,494,Spain,Female,34,9,0.0,1,1,1,83119.78,0
15607458,Cust7458,682,France,Female,66,2,0.0,2,1,0,38763.79,0
15607459,Cust7459,806,Germany,Male,18,2,0.0,2,1,0,18625.68,0
15607460,Cust7460,736,France,Female,30,0,0.0,2,0,1,81857.52,0
15607461,Cust7461,592,Germany,Male,40,3,0.0,1,1,1,50174.18,1
15607462,Cust7462,699,France,Female,43,7,0.0,2,1,0,137891.23,0
15607463,Cust7463,683,Spain,Male,36,9,95921.46,2,1,1,11041.98,0
15607464,Cust7464,672,Spain,Female,33,4,106291.32,2,1,0,133424.07,0
15607465,Cust7465,525,France,Male,60,1,112402.9,1,1,0,113697.34,0
15607466,Cust7466,776,France,Male,33,3,109739.89,2,1,0,109904.76,1
15607467,Cust7467,537,France,Male,28,5,97666.61,2,1,1,106951.84,0
15607468,Cust7468,615,Spain,Female,55,6,157489.18,1,1,0,113485.2,1
15607469,Cust7469,742,Germany,Male,46,6,109508.04,1,1,0,106744.62,0
15607470,Cust7470,614,France,Female,49,8,110730.5,3,1,0,95362.99,1
15607471,Cust7471,658,Spain,Male,40,6,0.0,2,1,0,75224.55,1
15607472,Cust7472,661,France,Female,24,4,0.0,2,1,1,79626.65,0
15607473,Cust7473,656,France,Female,39,1,197565.56,2,1,1,29337.87,0
15607474,Cust7474,661,France,Male,23,10,136825.42,1,0,1,85514.21,0
15607475,Cust7475,671,Germany,Female,40,0,111139.65,1,1,1,103679.93,0
15607476,Cust7476,657,France,Female,45,3,89396.49,2,1,1,155265.23,0
15607477,Cust7477,564,France,Female,49,4,127935.65,2,1,1,93820.43,0
15607478,Cust7478,501,France,Female,37,9,77124.57,2,0,0,156518.76,0
15607479,Cust7479,746,Spain,Female,45,4,0.0,1,1,0,158287.08,0
15607480,Cust7480,750,Germany,Male,29,4,167220.74,2,1,1,72760.99,0
15607481,Cust7481,682,Spain,Male,48,10,0.0,2,0,0,104757.79,0
15607482,Cust7482,682,Germany,Male,45,4,0.0,1,1,1,72595.03,0
15607483,Cust7483,562,Spain,Female,30,8,88069.31,2,1,0,24692.95,0
15607484,Cust7484,416,France,Female,43,0,19849.32,1,1,0,172547.9,0
15607485,Cust7485,626,Spain,Male,49,6,0.0,1,1,1,166077.71,0
15607486,Cust7486,468,France,Male,39,8,0.0,2,1,1,27027.59,0
15607487,Cust7487,668,France,Male,30,2,137245.27,1,1,0,134715.14,0
15607488,Cust7488,775,France,Female,40,8,0.0,2,1,0,170740.01,0
15607489,Cust7489,591,France,Female,44,9,0.0,2,0,1,18557.74,1
15607490,Cust7490,596,Spain,Female,30,0,0.0,1,1,1,84827.73,0
15607491,Cust7491,553,Spain,Female,28,2,113283.94,2,1,0,57135.11,0
15607492,Cust7492,654,Spain,Female,43,1,167367.14,1,0,1,100796.29,0
15607493,Cust7493,647,France,Male,46,10,71771.99,1,1,1,40086.11,0
15607494,Cust7494,552,Spain,Male,59,3,206273.92,1,0,1,17415.7,0
15607495,Cust7495,738,Germany,Male,45,10,0.0,2,1,0,14968.51,0
15607496,Cust7496,850,France,Female,26,4,133945.79,1,1,1,190304.93,0
15607497,Cust7497,764,Germany,Female,58,10,106905.57,1,0,1,23676.16,1
15607498,Cust7498,639,Germany,Male,49,6,119521.86,2,1,0,52220.13,0
15607499,Cust7499,638,France,Male,18,3,147004.57,2,0,1,129321.89,0
15607500,Cust7500,601,Germany,Male,28,5,111348.55,3,1,1,131683.15,1
15607501,Cust7501,599,Germany,Female,33,1,84406.18,1,1,0,29116.35,0
15607502,Cust7502,742,France,Male,46,2,53800.66,2,1,1,114097.52,0
15607503,Cust7503,746,France,Female,18,6,0.0,2,1,1,97672.62,0
15607504,Cust7504,538,Germany,Male,37,8,86732.01,1,1,0,53282.71,1
15607505,Cust7505,685,Germany,Female,46,4,0.0,1,0,1,163210.16,0
15607506,Cust7506,757,Spain,Female,18,9,0.0,1,1,0,193502.34,0
15607507,Cust7507,616,Spain,Male,45,4,0.0,2,0,0,66651.71,0
15607508,Cust7508,630,Germany,Female,47,4,0.0,2,1,0,49925.27,0
15607509,Cust7509,717,Germany,Male,30,6,0.0,1,0,0,79819.31,0
15607510,Cust7510,720,Germany,Female,26,4,76952.68,1,0,0,177880.08,0
15607511,Cust7511,691,Germany,Male,29,7,63342.64,2,0,0,155751.81,1
15607512,Cust7512,674,France,Female,18,9,176562.1,2,1,0,152984.42,0
15607513,Cust7513,687,Germany,Male,35,3,0.0,2,1,1,181645.98,0
15607514,Cust7514,623,Germany,Female,40,5,0.0,1,1,0,54913.91,0
15607515,Cust7515,543,Germany,Male,26,3,0.0,3,0,0,174212.88,0
15607516,Cust7516,501,Spain,Female,48,6,91428.31,1,1,0,184373.52,0
15607517,Cust7517,707,Germany,Male,39,6,60410.21,1,0,1,142600.06,1
15607518,Cust7518,660,France,Male,41,4,100402.47,3,0,0,87885.7,0
15607519,Cust7519,694,France,Female,34,0,89350.9,1,1,1,182589.51,0
15607520,Cust7520,570,France,Male,45,10,121120.11,2,1,0,17756.67,0
15607521,Cust7521,660,France,Male,51,7,0.0,1,1,1,64648.97,0
15607522,Cust7522,658,France,Female,34,7,3615.78,2,1,1,29120.66,0
15607523,Cust7523,773,France,Male,46,8,91927.2,1,1,1,83506.64,0
15607524,Cust7524,732,France,Female,46,0,139876.58,1,1,1,151061.51,0
15607525,Cust7525,579,France,Male,42,9,75805.23,1,1,0,86906.18,0
15607526,Cust7526,698,Spain,Female,55,0,132754.37,3,0,0,116562.94,0
15607527,Cust7527,578,Spain,Female,31,8,0.0,3,0,0,89105.51,0
15607528,Cust7528,399,France,Male,34,10,0.0,2,1,1,17244.41,0
15607529,Cust7529,816,France,Male,30,5,0.0,2,1,1,23028.06,1
15607530,Cust7530,614,France,Female,45,7,58006.92,2,1,0,19489.83,0
15607531,Cust7531,750,France,Female,35,9,100994.52,1,0,1,164031.79,0
15607532,Cust7532,587,France,Male,31,6,18358.53,1,0,1,26750.13,0
15607533,Cust7533,572,France,Male,55,5,0.0,2,1,1,73801.28,0
15607534,Cust7534,598,France,Male,56,8,0.0,2,1,1,116166.3,0
15607535,Cust7535,674,Spain,Female,35,8,0.0,1,1,0,112202.06,1
15607536,Cust7536,667,Germany,Female,24,0,19231.58,1,0,1,127294.89,0
15607537,Cust7537,698,Spain,Male,57,0,122939.96,4,1,0,110352.53,0
15607538,Cust7538,602,France,Male,43,7,27044.88,1,1,1,104220.68,0
15607539,Cust7539,654,France,Female,42,7,0.0,1,1,1,137670.82,0
15607540,Cust7540,569,Spain,Female,39,8,54114.7,2,1,0,66172.59,0
15607541,Cust7541,791,France,Male,30,0,51228.55,2,1,1,97233.02,0
15607542,Cust7542,524,Germany,Male,34,1,0.0,1,1,1,92631.71,0
15607543,Cust7543,571,Spain,Male,45,0,98292.25,2,1,1,78033.76,0
15607544,Cust7544,609,Germany,Female,34,3,90087.75,1,1,1,199397.76,0
15607545,Cust7545,850,France,Male,42,5,116567.64,1,1,0,181661.53,0
15607546,Cust7546,724,Germany,Male,38,3,87871.82,2,1,0,138624.19,0
15607547,Cust7547,568,France,Female,27,1,140547.59,3,0,0,150804.59,1
15607548,Cust7548,729,France,Male,54,6,88607.04,2,1,0,175912.96,0
15607549,Cust7549,700,France,Male,44,3,82184.94,1,1,1,78790.94,0
15607550,Cust7550,676,Spain,Male,41,3,109286.33,1,1,0,111119.25,0
15607551,Cust7551,717,Germany,Male,44,8,10802.08,1,0,0,77864.98,0
15607552,Cust7552,656,France,Male,20,3,48531.23,1,1,0,179581.75,0
15607553,Cust7553,666,France,Male,33,6,0.0,1,1,1,125860.79,0
15607554,Cust7554,501,Germany,Male,23,0,18801.88,1,1,1,117083.16,0
15607555,Cust7555,789,Spain,Male,39,8,138693.16,1,0,0,96320.36,0
15607556,Cust7556,607,France,Female,41,5,1000.0,2,1,0,119198.77,0
15607557,Cust7557,531,France,Female,39,8,26392.71,1,1,0,65812.0,0
15607558,Cust7558,602,Spain,Male,50,3,63496.27,1,1,1,108268.57,0
15607559,Cust7559,605,Spain,Female,23,5,117926.43,1,0,1,49945.27,0
15607560,Cust7560,573,Spain,Male,30,4,91973.16,2,1,0,56662.24,0
15607561,Cust7561,725,France,Female,42,10,116281.6,1,1,0,45167.6,0
15607562,Cust7562,744,France,Female,41,1,0.0,1,1,1,48042.4,0
15607563,Cust7563,462,France,Female,25,2,0.0,1,1,0,101194.87,0
15607564,Cust7564,601,France,Female,50,10,99970.32,1,0,1,22094.67,0
15607565,Cust7565,607,Spain,Male,53,0,141141.31,2,1,1,73680.46,0
15607566,Cust7566,633,France,Male,42,3,176397.72,1,0,1,101563.56,0
15607567,Cust7567,814,Germany,Male,23,3,50111.03,2,1,1,39258.22,0
15607568,Cust7568,572,Spain,Male,40,8,0.0,2,1,1,78185.72,0
15607569,Cust7569,800,Spain,Female,41,8,80390.36,2,1,1,114141.89,0
15607570,Cust7570,636,Germany,Male,35,9,112548.31,2,0,0,182171.18,0
15607571,Cust7571,801,Spain,Male,51,1,161951.18,1,1,1,71970.66,0
15607572,Cust7572,620,France,Female,37,2,0.0,1,0,1,11959.4,0
15607573,Cust7573,609,France,Female,59,5,73427.39,1,0,1,138459.94,1
15607574,Cust7574,648,France,Female,46,8,145377.25,1,1,0,192234.16,1
15607575,Cust7575,774,Spain,Male,41,6,88142.81,1,1,1,197823.91,1
15607576,Cust7576,665,Spain,Female,47,5,0.0,1,1,0,98500.56,1
15607577,Cust7577,670,France,Male,53,8,126358.53,1,0,0,44262.89,0
15607578,Cust7578,711,France,Female,47,2,0.0,3,1,1,138343.3,0
15607579,Cust7579,566,France,Male,37,9,36973.3,1,1,1,163593.99,0
15607580,Cust7580,682,France,Male,31,7,54287.49,1,0,0,116153.1,0
15607581,Cust7581,590,Spain,Female,27,2,86694.18,2,1,0,77433.63,0
15607582,Cust7582,791,France,Male,18,4,146157.54,2,0,0,74092.58,0
15607583,Cust7583,690,Spain,Male,40,3,69439.01,1,0,1,94441.03,0
15607584,Cust7584,717,Germany,Male,34,3,0.0,2,1,0,49561.84,0
15607585,Cust7585,454,France,Female,35,7,107672.35,1,0,1,91306.54,0
15607586,Cust7586,718,France,Female,48,3,57712.35,3,1,1,166596.3,0
15607587,Cust7587,633,Spain,Male,37,9,78445.57,2,1,1,115941.53,0
15607588,Cust7588,512,Germany,Female,57,1,98101.79,1,1,0,59229.31,1
15607589,Cust7589,659,France,Male,32,1,125460.95,2,1,1,143282.66,0
15607590,Cust7590,504,France,Female,28,10,0.0,1,1,0,77081.06,0
15607591,Cust7591,709,Spain,Male,25,7,92763.12,1,1,1,46371.51,0
15607592,Cust7592,788,Spain,Male,45,4,0.0,1,1,1,20455.85,0
15607593,Cust7593,478,Spain,Female,50,2,90347.51,2,1,1,174811.22,0
15607594,Cust7594,647,Germany,Female,32,2,109181.78,4,1,1,117247.14,1
15607595,Cust7595,634,Spain,Male,27,1,0.0,1,1,1,16629.01,0
15607596,Cust7596,459,France,Male,53,9,0.0,2,1,1,104483.41,0
15607597,Cust7597,738,Germany,Female,23,3,0.0,2,1,1,64881.33,0
15607598,Cust7598,710,France,Male,48,10,147969.6,1,1,0,60359.82,0
15607599,Cust7599,845,Germany,Male,32,8,54002.98,2,1,1,185632.91,0
15607600,Cust7600,698,Spain,Male,42,3,109787.43,2,0,1,191835.11,1
15607601,Cust7601,566,Spain,Male,49,8,0.0,2,1,1,150650.69,0
15607602,Cust7602,699,Germany,Male,43,5,0.0,1,1,1,57910.95,0
15607603,Cust7603,773,Germany,Male,35,5,178308.09,2,1,1,29724.42,0
15607604,Cust7604,605,Spain,Male,52,8,159788.89,2,1,0,21311.29,1
15607605,Cust7605,732,Spain,Male,41,7,0.0,1,1,0,20137.28,0
15607606,Cust7606,424,Spain,Female,75,2,217711.71,1,0,0,194839.59,0
15607607,Cust7607,792,France,Male,21,4,137186.2,2,1,1,43972.98,0
15607608,Cust7608,727,France,Female,21,10,0.0,1,1,1,149177.01,0
15607609,Cust7609,406,Spain,Male,48,2,125016.86,2,0,0,70285.38,0
15607610,Cust7610,687,Spain,Male,38,7,0.0,1,0,1,155532.86,0
15607611,Cust7611,459,Germany,Male,46,9,191384.39,1,1,1,165302.76,0
15607612,Cust7612,591,Germany,Male,27,6,64745.68,2,0,0,60731.89,1
15607613,Cust7613,715,France,Female,39,0,0.0,1,1,0,74891.39,0
15607614,Cust7614,637,France,Male,43,9,0.0,1,1,0,104593.5,0
15607615,Cust7615,771,Spain,Female,33,9,79442.11,1,1,1,20797.74,1
15607616,Cust7616,656,France,Female,40,7,141250.31,2,1,1,15563.18,0
15607617,Cust7617,646,Germany,Male,24,8,0.0,1,1,0,165122.37,1
15607618,Cust7618,755,Germany,Female,42,0,64689.15,2,1,1,97182.15,0
15607619,Cust7619,618,Spain,Male,52,7,0.0,4,1,0,105183.67,0
15607620,Cust7620,648,France,Male,26,8,80155.84,2,0,1,125811.23,0
15607621,Cust7621,660,Germany,Male,25,6,102135.77,1,0,0,73164.46,1
15607622,Cust7622,644,France,Female,50,5,100253.68,1,1,0,155089.47,0
15607623,Cust7623,761,France,Female,25,8,0.0,2,1,1,15292.33,0
15607624,Cust7624,586,France,Female,46,7,57609.81,1,1,0,35081.63,0
15607625,Cust7625,570,France,Female,39,0,51798.88,2,1,1,186365.65,0
15607626,Cust7626,548,Spain,Male,34,2,60972.34,2,1,0,176628.36,0
15607627,Cust7627,444,Spain,Female,53,6,101985.71,2,0,0,25482.65,0
15607628,Cust7628,792,France,Female,47,6,45122.23,2,1,1,115747.07,1
15607629,Cust7629,564,Spain,Female,41,2,59459.67,2,1,1,149572.48,0
15607630,Cust7630,627,Germany,Female,18,1,0.0,1,1,1,59606.88,0
15607631,Cust7631,800,Germany,Female,45,7,166145.19,1,1,1,14015.61,0
15607632,Cust7632,636,Spain,Male,27,3,0.0,2,0,1,135685.45,0
15607633,Cust7633,699,Germany,Female,36,7,51067.26,2,1,0,157427.71,0
15607634,Cust7634,514,France,Female,38,7,131155.46,1,1,1,149396.61,0
15607635,Cust7635,784,France,Female,57,2,74238.7,1,1,1,43035.26,0
15607636,Cust7636,638,France,Male,35,8,0.0,2,1,0,118126.48,0
15607637,Cust7637,552,Spain,Male,24,1,0.0,1,0,1,54025.71,0
15607638,Cust7638,552,Germany,Female,53,4,0.0,1,0,1,127137.68,1
15607639,Cust7639,812,France,Female,45,6,0.0,1,1,1,102123.75,0
15607640,Cust7640,594,France,Female,46,9,36956.45,1,1,0,118739.73,0
15607641,Cust7641,554,Spain,Female,53,10,107825.01,1,1,1,70470.62,0
15607642,Cust7642,608,France,Male,55,7,88044.81,1,1,0,110599.81,0
15607643,Cust7643,654,Germany,Female,29,7,194561.58,1,0,0,108406.62,1
15607644,Cust7644,665,Germany,Male,24,5,0.0,2,0,1,43447.67,0
15607645,Cust7645,693,France,Male,46,5,0.0,2,1,1,14601.35,0
15607646,Cust7646,673,France,Male,35,6,0.0,1,1,1,135584.37,0
15607647,Cust7647,712,France,Male,36,10,128462.96,1,0,0,57077.36,0
15607648,Cust7648,624,France,Male,27,7,152597.26,1,0,1,111337.67,0
15607649,Cust7649,849,Germany,Female,44,9,0.0,3,1,0,14385.89,1
15607650,Cust7650,603,Spain,Male,42,6,94429.97,1,1,0,61521.72,0
15607651,Cust7651,780,France,Female,36,8,72296.13,3,0,1,18648.79,1
15607652,Cust7652,592,Germany,Male,24,9,155922.54,2,1,0,66653.91,0
15607653,Cust7653,513,France,Female,50,4,96095.46,2,1,1,148965.56,0
15607654,Cust7654,490,France,Male,41,7,98372.93,1,1,1,129531.47,0
15607655,Cust7655,679,Spain,Female,49,5,0.0,2,1,0,42088.34,1
15607656,Cust7656,762,Spain,Female,18,5,1000.0,1,1,0,33920.02,0
15607657,Cust7657,540,Spain,Male,39,2,0.0,2,1,0,33310.14,1
15607658,Cust7658,566,France,Male,31,9,0.0,2,1,1,171558.28,0
15607659,Cust7659,687,Germany,Male,38,8,126982.98,2,0,0,64809.25,1
15607660,Cust7660,650,France,Male,47,10,98607.21,2,1,1,199108.97,0
15607661,Cust7661,594,Spain,Male,42,3,0.0,3,1,0,115854.54,0
15607662,Cust7662,527,Germany,Male,38,10,0.0,1,1,0,199776.55,0
15607663,Cust7663,680,Spain,Female,38,7,57044.12,2,1,0,56500.62,0
15607664,Cust7664,713,France,Male,22,3,203615.43,1,1,1,190336.29,0
15607665,Cust7665,697,France,Male,29,9,131808.97,1,0,0,185397.15,0
15607666,Cust7666,653,Spain,Male,49,6,160943.2,1,1,1,43274.86,0
15607667,Cust7667,549,France,Male,33,6,0.0,1,1,1,197381.26,0
15607668,Cust7668,680,Germany,Male,49,8,146398.19,1,1,1,77158.46,1
15607669,Cust7669,673,Germany,Female,46,1,144642.21,1,0,0,38884.42,1
15607670,Cust7670,524,Spain,Female,47,5,0.0,1,1,1,79927.12,0
15607671,Cust7671,621,France,Male,41,0,0.0,2,1,0,26424.42,0
15607672,Cust7672,685,Spain,Male,34,4,52931.6,1,1,0,123904.7,0
15607673,Cust7673,642,France,Male,36,7,0.0,3,1,1,124338.42,0
15607674,Cust7674,462,France,Female,44,10,0.0,1,1,1,73756.44,0
15607675,Cust7675,589,Germany,Male,18,2,1000.0,1,1,0,70362.18,0
15607676,Cust7676,582,France,Female,50,9,118588.5,2,0,1,17791.69,0
15607677,Cust7677,704,Spain,Female,33,0,0.0,2,1,1,136845.53,0
15607678,Cust7678,850,Spain,Female,37,0,0.0,1,1,0,58355.62,0
15607679,Cust7679,663,Spain,Male,37,3,0.0,1,0,0,100450.98,0
15607680,Cust7680,535,Spain,Female,38,3,50040.96,2,1,1,106682.94,0
15607681,Cust7681,635,Germany,Male,25,6,105223.69,3,1,1,159862.21,0
15607682,Cust7682,651,France,Male,40,2,98049.53,4,1,0,130673.14,0
15607683,Cust7683,723,Spain,Female,44,6,0.0,1,1,0,194456.29,0
15607684,Cust7684,769,France,Female,18,10,143879.86,1,1,1,130458.87,0
15607685,Cust7685,784,Spain,Male,25,1,115593.78,1,1,0,78514.86,0
15607686,Cust7686,702,France,Male,47,4,169098.53,2,1,1,175391.2,1
15607687,Cust7687,650,Germany,Male,45,6,0.0,1,0,0,108503.02,1
15607688,Cust7688,792,France,Female,41,4,69700.68,1,0,0,46467.55,0
15607689,Cust7689,617,France,Male,31,4,0.0,3,1,0,117801.73,1
15607690,Cust7690,655,France,Male,45,0,125641.89,1,1,0,34204.62,0
15607691,Cust7691,627,France,Male,26,5,185664.13,1,0,0,76259.26,0
15607692,Cust7692,445,France,Female,37,10,110504.86,2,0,0,16766.29,1
15607693,Cust7693,772,France,Female,25,9,0.0,3,1,1,25794.78,1
15607694,Cust7694,715,France,Male,36,8,79212.46,3,0,0,52298.34,0
15607695,Cust7695,422,Germany,Female,28,0,124822.86,1,1,1,128552.96,1
15607696,Cust7696,746,France,Male,46,1,52065.08,2,1,1,104223.51,0
15607697,Cust7697,621,Spain,Female,42,5,0.0,3,1,0,92833.15,0
15607698,Cust7698,745,France,Female,32,3,157357.75,2,1,1,118962.0,0
15607699,Cust7699,657,Germany,Male,49,1,0.0,1,1,0,47943.52,0
15607700,Cust7700,520,France,Female,28,2,161559.03,2,0,0,139951.51,0
15607701,Cust7701,653,Germany,Female,38,2,0.0,2,1,0,113851.69,0
15607702,Cust7702,564,Germany,Male,32,1,142803.23,1,1,1,37357.06,1
15607703,Cust7703,533,Germany,Male,45,6,111517.03,1,1,0,115724.01,0
15607704,Cust7704,733,France,Female,44,4,75310.38,1,1,0,32310.49,0
15607705,Cust7705,688,Germany,Male,51,7,76165.33,2,1,1,138439.79,1
15607706,Cust7706,794,France,Male,39,2,101186.52,1,1,1,53696.7,1
15607707,Cust7707,612,France,Male,18,6,97801.41,1,1,0,20238.35,0
15607708,Cust7708,558,France,Female,34,2,139457.73,1,1,1,46445.61,0
15607709,Cust7709,711,Germany,Female,54,10,60734.98,2,1,1,102276.33,0
15607710,Cust7710,570,France,Female,35,1,75042.45,2,0,0,145493.81,0
15607711,Cust7711,620,Spain,Male,19,8,116501.09,2,1,0,81069.51,0
15607712,Cust7712,700,France,Female,42,7,0.0,2,1,1,80076.0,0
15607713,Cust7713,638,France,Male,43,2,0.0,2,1,1,94039.2,0
15607714,Cust7714,603,France,Female,31,0,0.0,2,1,0,174757.45,0
15607715,Cust7715,515,France,Female,36,6,109500.27,2,0,0,162312.2,0
15607716,Cust7716,740,Germany,Male,30,0,54219.12,1,1,0,186147.95,1
15607717,Cust7717,615,Spain,Female,43,6,93928.69,1,1,1,159477.93,0
15607718,Cust7718,709,Spain,Male,39,7,132311.59,2,1,1,95154.61,0
15607719,Cust7719,697,France,Male,26,7,71889.18,2,0,1,119095.25,0
15607720,Cust7720,755,France,Female,38,10,0.0,2,1,0,115273.93,1
15607721,Cust7721,627,Spain,Male,31,4,121196.14,1,1,0,197828.1,1
15607722,Cust7722,617,France,Female,53,5,114339.83,3,1,1,150383.97,0
15607723,Cust7723,544,France,Male,47,10,78288.79,3,0,1,111830.19,0
15607724,Cust7724,598,Spain,Male,37,9,205633.27,1,1,1,133026.18,0
15607725,Cust7725,683,France,Female,39,5,0.0,4,0,1,192088.52,0
15607726,Cust7726,572,France,Male,48,4,162772.8,2,0,0,47076.3,0
15607727,Cust7727,680,France,Female,36,8,130380.2,1,1,1,189188.12,0
15607728,Cust7728,791,Germany,Female,46,6,0.0,2,1,0,77673.13,0
15607729,Cust7729,607,France,Male,53,5,204877.06,1,1,1,76856.85,0
15607730,Cust7730,524,Germany,Male,33,8,152464.81,2,1,1,53459.67,0
15607731,Cust7731,610,France,Male,54,8,70399.36,2,1,0,77941.51,0
15607732,Cust7732,513,France,Female,52,4,0.0,1,1,1,106639.17,0
15607733,Cust7733,778,France,Male,40,4,0.0,1,0,0,43291.47,0
15607734,Cust7734,658,Spain,Female,34,7,114440.88,1,1,1,42884.99,0
15607735,Cust7735,580,France,Female,40,0,68721.2,1,1,1,65428.14,0
15607736,Cust7736,596,Germany,Male,36,8,0.0,2,1,0,12471.98,0
15607737,Cust7737,537,France,Female,30,5,78873.11,2,1,1,133156.0,0
15607738,Cust7738,747,France,Male,43,9,0.0,2,1,1,49037.67,1
15607739,Cust7739,826,France,Male,28,6,0.0,2,1,1,176017.3,0
15607740,Cust7740,507,Germany,Male,35,4,138450.16,1,1,0,82528.21,1
15607741,Cust7741,750,France,Female,35,1,95233.62,1,1,0,96960.68,0
15607742,Cust7742,626,Spain,Male,24,0,148380.79,2,1,0,186394.11,0
15607743,Cust7743,772,Spain,Female,45,7,0.0,1,1,1,15783.61,0
15607744,Cust7744,474,Spain,Male,36,2,124615.44,1,1,1,144697.42,0
15607745,Cust7745,672,Germany,Female,51,9,102772.16,2,1,0,106599.44,0
15607746,Cust7746,611,Germany,Female,36,5,0.0,2,0,0,131308.96,1
15607747,Cust7747,713,Germany,Female,34,9,72402.48,1,1,1,194340.5,0
15607748,Cust7748,656,France,Male,29,5,135595.13,1,1,1,35474.58,0
15607749,Cust7749,652,Spain,Male,38,4,1000.0,2,0,1,138616.03,0
15607750,Cust7750,640,Spain,Male,38,1,0.0,2,0,1,144134.53,0
15607751,Cust7751,800,France,Male,45,4,0.0,2,0,0,96658.77,0
15607752,Cust7752,633,Spain,Female,39,9,135456.83,2,1,1,44929.22,0
15607753,Cust7753,733,Spain,Male,59,9,65419.83,2,1,1,43518.92,0
15607754,Cust7754,710,France,Male,43,5,0.0,2,0,0,90433.05,0
15607755,Cust7755,735,Spain,Female,28,10,0.0,2,1,0,138607.76,0
15607756,Cust7756,553,France,Male,27,0,0.0,2,0,1,114938.62,0
15607757,Cust7757,718,France,Female,43,0,71032.56,2,1,1,30455.49,1
15607758,Cust7758,682,France,Male,28,0,126420.63,1,1,0,21054.11,1
15607759,Cust7759,536,Germany,Male,44,0,116591.41,2,1,1,81072.48,0
15607760,Cust7760,630,France,Female,47,0,61211.38,2,1,1,32188.16,0
15607761,Cust7761,850,Spain,Male,47,0,0.0,1,0,1,37476.69,0
15607762,Cust7762,612,France,Female,29,8,70394.54,1,1,0,139423.83,0
15607763,Cust7763,615,France,Male,47,5,0.0,1,0,1,100858.5,0
15607764,Cust7764,693,Germany,Male,41,8,79748.45,2,1,1,133490.92,0
15607765,Cust7765,598,France,Male,32,8,0.0,2,0,0,76649.61,0
15607766,Cust7766,663,Germany,Male,36,7,132471.5,2,1,1,28823.08,0
15607767,Cust7767,607,France,Female,43,1,131899.87,1,1,1,23202.64,0
15607768,Cust7768,689,Spain,Male,31,1,30593.89,2,0,0,14168.89,0
15607769,Cust7769,644,Germany,Female,41,7,0.0,1,1,1,174118.22,1
15607770,Cust7770,837,France,Female,52,10,218734.13,2,1,0,193293.77,0
15607771,Cust7771,654,France,Male,48,1,159740.02,1,0,0,39332.73,0
15607772,Cust7772,629,France,Female,39,6,199632.52,1,1,1,189820.55,0
15607773,Cust7773,749,Spain,Male,40,0,0.0,1,0,0,60809.6,1
15607774,Cust7774,516,Germany,Female,33,2,84952.29,2,0,1,132891.49,1
15607775,Cust7775,812,France,Male,33,6,0.0,2,1,0,82759.28,0
15607776,Cust7776,555,France,Female,23,7,0.0,2,1,1,127932.44,0
15607777,Cust7777,764,Spain,Male,41,6,113678.96,4,0,1,170322.42,1
15607778,Cust7778,790,France,Male,45,4,124901.65,1,1,1,173676.14,0
15607779,Cust7779,600,Germany,Male,37,3,81375.38,1,1,1,175238.67,0
15607780,Cust7780,609,Spain,Male,29,8,72106.33,1,1,1,61015.2,0
15607781,Cust7781,640,France,Female,39,3,61583.32,2,0,1,157827.51,0
15607782,Cust7782,710,Germany,Male,51,7,94516.77,1,1,1,77005.92,0
15607783,Cust7783,554,France,Female,47,3,0.0,1,1,1,45083.92,0
15607784,Cust7784,640,France,Male,38,5,135279.44,2,0,0,69296.98,0
15607785,Cust7785,620,Spain,Male,58,10,159099.98,1,1,0,76786.07,0
15607786,Cust7786,539,Germany,Male,65,4,0.0,2,1,1,117496.48,0
15607787,Cust7787,550,Spain,Male,33,9,137234.23,1,0,0,127659.28,0
15607788,Cust7788,662,Germany,Female,36,0,0.0,1,1,1,86374.0,0
15607789,Cust7789,661,France,Male,45,5,0.0,2,1,1,167355.49,0
15607790,Cust7790,577,Germany,Female,29,5,0.0,3,1,1,21078.65,1
15607791,Cust7791,658,Germany,Male,46,10,181654.34,1,1,1,174902.89,0
15607792,Cust7792,588,France,Male,39,2,196851.75,1,1,1,148976.79,0
15607793,Cust7793,775,France,Male,42,6,50145.02,1,1,0,79799.11,0
15607794,Cust7794,640,Germany,Female,32,6,0.0,4,1,1,127399.22,1
15607795,Cust7795,755,Germany,Male,30,1,86091.44,1,0,1,92391.7,0
15607796,Cust7796,488,France,Female,18,10,0.0,2,1,0,31472.7,0
15607797,Cust7797,681,Spain,Male,53,5,85847.92,2,1,1,193161.49,0
15607798,Cust7798,707,France,Male,47,4,0.0,2,0,0,77750.19,0
15607799,Cust7799,637,France,Female,45,9,0.0,1,1,1,170155.95,0
15607800,Cust7800,598,France,Female,41,0,83189.22,1,1,1,158179.27,1
15607801,Cust7801,635,Spain,Female,18,7,123617.49,3,1,0,154554.89,0
15607802,Cust7802,721,France,Male,30,0,133770.66,1,1,1,17686.68,0
15607803,Cust7803,534,France,Female,35,10,155858.63,2,1,1,168566.12,0
15607804,Cust7804,717,France,Male,27,8,0.0,3,0,1,101334.06,0
15607805,Cust7805,681,Germany,Female,21,5,98730.13,1,0,0,176242.51,0
15607806,Cust7806,625,Spain,Male,28,4,0.0,2,1,1,84947.77,1
15607807,Cust7807,629,France,Female,38,10,148466.31,1,0,0,133613.45,0
15607808,Cust7808,656,Spain,Male,38,2,129647.32,1,0,0,67798.31,0
15607809,Cust7809,809,France,Female,47,8,126989.83,1,1,1,147606.33,0
15607810,Cust7810,683,France,Female,59,4,226003.28,2,0,0,198461.56,0
15607811,Cust7811,560,Germany,Female,45,9,0.0,1,1,1,71599.96,0
15607812,Cust7812,608,Germany,Male,36,8,0.0,1,0,1,73810.76,1
15607813,Cust7813,540,France,Male,56,10,110034.43,2,1,0,151831.45,0
15607814,Cust7814,469,Germany,Female,22,6,0.0,1,1,1,102151.72,0
15607815,Cust7815,538,France,Female,18,3,25701.16,1,0,0,63892.52,0
15607816,Cust7816,662,Germany,Female,29,9,18048.99,1,1,1,194344.04,0
15607817,Cust7817,772,Germany,Male,46,6,0.0,1,0,1,23550.76,0
15607818,Cust7818,746,Spain,Male,40,7,30312.59,1,1,1,176249.19,0
15607819,Cust7819,539,France,Male,27,2,98431.67,1,0,0,20778.84,0
15607820,Cust7820,573,Germany,Female,31,5,109648.7,3,1,1,132861.27,0
15607821,Cust7821,560,Germany,Male,26,9,80902.23,2,1,1,77915.25,0
15607822,Cust7822,402,France,Male,26,4,0.0,3,1,1,139356.86,0
15607823,Cust7823,634,France,Female,54,6,144072.17,2,1,1,136163.54,0
15607824,Cust7824,727,Spain,Male,37,2,0.0,3,1,1,65490.53,0
15607825,Cust7825,626,France,Female,56,1,0.0,1,1,1,77404.07,0
15607826,Cust7826,528,Spain,Male,29,8,1761.45,1,0,1,151807.68,0
15607827,Cust7827,569,France,Male,43,4,114085.85,1,1,0,13168.75,0
15607828,Cust7828,618,Spain,Male,40,2,161430.3,1,1,0,81487.58,0
15607829,Cust7829,724,France,Male,47,1,138438.54,2,1,1,47837.32,0
15607830,Cust7830,632,Spain,Female,41,1,91457.37,2,1,0,104929.22,0
15607831,Cust7831,711,Germany,Male,48,5,83995.37,3,1,1,50940.27,0
15607832,Cust7832,642,France,Male,44,3,178333.95,1,1,1,142356.33,1
15607833,Cust7833,673,Germany,Male,27,0,0.0,2,0,0,160363.94,0
15607834,Cust7834,560,Germany,Female,45,5,105668.03,2,0,1,67470.18,0
15607835,Cust7835,584,France,Female,37,10,132137.12,1,0,1,116936.11,0
15607836,Cust7836,529,France,Male,30,10,77396.94,2,1,1,102219.43,0
15607837,Cust7837,708,Germany,Male,45,6,95921.22,2,0,1,55607.92,0
15607838,Cust7838,622,Germany,Male,47,6,0.0,1,1,1,152269.93,1
15607839,Cust7839,350,France,Female,33,10,142423.92,1,1,1,65782.36,1
15607840,Cust7840,696,Spain,Male,34,8,0.0,2,0,1,123273.78,1
15607841,Cust7841,744,France,Male,24,1,79560.97,2,1,1,173751.07,0
15607842,Cust7842,572,France,Female,20,5,0.0,1,1,0,135086.66,0
15607843,Cust7843,696,Germany,Male,36,4,0.0,2,1,0,84196.61,1
15607844,Cust7844,630,France,Female,46,1,0.0,1,1,1,111598.08,0
15607845,Cust7845,447,France,Male,32,10,59902.38,1,1,1,178553.19,0
15607846,Cust7846,837,Germany,Female,52,6,0.0,1,1,0,130859.04,1
15607847,Cust7847,630,France,Male,36,7,108332.66,1,0,1,114782.43,0
15607848,Cust7848,669,France,Male,36,8,0.0,1,0,0,88332.87,1
15607849,Cust7849,590,Germany,Male,35,0,0.0,2,1,1,153704.65,0
15607850,Cust7850,622,Germany,Male,48,3,0.0,3,1,0,43531.67,0
15607851,Cust7851,666,Spain,Female,28,9,0.0,4,1,0,146211.01,0
15607852,Cust7852,550,Germany,Male,37,2,0.0,1,0,0,116776.52,1
15607853,Cust7853,813,France,Male,33,2,105875.2,2,1,0,28028.84,1
15607854,Cust7854,730,France,Female,32,6,76964.03,3,1,1,169045.76,0
15607855,Cust7855,700,Spain,Male,38,2,0.0,2,1,0,119916.47,0
15607856,Cust7856,636,France,Female,37,9,0.0,1,1,0,126694.53,1
15607857,Cust7857,577,France,Female,49,8,83124.9,1,1,0,120250.68,1
15607858,Cust7858,749,Spain,Male,38,8,100909.41,1,1,1,183776.43,0
15607859,Cust7859,709,Germany,Female,44,7,77983.97,2,1,1,114298.93,0
15607860,Cust7860,612,Germany,Female,40,1,102350.43,1,1,1,155628.46,0
15607861,Cust7861,546,France,Female,52,7,0.0,1,0,0,112526.35,1
15607862,Cust7862,499,France,Male,35,1,165763.41,2,0,1,162212.37,0
15607863,Cust7863,653,France,Male,35,0,87458.43,2,1,1,159519.81,0
15607864,Cust7864,626,Germany,Female,45,10,79341.52,1,1,0,198432.7,1
15607865,Cust7865,764,France,Female,35,2,18950.17,2,1,1,123614.24,0
15607866,Cust7866,745,France,Male,43,7,51101.41,1,0,1,79085.99,0
15607867,Cust7867,654,France,Male,61,3,126759.57,1,1,1,182131.06,0
15607868,Cust7868,642,Germany,Female,28,7,0.0,2,1,1,134259.82,0
15607869,Cust7869,539,Germany,Female,53,4,85049.91,2,1,0,126946.2,1
15607870,Cust7870,752,France,Female,33,4,0.0,1,1,1,151436.6,0
15607871,Cust7871,645,France,Female,51,0,158848.61,1,1,0,106402.16,0
15607872,Cust7872,708,France,Male,45,5,0.0,3,1,0,145601.86,1
15607873,Cust7873,763,France,Female,44,7,89453.37,3,1,1,196882.77,0
15607874,Cust7874,596,Germany,Male,36,7,5884.45,2,0,1,146425.27,0
15607875,Cust7875,571,France,Male,35,9,142942.96,1,1,0,154943.38,0
15607876,Cust7876,850,Germany,Male,31,6,0.0,1,1,1,143347.86,0
15607877,Cust7877,707,Spain,Female,38,10,84127.39,1,1,0,131641.74,1
15607878,Cust7878,623,Spain,Male,36,6,82992.64,1,1,0,131704.61,1
15607879,Cust7879,769,Spain,Male,40,8,0.0,2,1,0,197424.49,0
15607880,Cust7880,620,France,Male,24,1,0.0,1,0,1,135535.93,0
15607881,Cust7881,681,France,Male,38,2,0.0,1,1,0,19815.41,0
15607882,Cust7882,595,France,Male,51,6,112544.38,2,1,0,51101.51,0
15607883,Cust7883,648,Germany,Male,47,5,37405.88,1,1,0,63087.27,0
15607884,Cust7884,624,France,Male,38,5,97505.4,1,1,0,139424.3,1
15607885,Cust7885,578,France,Male,64,10,128804.09,2,1,1,41772.26,0
15607886,Cust7886,673,France,Female,32,5,0.0,1,0,0,179817.16,0
15607887,Cust7887,589,France,Female,37,0,0.0,2,1,0,42901.1,0
15607888,Cust7888,705,Germany,Female,23,5,0.0,1,1,0,169364.51,1
15607889,Cust7889,621,Germany,Male,34,2,0.0,1,0,1,184207.09,0
15607890,Cust7890,485,Germany,Male,56,0,127990.83,1,1,0,198509.8,0
15607891,Cust7891,710,Spain,Male,34,2,135131.56,2,0,0,14044.71,0
15607892,Cust7892,711,France,Female,23,0,0.0,1,0,0,101970.84,0
15607893,Cust7893,850,France,Male,47,6,15350.55,2,1,1,160452.96,0
15607894,Cust7894,652,France,Male,42,5,170723.04,3,0,1,185086.95,0
15607895,Cust7895,668,Germany,Female,46,10,155673.95,1,0,0,108374.53,0
15607896,Cust7896,696,Germany,Female,35,0,0.0,1,1,1,56554.59,1
15607897,Cust7897,748,France,Male,28,5,134359.78,1,0,1,76866.23,0
15607898,Cust7898,742,Spain,Female,36,10,112692.21,3,1,1,87425.02,0
15607899,Cust7899,681,France,Male,44,6,91904.77,1,1,1,160827.19,0
15607900,Cust7900,647,France,Male,37,3,180967.23,1,1,0,187535.94,1
15607901,Cust7901,731,Germany,Male,42,7,70694.68,1,1,1,97784.54,0
15607902,Cust7902,643,Spain,Female,33,2,36805.71,1,1,0,192134.52,0
15607903,Cust7903,526,Germany,Male,42,9,106673.4,1,1,0,141858.35,0
15607904,Cust7904,506,Spain,Female,38,7,73862.09,1,1,1,98371.49,0
15607905,Cust7905,622,France,Male,31,3,107966.56,2,0,1,31266.51,0
15607906,Cust7906,662,Germany,Female,39,0,86793.81,1,0,0,106526.22,0
15607907,Cust7907,850,Spain,Female,34,6,68221.19,2,0,1,85079.97,0
15607908,Cust7908,638,Germany,Female,44,9,0.0,1,0,1,35336.07,0
15607909,Cust7909,654,France,Female,47,10,31352.27,1,1,1,177991.72,0
15607910,Cust7910,611,Spain,Female,43,7,31004.81,2,1,1,33650.95,0
15607911,Cust7911,709,France,Female,22,10,0.0,2,1,1,187927.8,0
15607912,Cust7912,677,France,Male,28,8,117643.64,2,0,1,15682.66,0
15607913,Cust7913,589,Spain,Female,32,4,0.0,1,1,1,46792.6,0
15607914,Cust7914,553,Spain,Male,30,9,120405.43,2,1,0,145870.1,0
15607915,Cust7915,611,Spain,Male,33,1,78194.81,2,1,1,191345.67,0
15607916,Cust7916,569,Spain,Male,47,9,117584.77,4,1,1,22364.87,0
15607917,Cust7917,628,France,Male,45,10,110586.05,2,1,0,58569.62,0
15607918,Cust7918,664,Spain,Female,34,6,0.0,1,0,0,123855.19,0
15607919,Cust7919,602,France,Male,44,10,93358.05,2,1,1,189187.41,0
15607920,Cust7920,790,Germany,Male,41,1,26166.62,1,1,0,91517.07,1
15607921,Cust7921,761,France,Female,38,1,191629.4,1,1,0,120744.52,1
15607922,Cust7922,628,Spain,Female,49,3,0.0,2,0,0,78131.87,0
15607923,Cust7923,557,Germany,Male,31,0,0.0,1,1,1,34804.16,0
15607924,Cust7924,647,Spain,Female,39,2,93870.29,1,1,0,15160.32,0
15607925,Cust7925,637,France,Male,27,2,163137.95,1,1,0,138081.01,0
15607926,Cust7926,644,France,Male,28,5,0.0,1,1,1,176844.07,0
15607927,Cust7927,612,France,Female,24,7,37803.14,2,1,1,42051.98,0
15607928,Cust7928,549,France,Female,28,2,0.0,2,1,0,120994.99,0
15607929,Cust7929,653,Germany,Female,39,3,117657.49,2,0,0,151093.32,1
15607930,Cust7930,616,France,Male,35,8,67472.26,3,0,1,67468.13,0
15607931,Cust7931,625,Germany,Male,35,2,65623.97,1,1,1,83488.02,0
15607932,Cust7932,659,France,Male,35,3,0.0,2,1,1,185668.52,0
15607933,Cust7933,643,France,Female,56,8,138501.6,1,0,0,74495.6,0
15607934,Cust7934,657,Germany,Male,27,4,116091.24,2,1,0,61791.9,0
15607935,Cust7935,612,France,Male,26,2,0.0,2,1,0,27683.32,0
15607936,Cust7936,685,France,Male,30,8,0.0,4,1,0,125428.41,1
15607937,Cust7937,581,France,Female,37,10,0.0,2,0,0,99453.52,0
15607938,Cust7938,546,France,Male,43,9,133836.84,1,0,1,192296.97,0
15607939,Cust7939,565,Germany,Female,44,4,63554.64,2,0,1,123016.68,0
15607940,Cust7940,585,France,Male,47,0,145164.84,1,1,1,55746.83,0
15607941,Cust7941,526,France,Male,37,4,119412.96,2,0,0,21978.66,0
15607942,Cust7942,488,Germany,Male,34,8,0.0,1,0,0,181019.87,1
15607943,Cust7943,698,Germany,Male,54,10,142221.17,1,1,1,152085.31,0
15607944,Cust7944,772,Germany,Female,18,0,0.0,2,1,1,123990.34,0
15607945,Cust7945,704,France,Female,39,1,74219.65,1,1,1,96355.17,0
15607946,Cust7946,604,Spain,Male,42,3,1000.0,1,1,1,18812.33,0
15607947,Cust7947,485,France,Male,57,1,12110.0,1,1,0,120123.87,0
15607948,Cust7948,668,France,Male,21,1,55570.26,1,1,0,34677.86,0
15607949,Cust7949,496,Spain,Female,34,4,0.0,1,1,1,154231.77,1
15607950,Cust7950,642,Germany,Female,24,2,99028.82,2,0,1,179624.56,1
15607951,Cust7951,573,Germany,Female,20,6,0.0,2,1,0,185769.63,0
15607952,Cust7952,431,Spain,Male,36,10,77270.91,2,0,0,21782.04,0
15607953,Cust7953,792,France,Male,46,5,85152.27,1,1,1,92590.13,1
15607954,Cust7954,529,Spain,Female,50,5,129923.48,2,1,1,125049.51,0
15607955,Cust7955,616,Germany,Male,33,10,92027.54,3,0,1,96281.0,0
15607956,Cust7956,638,France,Female,45,6,90089.46,1,0,0,135810.61,0
15607957,Cust7957,605,France,Female,36,10,0.0,1,1,1,107103.33,0
15607958,Cust7958,695,France,Female,44,10,0.0,1,1,1,31460.6,1
15607959,Cust7959,579,Spain,Female,50,0,108045.28,1,1,0,40025.31,0
15607960,Cust7960,687,France,Male,36,10,0.0,1,1,0,132185.77,0
15607961,Cust7961,681,France,Female,49,1,20043.15,2,1,0,162327.71,0
15607962,Cust7962,518,Germany,Male,26,2,0.0,1,1,0,14033.42,1
15607963,Cust7963,673,Germany,Female,45,6,70295.6,2,1,0,75581.04,1
15607964,Cust7964,549,France,Male,48,8,77787.4,1,0,0,53004.35,0
15607965,Cust7965,538,Spain,Female,47,10,121829.02,1,1,0,189733.48,0
15607966,Cust7966,678,Germany,Female,26,5,58371.58,2,0,1,73454.22,0
15607967,Cust7967,611,Spain,Female,36,3,0.0,1,1,0,95977.29,0
15607968,Cust7968,686,France,Male,41,4,128306.34,1,1,0,149271.08,1
15607969,Cust7969,687,France,Male,42,4,142689.53,2,1,1,33126.51,1
15607970,Cust7970,513,Germany,Female,39,3,144234.83,2,1,0,64971.42,1
15607971,Cust7971,721,France,Female,52,2,0.0,2,0,0,180982.43,0
15607972,Cust7972,677,Germany,Male,25,7,58341.11,2,0,1,132958.63,0
15607973,Cust7973,594,France,Female,36,10,22830.9,1,1,1,104061.55,0
15607974,Cust7974,637,Spain,Female,21,6,1000.0,1,1,1,132462.36,0
15607975,Cust7975,724,Spain,Female,44,1,43579.6,1,0,0,131214.73,0
15607976,Cust7976,619,Spain,Female,44,7,70124.77,1,0,1,57465.13,0
15607977,Cust7977,850,Spain,Female,71,6,0.0,1,1,0,190371.04,1
15607978,Cust7978,793,Spain,Female,48,4,137231.44,1,1,1,75181.87,0
15607979,Cust7979,661,France,Male,41,0,94884.2,2,1,0,89432.96,0
15607980,Cust7980,628,France,Female,41,8,163991.24,2,1,0,32074.84,0
15607981,Cust7981,632,Spain,Male,35,6,58904.2,1,0,1,110125.03,0
15607982,Cust7982,592,Spain,Female,39,2,160969.1,2,0,0,125304.78,0
15607983,Cust7983,662,Spain,Female,41,4,0.0,2,1,1,106082.23,0
15607984,Cust7984,716,Spain,Female,18,5,0.0,1,1,0,154274.78,0
15607985,Cust7985,520,France,Male,40,6,109453.16,1,1,1,74660.09,0
15607986,Cust7986,712,Spain,Male,39,7,152936.43,1,1,1,123668.22,1
15607987,Cust7987,740,Spain,Male,56,0,166291.49,1,1,0,51824.45,0
15607988,Cust7988,705,Germany,Female,37,5,54227.93,1,0,1,188943.82,0
15607989,Cust7989,638,Spain,Female,30,1,1000.0,2,1,1,151624.63,1
15607990,Cust7990,701,Germany,Male,41,1,0.0,2,1,0,57839.3,0
15607991,Cust7991,775,Spain,Male,39,1,0.0,2,1,1,28206.7,0
15607992,Cust7992,644,France,Female,37,6,99384.52,1,1,1,42609.69,1
15607993,Cust7993,652,Spain,Male,25,9,230830.71,2,1,1,39287.19,0
15607994,Cust7994,850,France,Male,36,10,0.0,1,1,1,144676.3,0
15607995,Cust7995,679,France,Male,32,7,124282.36,1,1,1,12747.65,0
15607996,Cust7996,553,France,Female,36,8,0.0,1,1,1,60547.09,0
15607997,Cust7997,734,France,Female,45,1,0.0,1,1,0,86973.09,1
15607998,Cust7998,689,France,Female,31,0,121359.38,2,1,0,16340.03,0
15607999,Cust7999,587,Spain,Male,36,3,114035.45,1,0,1,58595.35,0
15608000,Cust8000,544,Germany,Male,43,3,103020.36,1,0,1,158723.39,0
15608001,Cust8001,673,Spain,Female,35,4,156648.45,2,1,0,172063.6,0
15608002,Cust8002,644,France,Female,64,7,69478.5,1,1,0,98966.95,0
15608003,Cust8003,531,France,Male,40,1,0.0,2,1,0,145878.63,0
15608004,Cust8004,642,Spain,Female,26,1,70660.43,2,1,0,170584.25,0
15608005,Cust8005,635,Germany,Female,30,9,227902.66,1,0,1,26380.39,0
15608006,Cust8006,644,Germany,Female,29,6,65779.99,1,1,1,164022.91,0
15608007,Cust8007,697,Spain,Male,30,3,193755.41,1,1,0,169407.67,0
15608008,Cust8008,481,Spain,Male,43,9,0.0,2,1,1,146245.72,0
15608009,Cust8009,543,Germany,Male,27,7,0.0,3,1,1,88292.06,1
15608010,Cust8010,603,Spain,Female,35,9,98475.67,2,1,1,108440.87,0
15608011,Cust8011,777,Germany,Female,49,7,0.0,2,1,0,40174.28,0
15608012,Cust8012,850,Germany,Male,33,5,0.0,1,1,0,152902.37,0
15608013,Cust8013,650,France,Male,45,10,173751.1,2,1,0,146834.53,0
15608014,Cust8014,654,France,Male,21,10,120673.53,2,0,0,128726.37,0
15608015,Cust8015,415,France,Female,34,8,0.0,1,1,1,168275.59,0
15608016,Cust8016,737,Spain,Female,29,6,79200.26,2,1,0,26628.59,0
15608017,Cust8017,693,Germany,Male,41,0,131471.99,2,1,1,110572.46,0
15608018,Cust8018,677,France,Female,28,9,106501.44,3,1,1,70976.38,0
15608019,Cust8019,530,Germany,Male,59,1,68226.96,2,1,0,123495.75,1
15608020,Cust8020,840,France,Female,22,0,243164.77,2,1,1,13002.96,0
15608021,Cust8021,796,France,Female,49,4,37484.65,3,0,0,64959.61,0
15608022,Cust8022,678,Spain,Male,47,0,103921.67,1,1,1,27382.79,0
15608023,Cust8023,745,France,Female,41,1,125312.13,2,1,1,93622.22,1
15608024,Cust8024,655,France,Female,39,5,114058.54,2,1,1,185462.13,0
15608025,Cust8025,729,France,Female,57,4,80078.81,2,0,1,19637.64,0
15608026,Cust8026,525,France,Female,63,1,71103.63,3,1,1,184885.86,0
15608027,Cust8027,432,Germany,Male,36,10,115820.0,1,1,0,143074.78,0
15608028,Cust8028,528,Spain,Female,40,2,67132.84,1,1,1,177855.58,0
15608029,Cust8029,573,Germany,Female,32,2,152270.96,1,1,0,160781.1,0
15608030,Cust8030,588,Germany,Male,26,8,0.0,1,0,1,91670.96,0
15608031,Cust8031,693,France,Female,43,7,92393.53,2,0,1,95426.96,0
15608032,Cust8032,625,Germany,Male,40,3,105670.44,1,0,0,14108.62,0
15608033,Cust8033,647,France,Female,22,2,0.0,1,0,1,105962.42,0
15608034,Cust8034,536,France,Male,43,10,159768.41,2,1,0,106112.94,1
15608035,Cust8035,528,Spain,Male,41,0,0.0,2,1,1,154417.35,0
15608036,Cust8036,654,France,Male,32,7,109513.53,1,1,0,118629.99,1
15608037,Cust8037,598,France,Female,31,1,141360.47,1,0,1,64761.88,0
15608038,Cust8038,650,France,Female,42,0,0.0,2,0,0,53888.11,0
15608039,Cust8039,702,Spain,Male,54,1,75872.64,1,1,1,157111.35,1
15608040,Cust8040,807,France,Male,42,6,93413.33,2,1,0,106710.2,0
15608041,Cust8041,648,France,Female,46,3,60901.99,2,1,1,29972.82,0
15608042,Cust8042,824,Spain,Female,30,7,133004.71,2,0,0,161996.12,0
15608043,Cust8043,689,France,Male,34,10,0.0,1,1,1,85805.96,0
15608044,Cust8044,716,Spain,Female,44,0,0.0,2,0,1,63574.31,0
15608045,Cust8045,751,France,Male,24,6,0.0,1,1,0,32509.06,0
15608046,Cust8046,719,Germany,Male,40,10,0.0,2,1,0,47627.33,1
15608047,Cust8047,573,Spain,Male,43,1,129855.5,1,0,0,20872.33,1
15608048,Cust8048,754,Germany,Female,38,4,104247.89,1,1,1,147291.54,0
15608049,Cust8049,614,Germany,Male,41,0,217215.47,2,1,0,127541.08,0
15608050,Cust8050,679,France,Female,39,1,91536.07,1,1,1,193037.52,0
15608051,Cust8051,663,Spain,Male,32,10,73891.13,1,1,1,42423.66,0
15608052,Cust8052,760,Spain,Female,26,2,159082.56,1,0,0,68974.44,0
15608053,Cust8053,688,Germany,Male,37,1,114848.66,2,1,0,131840.22,0
15608054,Cust8054,517,Spain,Male,51,9,160406.5,1,1,1,115993.96,0
15608055,Cust8055,850,Germany,Male,48,2,164442.95,1,1,1,113931.17,0
15608056,Cust8056,730,Germany,Male,35,3,0.0,1,1,1,28569.26,0
15608057,Cust8057,597,France,Male,34,9,73569.21,2,1,1,14919.11,0
15608058,Cust8058,541,Germany,Female,34,8,0.0,2,1,0,147434.77,1
15608059,Cust8059,741,Spain,Female,34,6,63636.47,1,1,1,144735.49,0
15608060,Cust8060,552,Germany,Female,41,9,0.0,1,1,1,16395.29,0
15608061,Cust8061,727,France,Male,49,2,13062.87,2,1,0,168066.07,0
15608062,Cust8062,753,Germany,Female,61,8,0.0,1,0,1,155911.68,0
15608063,Cust8063,588,Spain,Male,30,7,0.0,4,0,1,52041.03,1
15608064,Cust8064,579,Spain,Female,45,6,101566.02,1,1,1,118019.35,0
15608065,Cust8065,605,France,Female,43,4,0.0,1,0,1,60678.24,0
15608066,Cust8066,555,France,Male,35,1,0.0,1,1,0,168645.45,0
15608067,Cust8067,672,France,Male,28,6,70938.77,2,1,0,43946.09,0
15608068,Cust8068,686,France,Female,41,8,102227.13,1,1,1,167930.52,0
15608069,Cust8069,720,Spain,Male,59,1,0.0,1,1,1,135407.64,0
15608070,Cust8070,570,France,Female,41,1,139093.44,1,1,1,46058.22,1
15608071,Cust8071,731,Germany,Female,30,9,121364.45,1,1,1,174583.81,0
15608072,Cust8072,555,France,Male,36,9,0.0,1,1,0,167747.85,0
15608073,Cust8073,731,France,Male,27,6,99493.36,1,1,1,131105.26,0
15608074,Cust8074,507,Spain,Male,38,5,0.0,2,1,1,105312.43,0
15608075,Cust8075,801,France,Female,45,0,0.0,1,1,0,129882.92,0
15608076,Cust8076,600,France,Male,31,10,86311.81,1,1,1,137621.4,0
15608077,Cust8077,708,France,Male,18,6,169783.59,4,1,1,30418.48,0
15608078,Cust8078,715,Spain,Male,41,0,0.0,2,1,1,86784.24,1
15608079,Cust8079,528,Spain,Female,33,3,0.0,4,1,1,187877.0,0
15608080,Cust8080,730,France,Female,30,9,0.0,1,1,0,157102.63,0
15608081,Cust8081,597,Germany,Female,30,9,146068.63,1,1,1,25545.62,0
15608082,Cust8082,621,France,Female,42,7,69708.66,1,0,1,173070.1,0
15608083,Cust8083,586,Germany,Female,34,1,0.0,3,1,1,22844.97,1
15608084,Cust8084,805,France,Female,47,1,116512.69,3,1,0,140361.74,0
15608085,Cust8085,538,Spain,Male,48,3,0.0,2,1,0,74676.92,1
15608086,Cust8086,691,Spain,Male,35,8,168337.28,1,1,0,62284.72,0
15608087,Cust8087,590,France,Female,33,8,154232.38,2,0,0,101831.29,1
15608088,Cust8088,755,France,Male,39,8,0.0,2,1,0,25949.79,0
15608089,Cust8089,850,France,Male,37,2,0.0,2,0,0,193732.23,0
15608090,Cust8090,589,France,Female,20,3,1000.0,2,1,1,191735.27,0
15608091,Cust8091,663,France,Female,57,3,108731.58,2,1,0,43195.52,1
15608092,Cust8092,613,France,Male,45,8,65518.86,1,1,1,192365.53,0
15608093,Cust8093,750,Spain,Male,33,8,189251.95,2,0,0,191939.41,0
15608094,Cust8094,626,France,Male,19,0,0.0,1,1,0,34081.46,0
15608095,Cust8095,737,Spain,Male,36,7,85071.14,2,1,0,13564.41,0
15608096,Cust8096,612,France,Male,32,4,0.0,1,1,1,99654.9,1
15608097,Cust8097,850,Germany,Male,37,3,0.0,2,1,0,74834.29,0
15608098,Cust8098,440,France,Female,18,5,0.0,1,1,0,102094.42,1
15608099,Cust8099,686,Spain,Male,33,5,5162.29,1,1,1,108321.65,0
15608100,Cust8100,649,France,Male,34,10,0.0,2,1,1,153455.48,0
15608101,Cust8101,646,France,Female,36,6,11689.89,2,1,0,130388.95,1
15608102,Cust8102,677,Germany,Male,36,9,86711.95,3,1,1,107524.14,0
15608103,Cust8103,656,Germany,Male,39,9,51199.15,2,1,1,105882.56,0
15608104,Cust8104,671,Germany,Male,53,10,53531.93,1,0,1,188569.67,0
15608105,Cust8105,689,France,Female,33,7,0.0,1,0,1,67012.16,0
15608106,Cust8106,818,France,Male,29,10,117600.66,1,1,1,46970.87,0
15608107,Cust8107,385,Spain,Male,21,6,79781.71,1,0,1,70332.14,0
15608108,Cust8108,827,Germany,Female,33,4,123987.34,1,0,1,159840.52,0
15608109,Cust8109,850,Germany,Female,24,8,129598.36,1,0,1,67316.98,0
15608110,Cust8110,482,France,Female,48,9,87484.94,4,1,0,134056.69,1
15608111,Cust8111,655,France,Female,37,3,0.0,1,0,0,82684.39,0
15608112,Cust8112,782,Spain,Female,47,10,103235.34,2,0,0,86299.47,0
15608113,Cust8113,738,Germany,Male,53,4,78360.32,2,1,0,151482.99,0
15608114,Cust8114,811,France,Male,29,2,141159.07,2,0,0,46283.9,0
15608115,Cust8115,686,Spain,Male,35,7,166346.48,2,0,1,127657.12,0
15608116,Cust8116,455,Germany,Male,51,2,156546.74,3,1,0,118782.67,0
15608117,Cust8117,775,France,Male,40,4,0.0,2,1,0,163380.64,0
15608118,Cust8118,711,France,Male,43,5,0.0,1,1,0,183644.65,0
15608119,Cust8119,791,Germany,Female,48,5,0.0,1,1,0,38024.88,0
15608120,Cust8120,503,France,Female,47,1,44761.31,2,0,1,59613.03,0
15608121,Cust8121,533,Germany,Male,42,1,95709.11,1,1,0,37873.13,0
15608122,Cust8122,652,Germany,Male,52,0,0.0,2,0,1,199705.52,1
15608123,Cust8123,778,France,Male,37,6,112085.9,1,1,1,125994.03,0
15608124,Cust8124,805,Spain,Male,43,10,231444.77,2,1,0,188360.61,0
15608125,Cust8125,580,France,Male,36,7,99592.74,1,1,0,193101.41,1
15608126,Cust8126,611,France,Male,48,6,92443.49,1,1,1,181905.81,0
15608127,Cust8127,850,Germany,Male,31,9,200109.93,3,1,0,61355.89,0
15608128,Cust8128,597,Germany,Female,21,0,0.0,1,0,0,106749.02,1
15608129,Cust8129,715,France,Male,45,0,71740.22,1,1,1,55135.91,0
15608130,Cust8130,607,Germany,Female,28,10,25696.66,2,0,1,92352.03,0
15608131,Cust8131,696,Spain,Male,27,9,148830.8,1,0,0,91511.4,0
15608132,Cust8132,567,Spain,Male,51,6,0.0,1,1,0,183750.0,0
15608133,Cust8133,570,Spain,Male,48,0,0.0,2,1,1,142341.14,0
15608134,Cust8134,614,France,Female,35,2,119316.27,1,1,0,151169.63,0
15608135,Cust8135,598,France,Male,18,8,128532.7,1,1,1,150854.92,0
15608136,Cust8136,621,Germany,Male,43,2,26001.94,2,1,0,114317.96,0
15608137,Cust8137,700,France,Female,45,6,51344.2,1,1,1,76255.61,1
15608138,Cust8138,831,Spain,Male,43,8,109840.53,1,0,1,169523.65,0
15608139,Cust8139,593,France,Male,43,4,28580.23,2,1,1,76612.59,0
15608140,Cust8140,555,France,Female,36,5,130596.8,3,1,1,109457.27,0
15608141,Cust8141,651,France,Male,34,10,0.0,1,0,0,39666.94,0
15608142,Cust8142,568,France,Female,27,10,86656.78,1,1,1,122951.82,0
15608143,Cust8143,493,France,Male,31,5,76979.81,4,0,1,99851.04,0
15608144,Cust8144,752,Germany,Female,41,2,135455.23,2,1,0,177046.22,0
15608145,Cust8145,658,Germany,Male,41,0,0.0,3,1,0,68235.76,0
15608146,Cust8146,667,France,Female,46,1,131745.14,1,1,1,68475.82,1
15608147,Cust8147,465,France,Female,24,5,151554.37,3,1,0,34480.98,0
15608148,Cust8148,594,Spain,Female,21,10,97952.55,2,0,0,102107.31,0
15608149,Cust8149,514,France,Female,34,5,110756.74,1,1,0,155842.39,0
15608150,Cust8150,648,Germany,Female,28,10,0.0,2,0,0,133317.96,0
15608151,Cust8151,663,Germany,Male,40,8,49939.74,1,0,1,27791.4,1
15608152,Cust8152,663,Germany,Male,25,0,41865.3,1,1,1,67751.26,0
15608153,Cust8153,586,Spain,Male,50,3,0.0,2,1,0,72435.2,0
15608154,Cust8154,568,Germany,Male,30,6,0.0,1,1,0,124538.6,1
15608155,Cust8155,631,Spain,Male,54,0,118823.45,3,0,1,160012.69,0
15608156,Cust8156,684,Spain,Female,43,0,86552.48,3,1,0,198753.58,0
15608157,Cust8157,594,France,Female,27,3,0.0,2,1,0,59191.39,0
15608158,Cust8158,560,France,Female,59,9,91044.34,1,1,0,47565.96,0
15608159,Cust8159,564,France,Male,41,6,0.0,2,0,1,90927.9,0
15608160,Cust8160,587,France,Female,40,5,0.0,2,0,1,138789.99,0
15608161,Cust8161,607,Germany,Female,37,5,0.0,1,1,1,146753.82,0
15608162,Cust8162,545,France,Female,43,5,82104.69,2,0,0,167863.02,0
15608163,Cust8163,607,France,Female,43,9,171443.59,1,1,0,69998.98,1
15608164,Cust8164,769,France,Male,29,3,85438.5,2,1,0,169947.02,1
15608165,Cust8165,622,Germany,Male,36,2,0.0,2,1,0,137637.98,0
15608166,Cust8166,531,Germany,Female,39,3,11209.79,2,1,1,14632.42,0
15608167,Cust8167,433,Spain,Female,44,6,71195.84,1,0,1,194861.59,0
15608168,Cust8168,826,France,Female,44,2,151629.22,2,0,0,58812.55,0
15608169,Cust8169,759,France,Female,40,10,0.0,1,0,0,25280.0,0
15608170,Cust8170,677,Spain,Female,32,7,0.0,2,0,1,94763.86,1
15608171,Cust8171,762,Germany,Female,32,3,0.0,2,0,0,112047.84,0
15608172,Cust8172,701,Germany,Female,26,2,0.0,2,0,0,99388.84,1
15608173,Cust8173,643,Germany,Female,44,4,82317.04,2,0,0,156136.63,0
15608174,Cust8174,531,France,Male,32,9,0.0,2,0,1,33087.38,0
15608175,Cust8175,833,Spain,Male,36,10,139686.44,2,1,1,164473.11,0
15608176,Cust8176,608,Germany,Male,40,5,108715.19,3,1,1,102664.2,1
15608177,Cust8177,613,Germany,Male,38,1,147158.34,1,1,1,25599.78,0
15608178,Cust8178,654,Germany,Female,38,0,149902.05,2,1,0,195309.27,1
15608179,Cust8179,655,France,Female,29,6,46616.73,2,1,0,179987.78,1
15608180,Cust8180,705,France,Male,41,6,12772.29,2,1,0,71106.9,0
15608181,Cust8181,694,Spain,Male,35,4,146278.38,1,1,0,106443.67,0
15608182,Cust8182,595,Germany,Male,37,9,0.0,1,1,1,57038.23,0
15608183,Cust8183,652,France,Female,50,0,163465.48,1,1,0,106889.67,1
15608184,Cust8184,702,France,Female,43,3,115568.38,3,0,1,58024.66,1
15608185,Cust8185,586,Spain,Male,32,8,171686.13,1,1,0,80975.93,0
15608186,Cust8186,789,France,Male,37,2,134452.75,2,1,0,62635.85,1
15608187,Cust8187,648,France,Female,54,2,117659.79,1,0,0,95693.14,1
15608188,Cust8188,803,Germany,Male,35,8,82021.12,2,1,1,23797.81,0
15608189,Cust8189,516,Spain,Female,38,9,0.0,1,0,0,112066.27,0
15608190,Cust8190,713,Germany,Female,45,2,19853.75,2,1,1,52546.22,0
15608191,Cust8191,565,Spain,Male,40,4,128262.64,2,1,1,42919.0,0
15608192,Cust8192,589,France,Male,34,10,0.0,2,1,1,77061.48,0
15608193,Cust8193,737,Spain,Male,31,1,0.0,1,0,0,148545.46,0
15608194,Cust8194,628,Spain,Male,38,1,0.0,2,1,1,78268.43,0
15608195,Cust8195,850,Germany,Male,45,2,75031.05,2,0,1,153510.97,0
15608196,Cust8196,700,Germany,Male,51,5,0.0,1,1,1,195995.18,0
15608197,Cust8197,583,France,Male,23,9,1000.0,1,1,1,189397.06,0
15608198,Cust8198,700,France,Female,56,4,100999.06,2,0,1,52763.0,0
15608199,Cust8199,627,France,Male,35,4,129662.68,3,1,1,186875.58,0
15608200,Cust8200,730,France,Female,47,9,0.0,2,1,0,174202.96,0
15608201,Cust8201,622,Spain,Male,31,2,68076.31,2,1,1,16341.45,0
15608202,Cust8202,689,France,Male,22,4,0.0,1,1,1,194590.51,0
15608203,Cust8203,669,Germany,Male,25,2,95484.55,1,1,0,191995.44,0
15608204,Cust8204,658,France,Male,35,1,0.0,2,1,1,151226.75,0
15608205,Cust8205,750,France,Male,43,6,134386.39,1,1,1,125054.13,0
15608206,Cust8206,477,France,Female,38,10,48106.3,2,0,0,198127.68,0
15608207,Cust8207,659,France,Female,35,2,52160.53,2,1,1,47923.74,0
15608208,Cust8208,583,Germany,Male,49,0,56370.59,1,1,0,157440.14,0
15608209,Cust8209,521,Spain,Male,38,10,163155.05,1,0,0,181908.12,1
15608210,Cust8210,570,France,Male,41,1,52400.7,1,1,1,105474.96,0
15608211,Cust8211,591,Spain,Female,69,0,96384.36,1,1,0,67344.33,0
15608212,Cust8212,627,Germany,Male,38,8,0.0,1,1,1,95072.34,0
15608213,Cust8213,682,Germany,Male,31,1,0.0,1,0,1,194707.16,0
15608214,Cust8214,702,France,Female,43,10,18687.19,1,0,1,151336.77,0
15608215,Cust8215,611,France,Female,45,4,197361.3,1,1,0,114372.58,0
15608216,Cust8216,802,Spain,Female,41,7,105941.31,2,0,1,31837.1,0
15608217,Cust8217,614,Germany,Male,40,2,0.0,2,1,0,141730.17,0
15608218,Cust8218,463,France,Male,53,2,92503.29,1,1,1,60997.3,0
15608219,Cust8219,617,Spain,Male,52,8,0.0,2,1,1,197884.57,0
15608220,Cust8220,655,France,Female,37,5,27983.54,2,0,0,108718.85,1
15608221,Cust8221,350,Spain,Female,32,10,0.0,2,1,1,127112.39,0
15608222,Cust8222,766,France,Male,42,10,136856.65,4,0,1,199872.43,0
15608223,Cust8223,640,Spain,Female,32,6,0.0,2,1,0,153270.65,0
15608224,Cust8224,539,France,Male,47,8,0.0,2,1,0,102931.06,1
15608225,Cust8225,558,France,Female,42,9,0.0,2,0,0,115146.24,0
15608226,Cust8226,723,Germany,Male,65,6,0.0,2,1,1,182005.38,0
15608227,Cust8227,735,France,Male,53,8,0.0,1,1,1,188045.76,1
15608228,Cust8228,588,Spain,Male,27,0,106662.24,2,1,0,102497.5,0
15608229,Cust8229,520,Germany,Female,33,1,0.0,1,1,1,76689.29,0
15608230,Cust8230,663,France,Male,19,5,0.0,2,1,1,158721.65,0
15608231,Cust8231,680,France,Male,18,0,0.0,2,1,1,41100.58,0
15608232,Cust8232,704,Spain,Female,39,5,181413.23,2,1,0,86141.1,0
15608233,Cust8233,596,Germany,Female,26,6,72113.26,1,1,0,15052.59,1
15608234,Cust8234,638,Spain,Female,54,4,37954.48,2,1,1,169473.44,0
15608235,Cust8235,652,France,Female,50,10,136421.71,2,1,1,20205.24,0
15608236,Cust8236,743,Spain,Female,35,9,92468.72,1,0,0,114228.47,0
15608237,Cust8237,778,Germany,Female,35,9,150054.37,3,0,0,198906.81,0
15608238,Cust8238,804,Germany,Male,53,7,135727.32,1,1,0,72723.8,0
15608239,Cust8239,775,France,Male,55,6,85992.14,2,1,1,162807.91,0
15608240,Cust8240,824,France,Male,29,7,0.0,1,1,0,36497.71,0
15608241,Cust8241,747,Spain,Male,27,1,89240.26,2,0,0,35457.27,0
15608242,Cust8242,593,Spain,Male,35,10,0.0,3,0,1,53784.38,0
15608243,Cust8243,797,France,Male,42,8,0.0,2,1,0,162617.7,0
15608244,Cust8244,518,Spain,Male,33,3,127525.24,1,0,1,129411.46,0
15608245,Cust8245,850,France,Female,43,7,0.0,2,0,0,168153.25,0
15608246,Cust8246,556,France,Female,58,4,12603.18,1,1,0,64987.13,0
15608247,Cust8247,735,France,Female,24,10,79634.67,2,0,0,44028.68,1
15608248,Cust8248,789,France,Female,34,5,71487.08,1,1,0,114439.32,0
15608249,Cust8249,694,France,Male,24,7,76161.71,2,1,1,17581.12,0
15608250,Cust8250,453,France,Male,30,2,155749.09,2,0,0,103108.97,0
15608251,Cust8251,559,France,Male,35,1,0.0,2,1,0,192199.7,0
15608252,Cust8252,684,Germany,Male,31,9,0.0,1,1,0,133600.93,1
15608253,Cust8253,711,Spain,Male,43,6,123280.5,1,1,1,106649.52,0
15608254,Cust8254,633,Germany,Female,40,7,167830.84,1,1,1,48077.99,1
15608255,Cust8255,657,France,Male,41,4,0.0,2,0,0,97835.9,0
15608256,Cust8256,509,Spain,Male,35,6,125756.62,3,1,1,114988.49,0
15608257,Cust8257,820,France,Male,36,4,90146.81,2,1,0,105815.28,0
15608258,Cust8258,614,Spain,Male,34,7,49926.06,2,0,0,114135.4,0
15608259,Cust8259,726,Germany,Female,36,6,45062.04,1,1,1,193676.89,0
15608260,Cust8260,785,France,Female,42,2,0.0,2,1,0,47553.72,0
15608261,Cust8261,539,France,Female,19,9,0.0,1,0,0,86261.55,0
15608262,Cust8262,662,Spain,Female,41,10,73627.28,1,1,0,39067.58,0
15608263,Cust8263,677,Spain,Male,29,8,77111.07,1,0,1,88805.45,0
15608264,Cust8264,625,Germany,Male,35,0,68636.34,1,0,1,29129.13,0
15608265,Cust8265,739,Spain,Female,22,0,0.0,2,1,0,78022.14,1
15608266,Cust8266,586,Spain,Male,34,8,78038.73,1,1,0,84152.99,0
15608267,Cust8267,655,France,Male,41,1,150793.55,1,1,0,148449.11,0
15608268,Cust8268,614,Germany,Male,43,10,111743.46,2,1,0,183737.78,1
15608269,Cust8269,850,France,Female,26,3,0.0,2,1,0,106678.54,0
15608270,Cust8270,586,France,Male,42,1,82828.88,1,1,1,157699.75,0
15608271,Cust8271,722,France,Female,49,7,114945.19,1,1,0,87748.91,1
15608272,Cust8272,822,Spain,Male,33,7,72719.82,2,0,0,64420.75,0
15608273,Cust8273,562,Germany,Male,38,6,139888.65,2,1,1,39357.03,0
15608274,Cust8274,659,France,Male,18,8,0.0,1,1,0,85499.56,0
15608275,Cust8275,555,France,Male,29,5,47941.56,2,1,1,154267.62,0
15608276,Cust8276,457,France,Male,41,3,0.0,1,1,0,124491.78,1
15608277,Cust8277,575,Germany,Female,48,4,117958.13,1,1,1,52245.54,0
15608278,Cust8278,595,Spain,Male,32,6,158542.57,2,0,1,152327.5,0
15608279,Cust8279,601,France,Male,65,8,1000.0,2,0,1,27755.82,0
15608280,Cust8280,621,France,Male,41,4,71236.75,2,0,0,40483.24,0
15608281,Cust8281,651,Germany,Male,25,1,0.0,1,1,0,45300.19,1
15608282,Cust8282,535,France,Female,51,4,0.0,3,0,0,140181.56,1
15608283,Cust8283,684,Germany,Male,25,6,100036.09,1,0,1,64667.9,0
15608284,Cust8284,766,France,Female,41,8,146167.07,3,1,1,177713.8,1
15608285,Cust8285,778,France,Male,29,8,89258.66,2,1,0,28376.39,0
15608286,Cust8286,625,France,Male,24,8,89686.55,2,1,0,188030.94,1
15608287,Cust8287,736,Spain,Female,48,2,0.0,1,0,0,11946.1,0
15608288,Cust8288,585,France,Male,35,0,103595.49,1,1,0,184376.69,0
15608289,Cust8289,617,France,Female,55,2,0.0,1,0,1,35682.59,0
15608290,Cust8290,688,Germany,Male,28,1,139305.04,1,0,0,15421.94,0
15608291,Cust8291,618,Spain,Male,22,7,0.0,1,1,1,61781.19,0
15608292,Cust8292,529,France,Female,33,2,114453.76,1,1,0,74600.47,0
15608293,Cust8293,730,France,Male,67,1,162185.01,2,1,1,149980.54,0
15608294,Cust8294,570,Germany,Female,46,5,166321.54,2,1,1,180767.81,0
15608295,Cust8295,600,France,Female,44,5,73104.05,1,0,1,83910.38,0
15608296,Cust8296,752,Germany,Male,44,7,100614.01,2,1,1,58504.29,0
15608297,Cust8297,702,France,Male,33,10,0.0,1,0,1,63965.22,0
15608298,Cust8298,667,France,Female,65,0,27882.38,2,0,1,176525.69,0
15608299,Cust8299,509,France,Male,43,0,104462.11,2,0,0,21207.61,0
15608300,Cust8300,538,Germany,Female,42,8,93842.33,2,1,0,93106.33,0
15608301,Cust8301,688,France,Male,48,10,0.0,1,1,1,52700.73,0
15608302,Cust8302,710,France,Male,25,3,0.0,1,1,1,78453.02,0
15608303,Cust8303,674,France,Male,29,2,57229.64,1,1,1,60333.53,0
15608304,Cust8304,605,Spain,Female,36,3,29752.24,4,0,1,158594.52,0
15608305,Cust8305,601,France,Female,48,5,1000.0,1,1,0,58678.79,0
15608306,Cust8306,671,Germany,Female,25,0,22153.61,2,0,1,181227.07,0
15608307,Cust8307,530,Germany,Male,37,1,0.0,1,0,1,144527.07,0
15608308,Cust8308,659,France,Male,36,0,100732.97,1,1,0,66317.12,0
15608309,Cust8309,517,Spain,Male,22,7,0.0,1,0,0,23364.73,0
15608310,Cust8310,549,Spain,Male,33,4,72192.99,1,1,1,43532.49,0
15608311,Cust8311,667,France,Male,43,10,126588.44,1,1,1,109420.02,0
15608312,Cust8312,706,France,Female,23,4,113476.85,1,1,0,167097.49,1
15608313,Cust8313,683,France,Male,52,3,0.0,1,1,1,83536.36,0
15608314,Cust8314,543,France,Male,43,3,0.0,1,1,0,86688.36,1
15608315,Cust8315,470,Germany,Female,41,10,0.0,2,1,0,183925.1,0
15608316,Cust8316,649,Spain,Male,38,2,75619.22,1,1,0,91663.05,0
15608317,Cust8317,468,Spain,Female,27,8,177441.49,1,0,1,43164.06,1
15608318,Cust8318,741,France,Male,32,9,41997.77,1,1,0,45522.01,1
15608319,Cust8319,546,France,Male,42,10,87594.66,2,1,1,171669.58,0
15608320,Cust8320,850,France,Female,31,0,30459.93,1,1,0,101701.25,0
15608321,Cust8321,558,Germany,Female,40,7,0.0,2,0,1,159107.86,0
15608322,Cust8322,694,France,Female,29,8,67961.35,1,1,1,119196.39,0
15608323,Cust8323,579,Spain,Male,43,7,0.0,1,1,1,50676.92,0
15608324,Cust8324,634,Spain,Male,43,9,69725.14,1,0,1,58027.06,1
15608325,Cust8325,668,France,Female,22,10,0.0,1,1,1,36879.3,1
15608326,Cust8326,733,Germany,Male,39,9,0.0,1,1,1,30078.05,1
15608327,Cust8327,748,Germany,Female,23,8,159284.53,1,1,0,126526.76,0
15608328,Cust8328,720,Spain,Male,19,2,61245.38,4,0,1,160398.31,0
15608329,Cust8329,750,France,Male,32,9,164671.17,2,1,1,140500.51,0
15608330,Cust8330,591,France,Male,66,7,0.0,2,0,1,181759.93,0
15608331,Cust8331,712,Germany,Female,46,3,51762.71,2,0,1,182331.29,0
15608332,Cust8332,617,France,Male,52,7,59670.68,1,1,0,189784.91,0
15608333,Cust8333,745,Germany,Female,44,1,115676.91,2,1,0,156421.53,0
15608334,Cust8334,661,France,Male,40,9,47113.25,1,1,0,101347.01,0
15608335,Cust8335,710,Germany,Male,47,7,0.0,2,1,0,76741.67,0
15608336,Cust8336,678,Spain,Male,32,7,0.0,2,0,1,25895.18,0
15608337,Cust8337,723,France,Female,43,2,49260.32,2,1,1,187894.48,0
15608338,Cust8338,572,France,Female,50,1,0.0,2,1,1,64950.31,0
15608339,Cust8339,499,Germany,Male,45,4,0.0,1,1,1,40102.95,1
15608340,Cust8340,745,France,Male,50,3,103571.84,3,0,1,27040.17,1
15608341,Cust8341,779,Germany,Female,40,9,106742.85,1,1,1,57234.32,0
15608342,Cust8342,639,Germany,Male,55,10,63308.02,1,1,0,172446.7,1
15608343,Cust8343,728,France,Female,36,6,61799.26,1,0,1,190378.57,0
15608344,Cust8344,494,Spain,Female,59,8,29871.0,2,0,0,58280.54,0
15608345,Cust8345,590,Germany,Male,44,10,68355.95,1,1,0,169585.71,1
15608346,Cust8346,658,Germany,Female,34,8,117308.92,2,1,0,122150.53,1
15608347,Cust8347,483,France,Female,26,3,65387.5,2,0,1,65711.75,0
15608348,Cust8348,503,France,Male,30,2,107862.88,2,0,0,66544.15,0
15608349,Cust8349,665,France,Male,28,3,123108.92,1,1,1,86425.9,1
15608350,Cust8350,592,Spain,Male,37,3,43080.6,1,1,0,38026.78,0
15608351,Cust8351,617,Spain,Female,25,2,0.0,2,1,1,133812.35,0
15608352,Cust8352,611,Spain,Female,51,7,137926.08,1,1,1,17385.08,1
15608353,Cust8353,527,France,Male,39,10,80718.09,1,0,0,179303.3,0
15608354,Cust8354,629,Germany,Male,39,2,0.0,2,0,1,154124.05,0
15608355,Cust8355,649,Spain,Male,26,4,50661.8,2,1,1,75950.81,0
15608356,Cust8356,594,Germany,Male,30,10,0.0,3,0,0,104532.85,0
15608357,Cust8357,602,France,Male,18,10,117244.06,2,1,0,89409.29,0
15608358,Cust8358,630,Spain,Male,54,0,72362.11,1,1,1,190910.76,0
15608359,Cust8359,729,France,Male,24,3,76831.25,2,1,0,103756.4,0
15608360,Cust8360,641,France,Female,25,3,160211.56,3,1,0,190015.18,0
15608361,Cust8361,465,Spain,Female,52,3,0.0,1,0,1,158567.22,0
15608362,Cust8362,535,France,Male,42,10,79372.59,1,1,1,157644.01,0
15608363,Cust8363,739,France,Female,39,8,0.0,1,0,0,145022.09,0
15608364,Cust8364,584,Germany,Male,41,0,88614.96,2,0,0,138848.31,1
15608365,Cust8365,642,Spain,Male,48,6,124093.15,1,0,1,85961.91,0
15608366,Cust8366,835,France,Female,39,6,0.0,1,1,1,30229.3,0
15608367,Cust8367,711,Spain,Male,23,5,51581.37,1,1,1,106177.0,0
15608368,Cust8368,444,France,Male,45,7,96709.74,2,1,1,159004.99,0
15608369,Cust8369,789,France,Male,42,4,122850.18,1,1,0,34277.32,0
15608370,Cust8370,664,France,Female,50,7,161975.76,2,1,1,100422.42,1
15608371,Cust8371,685,Germany,Male,26,5,81289.26,2,1,0,59005.49,1
15608372,Cust8372,679,France,Female,31,10,178473.37,2,1,0,96531.79,0
15608373,Cust8373,738,France,Male,42,9,120537.19,1,1,1,49407.86,0
15608374,Cust8374,642,Germany,Male,29,0,0.0,1,1,0,139017.09,1
15608375,Cust8375,508,Germany,Male,18,1,0.0,1,1,0,133005.54,0
15608376,Cust8376,681,Germany,Female,40,4,1000.0,1,0,0,92166.11,0
15608377,Cust8377,517,Spain,Male,47,0,0.0,1,1,0,58551.25,1
15608378,Cust8378,824,France,Female,37,0,0.0,1,0,0,63709.22,0
15608379,Cust8379,615,France,Female,43,0,77930.64,1,1,0,48306.34,0
15608380,Cust8380,645,France,Male,42,9,24726.89,2,1,0,193667.04,0
15608381,Cust8381,585,Germany,Male,38,5,60177.82,1,1,1,54469.42,0
15608382,Cust8382,683,France,Male,39,8,99968.27,3,1,1,91478.58,1
15608383,Cust8383,694,France,Female,51,8,0.0,1,1,0,105853.99,0
15608384,Cust8384,585,France,Female,28,1,115010.5,1,0,1,137809.63,0
15608385,Cust8385,693,France,Male,46,7,83000.46,2,1,1,152988.94,1
15608386,Cust8386,657,Spain,Female,26,6,71225.13,2,1,1,83837.84,0
15608387,Cust8387,641,Germany,Male,30,10,95037.18,1,1,0,108747.61,0
15608388,Cust8388,578,France,Female,50,9,46916.32,2,1,1,181141.46,0
15608389,Cust8389,850,Germany,Female,26,6,0.0,2,0,0,32717.29,1
15608390,Cust8390,764,Germany,Male,36,7,0.0,1,1,0,94517.84,0
15608391,Cust8391,720,France,Male,62,5,89472.9,2,1,1,46788.99,0
15608392,Cust8392,758,France,Male,48,6,112081.41,1,0,0,19714.44,1
15608393,Cust8393,679,Germany,Female,31,6,81329.07,1,1,1,40288.6,0
15608394,Cust8394,616,France,Male,32,9,0.0,1,1,0,58060.21,0
15608395,Cust8395,396,Germany,Female,36,9,128811.87,1,1,1,117529.05,0
15608396,Cust8396,533,Germany,Male,51,2,65223.43,2,0,1,155925.84,0
15608397,Cust8397,850,Spain,Male,28,0,173415.37,1,1,1,188800.01,0
15608398,Cust8398,761,Spain,Female,27,2,40882.2,1,1,1,192090.18,0
15608399,Cust8399,669,Spain,Male,45,5,0.0,1,1,0,177092.18,1
15608400,Cust8400,499,Germany,Female,21,2,117056.53,2,1,0,108341.35,1
15608401,Cust8401,711,France,Male,29,4,118800.92,2,1,1,91121.52,0
15608402,Cust8402,623,Germany,Male,37,4,143248.45,2,1,1,96077.15,0
15608403,Cust8403,717,Spain,Male,38,10,98704.44,3,1,1,193436.55,0
15608404,Cust8404,543,Spain,Male,24,4,106927.6,3,1,1,122395.1,0
15608405,Cust8405,603,Spain,Female,42,2,101790.66,1,1,0,151854.92,1
15608406,Cust8406,735,France,Male,44,4,136899.52,1,0,1,23278.5,0
15608407,Cust8407,835,Germany,Male,31,0,144975.36,2,1,0,195058.01,0
15608408,Cust8408,587,Spain,Male,55,0,98654.43,1,1,1,109397.88,0
15608409,Cust8409,554,Germany,Female,41,6,82844.73,1,1,0,124903.46,1
15608410,Cust8410,748,Germany,Female,28,2,0.0,2,0,1,163685.34,0
15608411,Cust8411,529,Germany,Female,54,6,0.0,1,1,1,26968.96,0
15608412,Cust8412,536,Germany,Female,33,0,0.0,1,1,1,13385.38,0
15608413,Cust8413,676,France,Male,40,3,18814.91,2,1,0,191564.67,0
15608414,Cust8414,850,France,Male,33,6,92979.59,2,1,1,51317.83,0
15608415,Cust8415,569,Spain,Male,44,5,101134.3,2,0,0,30992.34,0
15608416,Cust8416,615,Spain,Male,33,6,0.0,2,1,0,187849.24,0
15608417,Cust8417,661,Spain,Female,34,6,97600.62,1,1,1,81935.15,0
15608418,Cust8418,605,France,Female,36,3,0.0,2,1,0,172474.67,0
15608419,Cust8419,480,France,Male,33,3,144475.1,1,1,1,187005.04,0
15608420,Cust8420,727,France,Female,49,4,4914.04,3,1,1,48132.99,1
15608421,Cust8421,668,Spain,Male,25,4,29180.22,1,1,1,24082.14,0
15608422,Cust8422,685,Germany,Female,38,8,86373.35,1,0,0,18421.14,0
15608423,Cust8423,636,Spain,Male,39,1,83910.16,3,0,0,63230.13,0
15608424,Cust8424,795,France,Female,37,6,0.0,2,1,0,44692.88,0
15608425,Cust8425,602,Germany,Male,48,8,0.0,1,1,1,181389.98,0
15608426,Cust8426,547,Spain,Female,23,3,139845.04,1,1,1,186533.14,0
15608427,Cust8427,810,France,Female,44,4,87951.01,1,1,0,94533.87,0
15608428,Cust8428,439,Spain,Male,26,7,34988.91,2,1,0,77668.92,0
15608429,Cust8429,635,Germany,Male,33,7,113305.69,2,0,1,88099.63,0
15608430,Cust8430,643,France,Female,25,6,61114.08,1,1,0,168579.02,0
15608431,Cust8431,639,France,Female,35,4,53476.37,2,1,0,38359.32,0
15608432,Cust8432,501,Spain,Male,32,0,92225.22,1,1,0,39504.08,0
15608433,Cust8433,536,Germany,Female,54,1,0.0,3,1,1,63924.9,0
15608434,Cust8434,742,Spain,Female,40,5,1000.0,2,1,0,121155.53,1
15608435,Cust8435,783,Spain,Female,42,7,21790.53,3,0,1,145627.45,0
15608436,Cust8436,610,France,Male,27,2,54518.53,1,1,1,198204.03,0
15608437,Cust8437,561,Spain,Female,45,4,170163.65,3,1,0,18718.26,0
15608438,Cust8438,479,Spain,Male,54,2,0.0,2,1,1,78449.58,0
15608439,Cust8439,740,France,Male,47,2,141456.81,2,0,0,69194.04,0
15608440,Cust8440,746,Spain,Female,25,9,133674.71,3,0,1,18970.08,0
15608441,Cust8441,380,France,Male,33,10,144975.5,2,1,1,160665.06,0
15608442,Cust8442,417,France,Male,39,10,53520.65,4,1,1,91495.83,0
15608443,Cust8443,663,France,Female,32,9,98715.16,2,1,0,127075.98,0
15608444,Cust8444,676,Spain,Female,63,4,0.0,3,1,1,96476.09,0
15608445,Cust8445,604,France,Male,33,7,0.0,1,1,0,80196.83,0
15608446,Cust8446,647,France,Male,38,3,0.0,1,1,1,37002.15,1
15608447,Cust8447,626,Germany,Male,32,6,180788.08,2,1,1,179391.7,0
15608448,Cust8448,653,France,Male,40,2,0.0,2,1,1,33568.09,0
15608449,Cust8449,564,Spain,Male,52,6,0.0,1,1,0,120337.53,0
15608450,Cust8450,649,Spain,Male,39,4,131015.59,1,1,0,195491.37,0
15608451,Cust8451,585,France,Female,36,3,145263.37,1,1,1,65163.27,0
15608452,Cust8452,577,France,Female,27,0,0.0,3,1,0,101219.46,0
15608453,Cust8453,471,Spain,Female,50,2,0.0,2,0,0,151927.04,0
15608454,Cust8454,633,France,Female,37,4,0.0,1,1,0,59522.33,0
15608455,Cust8455,727,France,Female,36,6,109378.81,1,0,1,53549.05,0
15608456,Cust8456,619,Spain,Female,18,9,144854.48,4,1,1,31922.2,0
15608457,Cust8457,616,Spain,Male,37,8,101639.19,1,1,0,15286.09,0
15608458,Cust8458,771,Germany,Female,34,5,0.0,2,1,1,64426.82,0
15608459,Cust8459,748,Germany,Male,20,5,0.0,3,1,1,139363.0,0
15608460,Cust8460,817,Spain,Male,48,5,103509.77,3,1,1,25201.62,1
15608461,Cust8461,850,Germany,Male,33,9,122060.92,1,1,1,156115.1,0
15608462,Cust8462,656,Germany,Male,57,9,79682.31,2,0,1,91762.51,1
15608463,Cust8463,539,Spain,Male,52,4,32753.69,4,0,1,115701.4,0
15608464,Cust8464,600,Germany,Female,31,6,128626.23,1,1,0,70002.82,0
15608465,Cust8465,705,Germany,Male,52,4,93500.56,2,1,0,135597.45,0
15608466,Cust8466,788,France,Male,54,6,5081.43,2,1,1,153894.97,0
15608467,Cust8467,549,Germany,Male,32,4,26590.3,1,0,0,27086.98,0
15608468,Cust8468,675,Germany,Female,28,9,111569.44,1,0,1,178776.57,0
15608469,Cust8469,574,France,Male,18,7,128274.67,1,1,0,122177.29,0
15608470,Cust8470,636,France,Male,42,1,148994.75,1,0,0,133756.14,0
15608471,Cust8471,634,Spain,Female,28,0,75614.73,1,1,0,110547.24,0
15608472,Cust8472,687,France,Female,42,10,0.0,1,1,0,28642.28,0
15608473,Cust8473,845,France,Male,32,3,0.0,2,1,1,95249.58,0
15608474,Cust8474,696,France,Female,30,1,60392.4,3,1,1,44386.35,0
15608475,Cust8475,609,France,Male,32,8,61868.58,3,0,0,107555.08,0
15608476,Cust8476,593,Spain,Female,25,5,107551.82,2,1,1,181352.22,1
15608477,Cust8477,632,France,Female,32,6,0.0,2,1,1,100058.62,0
15608478,Cust8478,566,France,Female,31,7,0.0,1,0,1,50526.56,1
15608479,Cust8479,663,Spain,Male,38,3,0.0,1,1,0,106494.96,0
15608480,Cust8480,419,France,Female,39,6,0.0,2,1,1,74829.9,0
15608481,Cust8481,630,France,Male,27,7,82769.78,3,1,0,186529.63,0
15608482,Cust8482,637,Spain,Male,49,6,102449.13,1,1,1,91540.34,1
15608483,Cust8483,539,Germany,Female,36,9,155874.77,2,1,1,161622.97,0
15608484,Cust8484,613,Spain,Female,53,4,129866.0,4,1,1,102059.45,0
15608485,Cust8485,758,Spain,Male,40,5,106460.31,2,0,1,55620.45,0
15608486,Cust8486,764,Spain,Female,39,8,128089.8,2,0,0,136354.71,0
15608487,Cust8487,599,France,Male,33,8,157023.65,3,1,0,14566.72,0
15608488,Cust8488,700,Spain,Female,44,10,0.0,2,0,1,165311.48,1
15608489,Cust8489,506,Germany,Male,38,2,0.0,1,1,0,179594.54,0
15608490,Cust8490,622,France,Male,47,10,0.0,3,1,1,114504.85,0
15608491,Cust8491,672,Spain,Female,54,5,99789.0,2,1,0,57788.18,1
15608492,Cust8492,797,France,Male,31,2,77593.67,1,1,1,43946.91,0
15608493,Cust8493,765,Spain,Female,44,3,160098.57,4,0,0,147359.53,0
15608494,Cust8494,670,Germany,Male,44,3,0.0,1,0,0,51524.93,0
15608495,Cust8495,562,Germany,Female,43,10,191551.43,3,1,0,107581.9,1
15608496,Cust8496,780,France,Male,34,1,0.0,2,1,0,174093.93,0
15608497,Cust8497,617,Spain,Female,34,2,0.0,1,1,1,155408.72,0
15608498,Cust8498,693,Germany,Female,32,7,97485.19,2,1,0,13775.78,0
15608499,Cust8499,638,France,Female,32,10,159216.68,1,1,1,143965.02,0
15608500,Cust8500,841,France,Male,30,0,98736.89,3,0,0,13257.56,0
15608501,Cust8501,591,Spain,Female,37,4,0.0,2,1,1,72253.68,0
15608502,Cust8502,738,France,Female,30,4,0.0,2,1,1,81748.34,0
15608503,Cust8503,642,Germany,Male,42,5,0.0,4,1,1,100200.58,0
15608504,Cust8504,705,Germany,Female,39,8,114846.56,1,1,0,134760.45,0
15608505,Cust8505,806,France,Female,40,5,0.0,2,1,0,198307.2,1
15608506,Cust8506,458,Germany,Female,35,1,0.0,2,1,0,44460.87,0
15608507,Cust8507,644,France,Male,39,2,106735.81,1,1,1,137861.7,0
15608508,Cust8508,564,Spain,Male,36,8,33349.51,1,1,1,45309.84,0
15608509,Cust8509,693,Spain,Female,46,2,0.0,2,1,0,73825.72,0
15608510,Cust8510,716,France,Female,34,5,0.0,1,1,0,164870.22,1
15608511,Cust8511,605,Germany,Male,42,4,132236.44,1,1,1,24547.06,0
15608512,Cust8512,600,Germany,Female,25,4,0.0,2,1,1,14761.63,1
15608513,Cust8513,670,Spain,Male,45,8,0.0,1,1,0,79105.77,0
15608514,Cust8514,528,France,Male,32,2,0.0,1,1,1,94103.17,0
15608515,Cust8515,682,Germany,Female,29,7,0.0,1,0,1,88833.61,0
15608516,Cust8516,571,Spain,Female,27,8,0.0,1,1,0,121881.2,0
15608517,Cust8517,720,France,Female,26,10,0.0,2,0,0,149881.01,0
15608518,Cust8518,523,Germany,Female,33,4,0.0,1,1,0,132482.21,1
15608519,Cust8519,596,France,Male,53,0,0.0,3,1,0,150533.37,0
15608520,Cust8520,578,Germany,Male,32,7,94894.15,1,1,1,109273.86,0
15608521,Cust8521,621,France,Male,18,8,60296.45,1,1,1,94502.31,1
15608522,Cust8522,782,Spain,Female,42,0,0.0,2,0,0,35741.83,0
15608523,Cust8523,731,France,Male,27,2,0.0,1,1,0,197286.62,0
15608524,Cust8524,604,France,Male,46,3,132042.79,2,1,1,135118.29,0
15608525,Cust8525,604,Spain,Male,34,5,0.0,1,0,1,54507.75,0
15608526,Cust8526,735,Spain,Male,35,5,98731.52,3,1,1,140911.49,0
15608527,Cust8527,538,Germany,Male,50,2,0.0,1,0,0,112615.1,1
15608528,Cust8528,652,Germany,Female,44,2,55642.62,1,0,1,87342.46,1
15608529,Cust8529,592,France,Male,26,10,0.0,2,1,0,127252.67,0
15608530,Cust8530,634,Germany,Female,27,7,135312.99,1,1,1,53094.9,0
15608531,Cust8531,728,France,Female,20,5,0.0,3,1,1,194641.97,0
15608532,Cust8532,586,France,Male,64,3,0.0,3,1,0,93743.92,0
15608533,Cust8533,744,Spain,Female,29,5,0.0,2,0,0,119052.43,1
15608534,Cust8534,850,Germany,Male,50,10,81355.39,1,0,1,30442.36,0
15608535,Cust8535,708,France,Male,33,3,0.0,2,1,0,177230.88,0
15608536,Cust8536,642,France,Male,27,3,0.0,1,1,0,139596.32,0
15608537,Cust8537,761,Spain,Female,38,4,0.0,1,1,0,29785.93,1
15608538,Cust8538,544,France,Female,35,2,172288.6,1,0,1,91827.92,0
15608539,Cust8539,796,France,Male,46,1,0.0,1,0,1,60280.48,0
15608540,Cust8540,578,France,Female,46,9,39722.82,1,0,0,102482.51,0
15608541,Cust8541,850,France,Female,32,7,89776.89,2,0,1,89696.15,0
15608542,Cust8542,581,France,Female,24,3,0.0,2,0,0,157799.52,1
15608543,Cust8543,714,Spain,Male,26,6,163272.75,1,1,0,118309.63,1
15608544,Cust8544,500,France,Female,18,5,0.0,1,1,0,94393.2,0
15608545,Cust8545,630,Germany,Female,35,1,0.0,2,1,0,43907.64,1
15608546,Cust8546,546,Germany,Male,38,8,0.0,2,0,0,189684.12,0
15608547,Cust8547,512,Germany,Female,27,1,12974.93,1,0,1,68316.4,1
15608548,Cust8548,766,Germany,Male,25,6,0.0,2,1,0,22734.92,0
15608549,Cust8549,532,Germany,Female,38,3,112393.06,2,1,1,67053.65,1
15608550,Cust8550,579,Germany,Female,32,4,67017.16,1,1,1,45691.54,0
15608551,Cust8551,568,Germany,Male,36,5,110859.53,2,1,0,80382.62,1
15608552,Cust8552,759,Spain,Male,34,4,28030.64,3,1,0,165456.21,0
15608553,Cust8553,748,Germany,Female,40,2,0.0,3,0,1,82481.74,1
15608554,Cust8554,772,Spain,Female,32,0,80944.4,1,0,1,97666.42,0
15608555,Cust8555,574,France,Female,33,1,0.0,1,0,1,161294.77,0
15608556,Cust8556,780,Germany,Female,19,7,86463.68,2,1,0,107131.58,1
15608557,Cust8557,574,Germany,Male,37,1,85812.03,1,0,1,148010.57,1
15608558,Cust8558,578,France,Male,39,5,81884.35,1,1,0,102207.84,0
15608559,Cust8559,583,Spain,Female,36,3,0.0,1,1,1,76166.89,0
15608560,Cust8560,586,France,Male,57,7,152749.85,2,0,1,106092.81,0
15608561,Cust8561,641,France,Female,40,6,45398.93,1,1,0,195934.74,0
15608562,Cust8562,569,Spain,Male,36,2,0.0,1,1,1,31379.78,0
15608563,Cust8563,672,France,Male,43,7,92093.65,2,1,0,178433.88,0
15608564,Cust8564,399,France,Female,59,7,101200.98,1,1,1,129255.89,0
15608565,Cust8565,672,France,Female,41,3,0.0,1,0,0,193966.06,0
15608566,Cust8566,545,Spain,Female,18,9,112005.08,3,1,1,58205.77,0
15608567,Cust8567,586,France,Male,42,4,68230.78,2,1,1,83109.57,0
15608568,Cust8568,588,Germany,Female,29,0,123605.07,1,0,1,31716.28,0
15608569,Cust8569,741,Spain,Male,19,6,140408.8,1,1,0,20911.87,1
15608570,Cust8570,698,Germany,Female,55,4,101899.29,2,1,0,98799.35,0
15608571,Cust8571,634,Spain,Female,53,3,74017.78,2,1,0,27934.94,1
15608572,Cust8572,581,Spain,Male,29,4,171871.51,2,1,1,124887.29,0
15608573,Cust8573,725,France,Female,29,10,118338.97,1,1,1,117565.83,0
15608574,Cust8574,822,Spain,Female,40,4,0.0,2,1,0,189666.28,0
15608575,Cust8575,647,Germany,Male,29,7,0.0,1,1,1,183263.15,0
15608576,Cust8576,497,France,Female,37,9,116765.95,3,1,1,66746.97,0
15608577,Cust8577,583,France,Male,31,6,84782.44,1,1,0,185681.76,0
15608578,Cust8578,704,Germany,Female,34,9,0.0,1,0,1,21310.61,0
15608579,Cust8579,607,France,Male,24,5,103491.23,2,1,0,149519.37,0
15608580,Cust8580,568,Germany,Male,46,2,43349.83,2,0,1,120702.51,0
15608581,Cust8581,563,France,Female,50,5,0.0,2,0,1,78099.66,0
15608582,Cust8582,659,Germany,Male,37,1,111828.09,1,1,0,166270.58,1
15608583,Cust8583,503,France,Female,38,3,61461.01,3,0,1,77795.48,0
15608584,Cust8584,647,Spain,Male,44,2,0.0,2,1,1,111241.51,0
15608585,Cust8585,658,France,Male,38,0,65384.26,2,1,1,140525.09,0
15608586,Cust8586,607,France,Male,55,1,0.0,2,0,0,61608.23,1
15608587,Cust8587,550,France,Male,25,9,0.0,1,0,0,33008.31,0
15608588,Cust8588,748,France,Male,47,9,0.0,2,1,0,142336.42,1
15608589,Cust8589,522,Germany,Male,37,9,0.0,1,0,1,46099.26,0
15608590,Cust8590,667,Germany,Male,27,0,0.0,1,1,0,51111.93,0
15608591,Cust8591,720,France,Male,60,10,132278.64,1,1,1,48798.91,1
15608592,Cust8592,665,Spain,Male,62,3,73922.45,1,1,0,152255.86,0
15608593,Cust8593,768,France,Male,36,4,0.0,1,0,1,70458.93,0
15608594,Cust8594,541,France,Male,42,1,0.0,1,1,1,150971.34,0
15608595,Cust8595,574,Spain,Male,33,10,0.0,2,1,1,118251.92,0
15608596,Cust8596,606,Germany,Male,35,10,123995.24,1,1,1,106843.06,0
15608597,Cust8597,850,Germany,Male,27,7,116196.27,2,1,0,181876.95,0
15608598,Cust8598,699,France,Male,25,0,142914.98,1,1,1,120240.16,0
15608599,Cust8599,717,France,Male,56,4,0.0,1,1,1,55724.06,0
15608600,Cust8600,713,Germany,Female,38,3,129668.75,1,1,1,196900.01,0
15608601,Cust8601,658,France,Male,39,10,68007.46,2,1,0,69635.6,0
15608602,Cust8602,751,France,Male,30,7,150171.99,2,1,1,100558.84,0
15608603,Cust8603,470,Spain,Female,40,10,51983.74,3,1,1,82180.52,0
15608604,Cust8604,677,Germany,Male,23,9,78735.58,2,1,0,150707.35,0
15608605,Cust8605,691,France,Male,30,5,71038.8,3,0,0,98760.31,1
15608606,Cust8606,748,France,Female,26,3,116957.86,1,1,1,77161.65,0
15608607,Cust8607,539,Germany,Female,51,8,134253.93,2,1,0,133342.11,0
15608608,Cust8608,546,France,Female,21,7,0.0,2,1,1,104040.48,0
15608609,Cust8609,552,France,Female,26,8,75930.42,2,1,1,14316.57,0
15608610,Cust8610,700,France,Female,18,10,165600.41,2,0,0,132889.38,0
15608611,Cust8611,702,Germany,Female,29,6,152372.17,2,1,1,41068.1,0
15608612,Cust8612,559,Germany,Male,33,7,111872.08,1,1,1,192543.32,0
15608613,Cust8613,834,France,Female,48,4,72426.04,2,1,1,151676.1,0
15608614,Cust8614,677,France,Female,36,5,0.0,1,0,1,81610.42,0
15608615,Cust8615,662,Germany,Male,34,1,131352.55,1,0,0,22377.35,1
15608616,Cust8616,630,Germany,Male,41,2,85862.51,2,1,1,72931.76,0
15608617,Cust8617,739,Germany,Female,34,10,142906.62,1,1,0,134118.96,1
15608618,Cust8618,687,France,Male,62,1,0.0,2,0,0,180844.36,0
15608619,Cust8619,831,Germany,Female,32,0,0.0,1,0,1,152308.91,0
15608620,Cust8620,533,Spain,Male,42,8,0.0,2,0,1,156559.94,0
15608621,Cust8621,502,Germany,Female,46,1,98617.41,1,1,0,35634.56,0
15608622,Cust8622,579,France,Male,32,5,165024.04,1,1,0,54349.27,0
15608623,Cust8623,703,Germany,Female,40,4,83364.64,1,0,0,160393.73,1
15608624,Cust8624,609,France,Male,33,4,129188.43,2,1,1,82133.42,0
15608625,Cust8625,772,France,Male,41,4,103097.49,1,1,0,173236.14,0
15608626,Cust8626,612,France,Male,39,0,0.0,1,0,0,18635.9,0
15608627,Cust8627,754,Spain,Male,37,2,70076.31,1,0,1,127613.6,1
15608628,Cust8628,570,France,Male,26,7,0.0,1,0,0,107185.08,1
15608629,Cust8629,764,Spain,Female,57,0,15281.86,3,1,1,163113.59,0
15608630,Cust8630,781,Germany,Male,44,2,0.0,2,1,1,43041.32,1
15608631,Cust8631,596,Germany,Female,22,9,0.0,2,0,1,48437.7,0
15608632,Cust8632,697,France,Female,34,7,90178.2,1,1,0,104118.16,0
15608633,Cust8633,676,Germany,Male,22,5,140786.98,2,1,1,125201.19,1
15608634,Cust8634,700,France,Female,46,6,168358.91,2,1,0,41707.25,0
15608635,Cust8635,773,France,Female,38,10,0.0,1,1,1,182292.55,0
15608636,Cust8636,743,France,Female,38,0,0.0,3,1,0,170343.73,0
15608637,Cust8637,699,France,Female,30,9,0.0,1,1,0,34744.31,0
15608638,Cust8638,714,Germany,Female,35,5,102620.82,1,0,1,171562.88,0
15608639,Cust8639,528,France,Female,46,5,71258.36,2,0,1,183837.99,0
15608640,Cust8640,646,France,Male,49,2,80581.81,2,1,1,57210.8,0
15608641,Cust8641,544,Spain,Male,46,4,0.0,2,0,0,174410.8,0
15608642,Cust8642,648,France,Female,22,5,0.0,3,1,1,117422.07,0
15608643,Cust8643,757,France,Male,36,2,87604.41,2,1,0,162652.83,0
15608644,Cust8644,649,France,Female,41,3,188298.86,4,1,1,124878.89,0
15608645,Cust8645,409,France,Male,31,10,94657.61,2,1,1,67334.25,0
15608646,Cust8646,550,Germany,Male,21,8,35109.0,2,0,1,141836.01,0
15608647,Cust8647,706,France,Female,25,6,65262.0,2,1,0,143234.33,0
15608648,Cust8648,598,France,Male,53,3,126081.46,1,1,1,147299.98,0
15608649,Cust8649,725,Germany,Male,26,9,128066.21,1,1,0,154659.5,1
15608650,Cust8650,534,France,Female,38,9,97545.31,2,1,1,133157.56,0
15608651,Cust8651,687,Spain,Female,36,10,0.0,1,0,0,93039.86,0
15608652,Cust8652,691,Spain,Female,36,7,106255.7,2,1,1,73841.13,0
15608653,Cust8653,726,France,Male,35,2,0.0,1,0,0,182914.87,0
15608654,Cust8654,587,France,Female,46,4,96136.11,1,1,0,164853.56,0
15608655,Cust8655,725,France,Female,38,10,0.0,1,0,1,168852.94,1
15608656,Cust8656,795,France,Female,32,1,0.0,1,0,0,28252.57,0
15608657,Cust8657,432,France,Male,39,8,0.0,1,1,1,87825.04,0
15608658,Cust8658,655,Germany,Male,25,5,0.0,1,1,1,77957.29,0
15608659,Cust8659,477,France,Male,43,5,42404.2,2,0,1,176531.09,1
15608660,Cust8660,567,France,Female,31,1,0.0,1,0,0,73624.75,1
15608661,Cust8661,575,France,Male,32,10,94785.96,1,1,0,188730.52,0
15608662,Cust8662,644,Spain,Male,43,2,127638.81,1,0,0,164034.3,1
15608663,Cust8663,686,Spain,Female,34,6,0.0,1,1,1,175176.61,0
15608664,Cust8664,737,France,Male,34,6,131095.57,3,1,0,31115.06,0
15608665,Cust8665,675,Germany,Male,50,4,126946.49,2,0,0,195441.29,0
15608666,Cust8666,715,France,Male,28,1,0.0,1,0,0,80899.23,0
15608667,Cust8667,546,Germany,Female,43,1,122653.12,1,1,1,26168.28,0
15608668,Cust8668,751,Germany,Female,47,7,95067.68,1,1,1,128846.97,0
15608669,Cust8669,350,Spain,Female,50,8,0.0,2,1,1,174407.21,0
15608670,Cust8670,797,France,Female,60,2,40490.03,1,1,1,148595.4,0
15608671,Cust8671,779,France,Female,32,8,0.0,2,1,0,144299.04,0
15608672,Cust8672,722,Spain,Male,29,7,0.0,1,1,0,188881.09,1
15608673,Cust8673,850,France,Female,46,2,51729.38,2,0,1,193810.33,0
15608674,Cust8674,477,France,Female,47,4,0.0,1,0,0,166715.67,0
15608675,Cust8675,725,Germany,Male,30,4,100362.06,1,1,0,159184.31,1
15608676,Cust8676,663,Spain,Female,43,6,92013.36,1,0,1,77240.24,0
15608677,Cust8677,673,Germany,Male,65,0,72930.81,2,1,0,98447.24,0
15608678,Cust8678,538,Spain,Female,39,10,0.0,2,1,1,111154.66,0
15608679,Cust8679,688,Germany,Female,47,6,0.0,2,0,1,101543.03,0
15608680,Cust8680,683,France,Female,54,7,86023.14,1,1,0,163527.53,0
15608681,Cust8681,584,Germany,Female,63,6,90458.83,2,1,0,198716.57,0
15608682,Cust8682,643,Spain,Male,40,4,85510.15,1,1,0,49877.49,0
15608683,Cust8683,524,Spain,Male,51,9,0.0,2,1,0,160071.51,0
15608684,Cust8684,612,France,Female,30,3,0.0,2,1,1,126488.94,0
15608685,Cust8685,742,France,Male,38,0,0.0,1,0,1,148333.55,0
15608686,Cust8686,744,Spain,Male,34,6,0.0,2,1,0,105611.8,0
15608687,Cust8687,724,France,Female,19,1,0.0,3,1,0,142561.85,1
15608688,Cust8688,742,France,Male,22,9,0.0,3,1,0,129191.77,0
15608689,Cust8689,743,Spain,Male,42,0,112228.63,1,1,0,134934.42,0
15608690,Cust8690,588,Germany,Male,42,2,130329.97,2,1,0,190732.29,1
15608691,Cust8691,683,France,Male,28,10,0.0,1,1,0,19655.17,0
15608692,Cust8692,754,France,Female,54,2,106558.29,1,1,1,66948.05,0
15608693,Cust8693,518,France,Male,27,5,111863.17,2,1,0,132794.62,1
15608694,Cust8694,517,Spain,Male,41,9,16030.94,1,1,0,83244.41,0
15608695,Cust8695,512,France,Female,34,2,0.0,1,1,0,96036.46,1
15608696,Cust8696,479,France,Male,39,3,103168.74,3,0,0,91664.33,0
15608697,Cust8697,549,France,Female,47,0,66040.7,1,0,0,158080.45,0
15608698,Cust8698,600,France,Male,46,8,139021.7,2,1,1,21766.62,0
15608699,Cust8699,795,France,Male,45,1,175364.23,2,0,1,96035.03,0
15608700,Cust8700,608,France,Female,44,10,113148.7,1,1,0,137050.74,1
15608701,Cust8701,504,Germany,Female,25,7,45061.09,3,0,0,88369.47,0
15608702,Cust8702,666,France,Female,49,3,88134.3,4,1,1,23279.2,0
15608703,Cust8703,632,France,Male,27,5,57131.08,1,1,0,190510.12,0
15608704,Cust8704,575,France,Male,37,5,188687.89,1,1,0,82632.6,0
15608705,Cust8705,593,France,Male,34,8,0.0,1,1,0,188720.38,1
15608706,Cust8706,752,France,Male,42,4,0.0,3,1,1,185145.17,0
15608707,Cust8707,515,France,Male,33,2,0.0,1,0,0,36815.91,0
15608708,Cust8708,490,France,Female,36,1,0.0,1,1,1,131585.18,1
15608709,Cust8709,695,France,Female,54,4,65549.41,2,1,1,65214.7,0
15608710,Cust8710,591,Germany,Male,25,5,0.0,2,1,0,49928.22,0
15608711,Cust8711,799,France,Male,38,6,151749.59,2,1,1,117126.3,0
15608712,Cust8712,635,Spain,Male,27,9,54938.02,1,1,1,112378.94,1
15608713,Cust8713,640,Germany,Male,45,2,0.0,2,1,0,178215.28,0
15608714,Cust8714,726,France,Female,31,2,0.0,2,1,1,138964.65,0
15608715,Cust8715,489,France,Female,38,3,0.0,2,0,1,149609.2,0
15608716,Cust8716,682,France,Male,25,1,0.0,2,1,0,160482.32,0
15608717,Cust8717,615,France,Male,51,1,110921.66,1,1,1,23778.52,0
15608718,Cust8718,749,Germany,Male,39,8,0.0,1,1,1,79538.53,0
15608719,Cust8719,588,France,Male,39,7,0.0,1,1,0,126542.78,1
15608720,Cust8720,667,Spain,Female,46,9,0.0,1,0,0,157651.65,0
15608721,Cust8721,616,France,Female,25,6,0.0,1,0,0,163297.65,0
15608722,Cust8722,690,Germany,Female,32,8,82061.85,1,0,0,175701.89,1
15608723,Cust8723,626,Spain,Female,40,4,84221.81,1,1,0,138561.43,0
15608724,Cust8724,675,Germany,Male,20,9,0.0,2,1,0,37659.53,0
15608725,Cust8725,818,Spain,Female,21,6,0.0,2,1,1,63450.27,0
15608726,Cust8726,623,Spain,Female,30,0,0.0,2,1,0,125702.3,0
15608727,Cust8727,689,France,Male,27,1,100951.34,1,1,1,130317.48,0
15608728,Cust8728,850,France,Male,35,5,0.0,1,1,1,12081.86,0
15608729,Cust8729,687,France,Female,43,8,36915.27,1,1,1,104730.93,0
15608730,Cust8730,416,France,Female,45,1,110977.85,2,0,1,195892.62,0
15608731,Cust8731,586,Germany,Male,56,8,0.0,2,0,0,22171.23,0
15608732,Cust8732,534,France,Female,38,9,0.0,1,1,0,80661.27,0
15608733,Cust8733,739,France,Female,40,2,114307.3,1,1,1,121963.0,1
15608734,Cust8734,641,Spain,Female,38,6,111039.87,1,1,1,188095.84,0
15608735,Cust8735,752,France,Male,41,9,0.0,1,1,1,25111.79,0
15608736,Cust8736,709,Germany,Male,42,3,173600.26,1,0,0,169051.64,0
15608737,Cust8737,708,France,Female,47,4,0.0,2,1,1,69279.74,0
15608738,Cust8738,533,Spain,Male,47,4,0.0,1,1,0,67474.28,0
15608739,Cust8739,698,Germany,Male,43,5,102542.6,3,1,1,62408.81,0
15608740,Cust8740,781,France,Female,53,3,121289.8,1,0,1,178459.02,0
15608741,Cust8741,511,Germany,Male,38,5,0.0,1,1,0,42318.5,0
15608742,Cust8742,620,France,Male,32,2,0.0,3,0,1,24747.46,0
15608743,Cust8743,684,Germany,Female,34,8,166272.21,1,1,0,161462.7,0
15608744,Cust8744,659,Germany,Male,37,7,84300.15,2,0,1,175948.73,0
15608745,Cust8745,788,France,Female,27,1,113325.19,1,1,0,59581.23,0
15608746,Cust8746,720,Germany,Male,32,9,0.0,1,1,0,194932.99,1
15608747,Cust8747,689,Spain,Male,27,2,172445.97,2,0,0,187269.57,0
15608748,Cust8748,728,Spain,Male,41,5,137434.25,1,1,1,33928.24,0
15608749,Cust8749,723,Germany,Male,42,10,74767.06,1,1,0,40412.29,0
15608750,Cust8750,654,Germany,Male,20,7,168959.92,1,1,1,82727.65,0
15608751,Cust8751,616,France,Female,31,10,0.0,1,1,0,138056.71,0
15608752,Cust8752,745,Spain,Female,56,6,136509.7,1,1,0,12393.79,0
15608753,Cust8753,579,Spain,Male,44,8,0.0,2,0,0,126700.17,0
15608754,Cust8754,643,France,Male,43,5,83237.97,1,1,0,172768.45,1
15608755,Cust8755,539,France,Female,31,1,181156.58,2,1,1,101360.75,1
15608756,Cust8756,720,France,Male,41,1,0.0,2,0,0,26162.33,0
15608757,Cust8757,768,France,Male,38,6,0.0,2,1,0,46907.38,0
15608758,Cust8758,560,France,Male,30,1,1000.0,3,0,1,127345.11,0
15608759,Cust8759,635,France,Male,33,4,0.0,2,1,1,127574.85,0
15608760,Cust8760,604,Germany,Male,33,5,116365.9,1,1,0,38506.76,0
15608761,Cust8761,753,France,Male,23,0,85811.12,1,0,1,129087.76,0
15608762,Cust8762,786,France,Female,25,9,100549.72,2,0,0,69120.26,0
15608763,Cust8763,604,Germany,Male,36,0,98722.96,1,1,0,30447.94,0
15608764,Cust8764,353,France,Male,30,3,0.0,1,1,1,115975.21,0
15608765,Cust8765,761,France,Male,35,9,154478.89,2,1,1,140317.18,1
15608766,Cust8766,654,Spain,Male,22,0,0.0,1,1,1,60608.18,0
15608767,Cust8767,655,Spain,Female,46,0,120042.92,1,1,1,157664.01,0
15608768,Cust8768,743,Germany,Female,59,9,0.0,1,1,1,23128.39,0
15608769,Cust8769,615,France,Female,48,2,0.0,1,1,0,61922.23,1
15608770,Cust8770,589,France,Male,49,10,0.0,1,1,0,95098.5,0
15608771,Cust8771,616,Spain,Male,44,1,178809.01,3,0,1,102261.51,0
15608772,Cust8772,697,Germany,Male,41,1,144033.52,1,0,1,127815.59,1
15608773,Cust8773,734,Spain,Male,39,6,126878.66,2,0,0,70186.1,0
15608774,Cust8774,807,Germany,Female,29,10,0.0,1,1,1,41657.82,0
15608775,Cust8775,689,France,Male,45,8,0.0,1,0,0,193922.87,0
15608776,Cust8776,636,France,Male,44,6,22646.55,1,0,1,32853.12,0
15608777,Cust8777,735,Spain,Male,33,2,91734.65,1,1,0,12079.55,0
15608778,Cust8778,557,Spain,Male,43,0,38837.04,2,1,1,113637.15,0
15608779,Cust8779,786,France,Male,31,8,144343.78,1,1,1,39912.89,0
15608780,Cust8780,670,Germany,Female,32,1,81942.57,1,1,1,135936.22,0
15608781,Cust8781,628,France,Female,46,1,0.0,2,1,1,135263.88,0
15608782,Cust8782,557,Spain,Male,42,4,0.0,1,1,0,106069.38,0
15608783,Cust8783,710,France,Male,36,3,140694.35,1,1,0,74676.39,0
15608784,Cust8784,623,Germany,Male,35,9,137991.71,1,0,1,141253.22,0
15608785,Cust8785,641,France,Male,40,2,54192.65,1,1,1,122921.97,1
15608786,Cust8786,490,Germany,Female,20,7,75802.51,1,1,1,63658.89,0
15608787,Cust8787,608,Germany,Male,30,4,160638.51,1,1,0,32596.85,1
15608788,Cust8788,595,France,Female,25,2,0.0,1,1,0,36004.85,0
15608789,Cust8789,690,Spain,Female,38,10,138685.92,1,1,1,118988.34,0
15608790,Cust8790,624,Spain,Male,49,8,20820.5,1,1,0,96782.27,1
15608791,Cust8791,396,Spain,Female,43,8,0.0,2,1,0,138859.65,0
15608792,Cust8792,610,France,Female,33,5,146696.47,1,0,1,19531.76,0
15608793,Cust8793,510,Germany,Female,31,2,0.0,1,1,1,194601.31,0
15608794,Cust8794,550,Germany,Male,30,7,71226.4,3,1,0,116322.64,0
15608795,Cust8795,746,Germany,Female,58,10,99989.11,2,0,1,51088.88,0
15608796,Cust8796,488,France,Male,39,2,65930.75,1,0,1,49445.16,1
15608797,Cust8797,678,Germany,Male,40,7,164578.38,2,1,0,176458.16,0
15608798,Cust8798,601,France,Female,18,9,133026.68,4,1,0,26783.84,0
15608799,Cust8799,583,France,Male,26,4,100340.8,2,0,1,31298.12,0
15608800,Cust8800,556,France,Male,38,0,0.0,2,1,1,158643.25,0
15608801,Cust8801,681,France,Male,33,10,0.0,2,1,1,190059.12,1
15608802,Cust8802,691,France,Male,39,1,123294.99,2,1,1,94317.68,0
15608803,Cust8803,484,France,Male,39,8,59563.19,1,1,0,29297.41,0
15608804,Cust8804,760,Spain,Male,44,5,0.0,2,1,0,141282.42,0
15608805,Cust8805,536,Germany,Male,19,8,0.0,1,1,1,62409.62,0
15608806,Cust8806,687,France,Female,27,7,130617.08,1,0,1,190400.7,0
15608807,Cust8807,537,Spain,Male,37,2,60146.84,1,0,0,181349.82,1
15608808,Cust8808,606,Spain,Female,32,1,42296.88,2,0,1,177220.65,1
15608809,Cust8809,527,Spain,Female,35,1,104392.12,1,0,0,11538.05,0
15608810,Cust8810,599,Spain,Female,39,2,118555.98,2,1,0,188593.88,0
15608811,Cust8811,631,Spain,Female,31,9,0.0,3,0,1,140386.58,1
15608812,Cust8812,540,Germany,Female,40,0,0.0,1,1,1,20171.68,0
15608813,Cust8813,680,Spain,Male,43,7,114813.73,1,1,0,146770.52,0
15608814,Cust8814,693,Spain,Female,39,4,9539.7,1,0,0,184870.26,0
15608815,Cust8815,850,France,Female,45,8,119676.9,2,1,0,76133.19,0
15608816,Cust8816,739,Spain,Female,18,6,28183.88,1,0,0,139373.62,0
15608817,Cust8817,763,Spain,Male,32,8,54467.8,2,1,0,73831.16,0
15608818,Cust8818,480,Spain,Female,47,9,121515.99,2,0,1,134884.65,1
15608819,Cust8819,462,Spain,Female,29,9,43957.5,1,1,1,110586.75,0
15608820,Cust8820,621,France,Male,28,8,0.0,2,1,0,35422.68,0
15608821,Cust8821,822,France,Female,37,4,138942.01,1,1,1,12412.66,1
15608822,Cust8822,850,Germany,Female,38,10,95558.97,1,0,0,155413.25,1
15608823,Cust8823,584,Germany,Male,33,3,80165.89,4,1,0,52906.23,0
15608824,Cust8824,594,Spain,Male,56,6,0.0,1,1,0,88344.3,1
15608825,Cust8825,702,Spain,Male,41,2,177078.19,1,1,0,179922.84,0
15608826,Cust8826,631,Germany,Female,29,8,138446.83,1,1,0,170980.07,0
15608827,Cust8827,633,Spain,Male,24,1,0.0,2,1,1,131486.0,0
15608828,Cust8828,711,France,Female,42,10,0.0,2,1,0,63320.99,0
15608829,Cust8829,850,Spain,Male,29,5,81301.57,1,1,1,34547.01,1
15608830,Cust8830,775,France,Female,60,9,0.0,1,1,0,44813.38,0
15608831,Cust8831,829,Germany,Female,42,5,0.0,2,1,1,190356.77,0
15608832,Cust8832,473,France,Female,44,1,0.0,1,1,1,130201.41,0
15608833,Cust8833,753,Germany,Male,40,1,109087.51,1,1,1,89136.13,1
15608834,Cust8834,559,France,Male,49,9,0.0,4,1,1,189513.92,0
15608835,Cust8835,811,France,Female,18,6,178022.27,2,1,1,111729.27,0
15608836,Cust8836,780,Germany,Male,26,1,0.0,1,1,1,87118.58,0
15608837,Cust8837,708,Germany,Male,48,3,93514.28,1,0,1,34809.78,0
15608838,Cust8838,579,France,Male,53,6,6010.0,1,1,1,26981.29,0
15608839,Cust8839,604,Germany,Male,26,5,0.0,2,1,0,137589.29,0
15608840,Cust8840,611,France,Female,20,0,146913.23,1,1,1,21442.6,0
15608841,Cust8841,723,France,Male,40,5,0.0,2,1,1,26506.05,0
15608842,Cust8842,689,France,Male,43,1,171747.24,1,1,1,192722.69,1
15608843,Cust8843,786,Germany,Male,39,3,82950.35,1,0,1,123100.76,0
15608844,Cust8844,805,Spain,Male,37,7,86074.8,2,1,0,180015.02,0
15608845,Cust8845,569,Germany,Male,19,7,0.0,2,0,0,43024.03,0
15608846,Cust8846,696,Spain,Female,34,0,0.0,2,0,1,190577.98,1
15608847,Cust8847,694,Germany,Female,36,5,153127.95,1,1,1,144614.71,0
15608848,Cust8848,641,Spain,Female,33,2,0.0,1,1,0,70640.03,0
15608849,Cust8849,740,Spain,Male,19,4,0.0,1,1,1,182159.01,0
15608850,Cust8850,697,France,Male,44,8,85437.38,1,0,1,30776.27,0
15608851,Cust8851,595,France,Male,47,4,87078.85,1,0,1,180113.07,0
15608852,Cust8852,636,France,Female,30,6,75421.8,2,1,0,135932.91,0
15608853,Cust8853,616,Germany,Female,36,0,110502.73,2,0,1,107123.15,0
15608854,Cust8854,580,Germany,Female,33,5,133322.54,3,0,1,177406.07,1
15608855,Cust8855,642,France,Male,33,8,203579.92,2,1,1,13576.11,0
15608856,Cust8856,525,Spain,Female,43,7,0.0,2,1,1,116148.35,0
15608857,Cust8857,695,Spain,Female,43,10,131295.18,1,0,0,107000.06,1
15608858,Cust8858,785,France,Male,49,8,54543.66,2,1,0,40328.42,0
15608859,Cust8859,655,France,Female,49,1,0.0,1,1,1,60051.73,0
15608860,Cust8860,741,France,Female,36,0,92998.68,1,0,1,45799.55,0
15608861,Cust8861,665,France,Male,66,3,129980.23,1,0,1,57570.27,0
15608862,Cust8862,552,Spain,Female,53,8,122056.57,1,0,0,144025.0,0
15608863,Cust8863,843,Germany,Female,31,9,131002.62,2,1,1,193395.11,0
15608864,Cust8864,417,France,Female,39,7,0.0,1,1,1,133827.52,0
15608865,Cust8865,651,France,Male,18,7,84567.46,2,1,0,115329.55,0
15608866,Cust8866,576,France,Male,38,7,45894.72,3,1,0,104073.79,0
15608867,Cust8867,802,France,Female,55,3,109376.49,2,1,1,37448.87,0
15608868,Cust8868,671,France,Male,66,7,0.0,1,0,1,152804.15,1
15608869,Cust8869,850,Germany,Male,37,7,0.0,2,1,0,183329.6,1
15608870,Cust8870,653,Germany,Male,41,0,0.0,1,1,0,81537.96,0
15608871,Cust8871,577,Spain,Male,44,10,75722.29,1,1,1,32981.14,0
15608872,Cust8872,486,France,Female,58,8,0.0,1,0,1,142976.6,0
15608873,Cust8873,756,Spain,Male,28,2,38240.34,1,1,0,151985.95,0
15608874,Cust8874,570,France,Male,65,3,0.0,1,1,1,37810.33,0
15608875,Cust8875,610,France,Male,35,7,71994.04,1,0,0,56617.61,1
15608876,Cust8876,768,Spain,Male,26,2,0.0,1,1,1,75262.83,0
15608877,Cust8877,751,Germany,Male,35,8,105929.67,2,1,0,72139.64,1
15608878,Cust8878,591,France,Male,30,5,1000.0,2,1,0,63106.86,1
15608879,Cust8879,606,France,Male,42,1,125901.15,2,1,0,121807.35,0
15608880,Cust8880,481,Germany,Male,21,7,103923.0,1,1,1,171882.5,0
15608881,Cust8881,453,Spain,Female,39,10,72955.52,2,1,1,121880.52,0
15608882,Cust8882,723,Germany,Male,45,3,142625.21,2,0,0,41348.06,1
15608883,Cust8883,734,France,Female,53,10,0.0,1,1,1,37703.94,0
15608884,Cust8884,684,France,Male,45,7,42775.2,1,0,0,193748.24,0
15608885,Cust8885,668,France,Female,52,8,126661.81,1,1,1,12621.08,0
15608886,Cust8886,582,France,Female,32,3,0.0,1,1,0,187634.45,0
15608887,Cust8887,791,Germany,Male,42,5,80074.32,2,0,1,98930.4,0
15608888,Cust8888,479,Spain,Female,18,2,89992.73,1,1,1,12079.45,0
15608889,Cust8889,605,France,Female,37,6,173838.83,1,1,0,57206.04,0
15608890,Cust8890,665,Spain,Male,42,9,118512.48,2,1,1,127447.39,0
15608891,Cust8891,650,Germany,Female,43,7,0.0,2,1,0,50202.96,1
15608892,Cust8892,650,Spain,Female,22,9,105766.55,2,0,0,185518.15,1
15608893,Cust8893,600,France,Male,34,1,31300.93,1,0,0,16835.43,0
15608894,Cust8894,702,France,Female,35,6,0.0,2,0,0,74959.63,1
15608895,Cust8895,533,France,Male,34,3,74787.85,1,1,1,76301.25,0
15608896,Cust8896,636,France,Female,45,6,79161.92,2,1,0,143608.56,0
15608897,Cust8897,691,France,Female,36,1,0.0,3,1,0,197415.87,1
15608898,Cust8898,618,France,Female,39,4,85275.15,2,1,1,190499.53,0
15608899,Cust8899,650,France,Female,33,4,110737.51,1,1,1,90172.3,0
15608900,Cust8900,671,France,Female,49,5,0.0,3,1,1,131426.5,0
15608901,Cust8901,481,Spain,Male,49,8,0.0,1,1,1,184630.86,0
15608902,Cust8902,490,Spain,Male,35,6,103688.62,2,0,0,152756.2,1
15608903,Cust8903,663,France,Female,67,9,0.0,2,1,0,39622.65,1
15608904,Cust8904,592,Spain,Male,30,3,89201.37,1,1,1,184764.04,0
15608905,Cust8905,597,France,Female,48,4,0.0,1,1,1,95925.36,0
15608906,Cust8906,705,France,Male,28,5,57366.01,2,1,0,91040.3,1
15608907,Cust8907,555,Spain,Male,46,6,0.0,1,0,1,23723.81,0
15608908,Cust8908,418,France,Male,45,9,132582.39,1,1,0,173458.47,0
15608909,Cust8909,809,France,Male,28,6,96796.35,2,1,0,183830.71,0
15608910,Cust8910,766,France,Male,37,10,86421.45,2,1,0,180157.66,0
15608911,Cust8911,765,Germany,Male,57,5,35724.78,2,1,1,47627.86,1
15608912,Cust8912,542,Germany,Female,30,5,78600.35,3,1,0,31682.34,1
15608913,Cust8913,643,France,Female,42,7,75869.04,3,0,0,53017.39,0
15608914,Cust8914,528,France,Female,41,1,103857.39,1,0,1,58589.64,0
15608915,Cust8915,644,France,Male,38,1,102082.89,1,1,0,74443.8,0
15608916,Cust8916,617,Germany,Male,21,3,0.0,2,1,1,107478.11,0
15608917,Cust8917,547,France,Female,46,0,83777.95,3,1,1,197440.36,0
15608918,Cust8918,698,Spain,Male,38,4,0.0,2,1,0,80619.69,0
15608919,Cust8919,625,Germany,Male,49,3,0.0,2,1,1,53184.98,0
15608920,Cust8920,815,France,Female,40,6,128239.37,2,1,0,50007.2,1
15608921,Cust8921,658,Germany,Male,39,10,100312.48,1,0,1,122972.93,0
15608922,Cust8922,405,France,Female,42,6,213885.46,2,1,0,141194.58,0
15608923,Cust8923,476,France,Male,28,10,0.0,1,1,1,97996.8,0
15608924,Cust8924,850,France,Male,54,6,0.0,2,0,1,165008.99,0
15608925,Cust8925,616,France,Male,34,6,132648.89,1,0,1,13906.25,0
15608926,Cust8926,673,Germany,Female,34,9,0.0,1,1,0,126277.73,0
15608927,Cust8927,651,Spain,Female,51,6,36504.01,1,0,0,125440.29,0
15608928,Cust8928,786,France,Female,40,10,155581.84,2,1,1,180883.96,1
15608929,Cust8929,467,France,Male,36,6,113537.97,2,0,0,49655.38,0
15608930,Cust8930,778,Germany,Female,42,3,0.0,2,0,0,81491.61,0
15608931,Cust8931,771,France,Female,44,4,154691.01,3,1,0,104313.36,0
15608932,Cust8932,651,France,Female,37,7,91996.91,1,1,0,110026.4,0
15608933,Cust8933,690,Spain,Female,47,3,142396.77,1,1,0,64396.92,0
15608934,Cust8934,614,Spain,Female,25,8,176350.73,1,0,1,107384.32,0
15608935,Cust8935,488,Spain,Female,41,0,0.0,1,1,0,41760.55,0
15608936,Cust8936,706,France,Male,46,8,12972.15,2,1,1,81119.77,0
15608937,Cust8937,674,France,Female,44,0,65093.07,2,1,0,189481.46,0
15608938,Cust8938,676,France,Male,18,1,0.0,1,1,1,45982.17,1
15608939,Cust8939,696,Spain,Female,37,10,59148.75,2,0,0,36916.68,1
15608940,Cust8940,592,France,Male,26,9,162127.91,2,1,0,16680.99,0
15608941,Cust8941,793,France,Male,51,8,66939.27,1,1,1,149365.94,0
15608942,Cust8942,651,France,Male,34,10,49871.24,3,1,0,128068.27,0
15608943,Cust8943,702,Spain,Female,50,7,169623.27,1,1,0,49119.64,0
15608944,Cust8944,624,Spain,Male,26,1,91029.19,1,0,0,87348.52,0
15608945,Cust8945,751,Germany,Female,42,9,110028.16,1,1,1,47280.13,0
15608946,Cust8946,660,France,Female,38,2,50579.02,1,1,1,143042.33,0
15608947,Cust8947,642,Germany,Male,66,6,155043.81,1,1,1,37044.06,0
15608948,Cust8948,766,France,Male,50,9,101370.2,1,1,0,153773.49,0
15608949,Cust8949,485,France,Female,49,7,135043.26,1,1,0,75245.33,1
15608950,Cust8950,623,France,Female,58,0,34282.1,2,0,0,100853.16,0
15608951,Cust8951,591,Germany,Male,41,8,157913.43,1,0,1,163528.18,0
15608952,Cust8952,686,France,Female,37,8,114068.22,1,1,0,111497.88,0
15608953,Cust8953,680,Spain,Male,36,1,66601.02,2,0,0,83986.28,0
15608954,Cust8954,649,France,Female,41,10,80460.86,2,1,0,83408.78,1
15608955,Cust8955,581,France,Female,18,2,75674.79,2,1,1,109819.96,0
15608956,Cust8956,648,Germany,Male,38,0,111035.61,2,0,0,42064.55,1
15608957,Cust8957,681,Germany,Male,40,6,104874.42,2,0,0,63455.9,1
15608958,Cust8958,633,France,Female,36,7,171158.36,1,1,1,116251.03,0
15608959,Cust8959,756,Germany,Male,23,1,0.0,2,1,0,49407.27,1
15608960,Cust8960,709,France,Male,37,1,126756.1,1,1,1,126908.65,0
15608961,Cust8961,652,France,Male,23,7,0.0,3,1,0,59626.77,0
15608962,Cust8962,425,Germany,Female,56,0,213010.5,1,1,1,131350.37,0
15608963,Cust8963,629,Germany,Male,35,9,166893.59,3,1,1,34353.16,1
15608964,Cust8964,710,France,Male,18,2,97636.41,2,1,1,105923.65,0
15608965,Cust8965,623,France,Female,36,9,0.0,1,0,1,152775.33,0
15608966,Cust8966,679,Germany,Female,47,8,102673.9,1,1,0,70610.58,0
15608967,Cust8967,628,France,Male,40,3,71761.06,1,0,1,155320.13,0
15608968,Cust8968,672,Spain,Male,29,8,0.0,1,0,0,73438.83,0
15608969,Cust8969,784,Germany,Male,31,2,97830.33,1,0,1,157035.91,1
15608970,Cust8970,726,Spain,Male,35,5,1000.0,2,0,1,174884.39,0
15608971,Cust8971,526,France,Male,34,10,158701.36,1,1,0,20052.73,1
15608972,Cust8972,491,Spain,Male,25,9,0.0,1,1,0,60971.97,0
15608973,Cust8973,692,France,Male,37,10,0.0,1,0,1,193765.04,1
15608974,Cust8974,762,France,Female,25,1,0.0,1,1,1,28688.46,1
15608975,Cust8975,491,France,Male,47,3,76588.4,1,1,1,35552.12,0
15608976,Cust8976,630,France,Male,49,0,74209.7,2,0,1,13890.03,0
15608977,Cust8977,850,Spain,Female,28,9,108756.11,1,1,0,61278.73,0
15608978,Cust8978,624,Germany,Male,31,8,123092.65,2,0,0,122436.85,0
15608979,Cust8979,850,Germany,Female,34,9,0.0,2,1,1,59281.91,1
15608980,Cust8980,571,Germany,Male,38,1,114740.89,4,0,1,194082.21,0
15608981,Cust8981,588,Germany,Female,41,3,0.0,1,1,1,98084.98,1
15608982,Cust8982,583,Germany,Male,43,7,1000.0,1,0,0,126710.25,0
15608983,Cust8983,527,Spain,Male,42,3,0.0,1,0,0,54290.5,1
15608984,Cust8984,488,Germany,Female,54,3,0.0,1,1,0,130179.64,0
15608985,Cust8985,629,Germany,Male,39,10,72102.23,3,1,0,62448.21,0
15608986,Cust8986,664,France,Male,25,5,72244.01,2,1,0,188650.24,0
15608987,Cust8987,581,Spain,Male,22,8,121344.79,3,0,1,166145.14,1
15608988,Cust8988,604,France,Male,54,8,0.0,3,1,1,13247.42,0
15608989,Cust8989,789,France,Male,43,6,148477.81,1,1,1,88775.52,0
15608990,Cust8990,743,Spain,Male,40,8,93943.62,1,1,0,89414.24,0
15608991,Cust8991,625,France,Male,42,10,155567.33,1,0,1,113983.18,0
15608992,Cust8992,691,France,Female,40,5,0.0,2,1,0,162950.21,0
15608993,Cust8993,493,France,Female,42,9,0.0,2,1,0,175431.96,0
15608994,Cust8994,676,France,Male,34,0,0.0,1,1,0,120335.32,0
15608995,Cust8995,644,Spain,Female,49,0,0.0,3,0,1,142760.03,0
15608996,Cust8996,614,Spain,Male,33,4,0.0,2,0,0,64897.4,0
15608997,Cust8997,653,France,Male,29,5,0.0,3,1,1,27396.17,0
15608998,Cust8998,638,Spain,Female,21,3,138061.8,1,1,1,12279.69,0
15608999,Cust8999,524,Germany,Female,36,9,50283.93,2,1,0,15330.16,0
15609000,Cust9000,811,Spain,Male,51,0,0.0,2,1,0,148663.21,0
15609001,Cust9001,741,France,Female,33,1,137248.95,1,0,1,50220.85,0
15609002,Cust9002,613,France,Female,24,6,115217.74,1,1,1,144820.28,0
15609003,Cust9003,481,France,Male,41,0,31799.38,1,0,0,28393.85,0
15609004,Cust9004,414,France,Female,31,2,0.0,1,1,1,164463.15,0
15609005,Cust9005,842,Germany,Female,53,9,131979.75,2,1,0,129211.29,1
15609006,Cust9006,633,France,Female,49,8,87305.62,2,1,1,82654.61,0
15609007,Cust9007,723,Germany,Female,25,8,0.0,4,1,1,166518.52,0
15609008,Cust9008,559,Germany,Male,36,3,0.0,1,1,0,142330.07,0
15609009,Cust9009,620,France,Female,30,1,0.0,2,1,1,168740.85,0
15609010,Cust9010,625,France,Male,26,3,98204.55,1,1,1,145189.33,0
15609011,Cust9011,673,Germany,Female,37,1,80793.3,1,1,1,20385.8,0
15609012,Cust9012,659,Spain,Female,46,2,112992.27,2,1,0,118449.31,0
15609013,Cust9013,561,France,Female,37,9,59554.31,3,1,0,113692.91,1
15609014,Cust9014,560,Spain,Male,33,2,31659.42,3,1,0,166352.88,0
15609015,Cust9015,642,Spain,Male,18,2,92793.42,1,1,1,44823.21,0
15609016,Cust9016,482,Germany,Female,31,2,61391.08,2,1,0,53620.47,0
15609017,Cust9017,571,France,Male,44,1,142521.67,1,1,1,29049.65,0
15609018,Cust9018,635,Germany,Male,25,9,89241.88,2,1,1,96327.5,0
15609019,Cust9019,688,Spain,Male,51,9,0.0,1,1,1,11964.4,0
15609020,Cust9020,794,France,Female,32,2,83034.63,1,1,1,128041.75,0
15609021,Cust9021,604,Spain,Male,40,8,0.0,4,1,1,39667.85,0
15609022,Cust9022,653,Spain,Female,34,2,127307.14,1,1,1,39578.49,0
15609023,Cust9023,471,France,Male,26,4,110752.58,2,1,0,29710.21,0
15609024,Cust9024,682,Germany,Female,42,10,26372.3,1,1,0,97428.71,1
15609025,Cust9025,563,Germany,Male,32,6,79980.94,2,0,0,51747.99,0
15609026,Cust9026,620,Spain,Male,30,8,191900.7,3,1,0,17729.73,0
15609027,Cust9027,696,Spain,Male,18,4,116745.39,1,0,1,52799.29,0
15609028,Cust9028,700,France,Male,51,6,0.0,1,0,1,148177.5,0
15609029,Cust9029,510,France,Female,38,3,0.0,2,1,1,12028.56,0
15609030,Cust9030,727,France,Female,49,8,163129.16,1,1,0,58693.69,0
15609031,Cust9031,646,Spain,Female,44,10,0.0,1,1,1,53911.57,0
15609032,Cust9032,772,France,Female,49,1,0.0,1,1,1,59914.48,0
15609033,Cust9033,790,Spain,Female,32,6,189946.17,1,1,1,52677.92,0
15609034,Cust9034,804,France,Female,24,2,112706.18,1,1,0,77722.5,0
15609035,Cust9035,513,France,Female,46,7,111650.2,1,1,1,156126.81,0
15609036,Cust9036,689,Spain,Male,39,5,166592.99,1,0,1,131575.3,0
15609037,Cust9037,499,Germany,Male,33,4,107322.05,3,0,1,73108.32,0
15609038,Cust9038,775,France,Female,45,4,119157.67,1,0,1,146390.02,0
15609039,Cust9039,789,France,Female,41,5,0.0,1,1,1,74025.57,0
15609040,Cust9040,744,France,Female,44,2,95991.37,2,1,0,100485.07,0
15609041,Cust9041,609,France,Male,28,3,0.0,2,1,0,124443.97,1
15609042,Cust9042,702,France,Female,48,0,76655.24,1,1,1,116294.26,1
15609043,Cust9043,597,Germany,Male,38,4,111235.45,1,1,1,82261.93,0
15609044,Cust9044,651,France,Male,49,6,0.0,1,1,0,60885.27,0
15609045,Cust9045,641,France,Female,48,6,114605.03,3,0,0,134925.14,0
15609046,Cust9046,458,France,Female,45,2,0.0,2,1,1,85974.45,0
15609047,Cust9047,572,France,Male,37,8,17549.53,1,1,1,120666.78,0
15609048,Cust9048,850,Spain,Male,45,4,0.0,1,0,1,89019.04,0
15609049,Cust9049,642,France,Female,49,8,31856.7,2,0,0,160632.55,0
15609050,Cust9050,665,France,Male,44,9,0.0,2,1,1,188577.28,0
15609051,Cust9051,649,Germany,Male,40,0,0.0,1,1,0,189347.27,1
15609052,Cust9052,611,Spain,Female,45,0,0.0,3,0,0,17830.25,1
15609053,Cust9053,653,Spain,Female,33,5,40970.02,2,1,1,100532.32,0
15609054,Cust9054,611,Spain,Male,53,9,108867.52,2,1,0,79826.84,0
15609055,Cust9055,431,Spain,Male,21,4,0.0,2,0,1,28088.35,0
15609056,Cust9056,725,Germany,Female,38,6,100747.52,2,1,1,169491.23,0
15609057,Cust9057,805,Spain,Male,34,6,0.0,2,1,1,137211.39,0
15609058,Cust9058,538,France,Male,32,8,131633.24,2,0,1,118599.31,1
15609059,Cust9059,610,Spain,Male,41,9,112965.27,2,1,0,184885.74,1
15609060,Cust9060,794,Spain,Male,27,6,151651.51,2,1,0,132557.02,0
15609061,Cust9061,576,Spain,Female,60,8,95656.25,2,0,0,184947.34,1
15609062,Cust9062,687,France,Male,24,6,58919.49,1,1,1,137676.88,0
15609063,Cust9063,850,Spain,Female,28,3,127598.71,1,0,0,25760.98,0
15609064,Cust9064,711,France,Male,28,6,0.0,1,1,1,14344.18,0
15609065,Cust9065,657,Germany,Female,40,8,88022.02,1,1,1,176521.85,0
15609066,Cust9066,735,France,Male,48,9,0.0,2,1,1,112215.36,0
15609067,Cust9067,725,Germany,Female,43,1,65865.43,2,0,1,73647.53,0
15609068,Cust9068,586,Germany,Female,53,3,0.0,1,1,1,124481.29,0
15609069,Cust9069,483,France,Male,30,1,0.0,2,1,1,93563.48,0
15609070,Cust9070,707,France,Male,45,1,116451.04,1,1,0,66829.19,0
15609071,Cust9071,721,France,Female,35,2,111511.36,3,0,1,77254.23,0
15609072,Cust9072,621,Germany,Female,40,9,0.0,2,0,1,128874.83,0
15609073,Cust9073,808,Germany,Female,49,4,0.0,1,0,1,131663.13,0
15609074,Cust9074,789,Germany,Male,21,10,0.0,2,0,1,187331.74,0
15609075,Cust9075,724,France,Male,58,5,80937.57,1,1,1,161449.59,0
15609076,Cust9076,623,Spain,Male,37,0,0.0,1,0,1,152248.53,0
15609077,Cust9077,449,Germany,Female,22,4,164587.45,1,1,1,160873.87,0
15609078,Cust9078,633,France,Male,31,7,0.0,1,1,0,14216.07,0
15609079,Cust9079,474,France,Male,39,6,141630.29,2,0,0,196317.91,0
15609080,Cust9080,424,France,Female,31,4,32295.64,3,1,0,191941.38,1
15609081,Cust9081,712,France,Male,18,1,0.0,2,1,0,54813.88,0
15609082,Cust9082,763,France,Female,39,8,21129.33,1,0,0,170059.22,0
15609083,Cust9083,463,France,Male,31,5,104659.83,1,1,0,82686.99,1
15609084,Cust9084,625,France,Female,45,8,0.0,1,0,0,146391.1,0
15609085,Cust9085,648,France,Male,27,2,140730.9,1,1,1,61010.5,0
15609086,Cust9086,622,France,Female,61,1,103617.25,3,0,1,188949.99,0
15609087,Cust9087,518,Spain,Male,43,4,0.0,1,1,1,180410.01,0
15609088,Cust9088,778,Germany,Male,40,2,0.0,1,1,1,165238.7,1
15609089,Cust9089,520,France,Male,44,5,1144.05,2,1,1,22067.85,0
15609090,Cust9090,463,Germany,Female,20,5,0.0,2,1,0,24023.34,0
15609091,Cust9091,518,Germany,Male,33,1,162036.59,3,0,1,110847.95,0
15609092,Cust9092,696,France,Male,56,5,0.0,4,0,1,177225.61,0
15609093,Cust9093,624,France,Female,35,4,77637.65,1,1,1,52556.6,0
15609094,Cust9094,576,France,Male,37,5,0.0,3,1,1,35603.9,0
15609095,Cust9095,701,Germany,Male,33,8,24605.47,3,1,0,97602.98,1
15609096,Cust9096,682,France,Male,53,5,82585.31,2,0,1,187487.34,0
15609097,Cust9097,428,France,Male,36,3,0.0,3,1,0,189570.84,0
15609098,Cust9098,700,Germany,Male,25,9,3814.37,2,1,1,186960.17,0
15609099,Cust9099,763,Spain,Male,64,8,143516.3,1,1,0,107242.78,0
15609100,Cust9100,638,France,Male,24,10,172072.48,2,0,0,188191.25,0
15609101,Cust9101,627,Germany,Male,37,2,0.0,1,1,1,196524.72,0
15609102,Cust9102,832,France,Female,30,6,121205.26,3,1,1,182970.31,0
15609103,Cust9103,582,Germany,Female,31,8,77790.93,2,1,1,93633.73,0
15609104,Cust9104,634,Germany,Male,27,9,0.0,1,1,1,58360.86,0
15609105,Cust9105,682,Germany,Male,33,2,110226.4,2,1,1,153097.09,1
15609106,Cust9106,655,France,Female,48,2,0.0,1,1,0,60641.7,0
15609107,Cust9107,624,France,Male,19,10,0.0,1,1,0,77763.43,0
15609108,Cust9108,659,Spain,Female,51,6,95785.7,2,1,1,112502.01,1
15609109,Cust9109,801,France,Male,49,1,76302.33,1,1,1,173895.45,0
15609110,Cust9110,728,Spain,Male,43,2,161674.81,2,1,1,101739.1,0
15609111,Cust9111,643,France,Male,39,10,75436.97,3,1,1,25849.19,0
15609112,Cust9112,567,France,Female,41,9,88796.89,1,1,1,120597.74,0
15609113,Cust9113,580,France,Male,52,2,16320.94,2,0,1,25673.6,0
15609114,Cust9114,741,France,Male,21,6,106892.67,1,1,1,55864.86,0
15609115,Cust9115,497,Spain,Male,45,7,0.0,2,0,0,31969.95,0
15609116,Cust9116,850,France,Female,31,4,0.0,1,0,1,120569.97,0
15609117,Cust9117,647,Germany,Male,46,3,0.0,1,1,1,57523.81,1
15609118,Cust9118,518,Germany,Female,32,7,100897.05,2,1,0,127325.34,0
15609119,Cust9119,667,Spain,Male,45,0,71686.47,1,1,0,136104.13,0
15609120,Cust9120,573,Germany,Male,23,2,0.0,2,1,0,100880.46,0
15609121,Cust9121,610,Spain,Male,21,0,0.0,1,1,1,11367.03,0
15609122,Cust9122,505,Spain,Female,37,9,27053.12,3,1,0,16812.36,1
15609123,Cust9123,627,France,Male,52,1,0.0,2,1,0,102072.39,0
15609124,Cust9124,446,Spain,Male,43,9,94296.36,2,1,1,50702.43,0
15609125,Cust9125,592,Spain,Female,43,4,81529.56,1,1,0,102165.28,0
15609126,Cust9126,571,France,Male,47,1,0.0,2,0,1,119995.23,0
15609127,Cust9127,602,Germany,Male,34,6,150908.28,2,0,1,99146.02,0
15609128,Cust9128,577,France,Male,44,3,87827.63,2,0,1,112641.58,0
15609129,Cust9129,653,Germany,Female,32,5,55148.76,2,1,0,193629.65,0
15609130,Cust9130,735,France,Male,35,10,169253.33,2,0,1,130494.43,0
15609131,Cust9131,685,Germany,Female,36,6,0.0,1,1,0,48163.99,0
15609132,Cust9132,775,France,Female,33,0,119055.6,2,1,1,41634.07,0
15609133,Cust9133,602,Germany,Male,37,1,166510.84,2,1,1,190766.89,1
15609134,Cust9134,681,France,Male,35,8,67606.54,2,0,1,196308.72,0
15609135,Cust9135,685,Germany,Female,31,7,180268.76,3,0,1,97616.02,0
15609136,Cust9136,761,France,Female,37,5,180251.27,1,1,1,173830.94,0
15609137,Cust9137,580,Germany,Female,40,8,67116.32,1,1,1,131446.97,0
15609138,Cust9138,726,France,Male,27,2,74227.22,1,1,0,19343.87,0
15609139,Cust9139,568,France,Female,42,2,133103.63,2,1,0,157106.16,0
15609140,Cust9140,595,France,Female,33,4,0.0,1,0,1,80812.51,0
15609141,Cust9141,616,Spain,Female,40,8,137301.13,2,1,1,120125.35,0
15609142,Cust9142,694,France,Male,31,10,98143.23,1,0,0,179259.19,0
15609143,Cust9143,546,Germany,Female,49,2,124074.19,2,0,1,110557.72,1
15609144,Cust9144,559,France,Female,48,6,0.0,1,1,0,121683.09,0
15609145,Cust9145,588,Germany,Female,28,4,114149.73,1,1,0,163643.83,1
15609146,Cust9146,655,France,Female,43,9,79722.86,2,1,0,163369.48,0
15609147,Cust9147,560,France,Female,52,8,136799.71,2,0,0,129873.03,0
15609148,Cust9148,675,France,Male,29,1,0.0,2,1,0,18130.02,0
15609149,Cust9149,616,France,Male,29,7,14983.52,2,0,1,176245.65,0
15609150,Cust9150,713,France,Male,45,0,0.0,1,1,0,128988.03,0
15609151,Cust9151,656,France,Female,25,5,158395.79,2,1,1,113972.18,0
15609152,Cust9152,818,Germany,Male,30,2,0.0,1,0,1,171357.17,0
15609153,Cust9153,662,Spain,Female,28,4,104899.58,1,1,0,82182.27,0
15609154,Cust9154,533,France,Female,45,3,0.0,2,0,1,29629.51,0
15609155,Cust9155,630,Spain,Female,31,6,108141.3,3,1,0,59497.02,1
15609156,Cust9156,652,France,Female,35,9,203748.06,1,1,1,183469.48,0
15609157,Cust9157,563,France,Female,31,5,0.0,1,1,0,160380.09,0
15609158,Cust9158,796,France,Male,49,9,63101.49,2,1,1,103642.87,0
15609159,Cust9159,620,France,Male,29,10,35209.96,4,1,0,166169.89,0
15609160,Cust9160,588,France,Male,24,2,16801.91,1,1,0,175702.82,0
15609161,Cust9161,667,Spain,Female,24,9,0.0,2,1,0,162204.15,0
15609162,Cust9162,563,Germany,Male,45,2,49946.05,1,1,0,199276.7,1
15609163,Cust9163,743,Germany,Male,46,1,27603.57,1,1,0,192276.47,1
15609164,Cust9164,723,France,Female,50,2,83965.76,1,1,1,117198.84,0
15609165,Cust9165,663,France,Male,25,4,73804.06,2,0,1,137265.65,0
15609166,Cust9166,707,Germany,Female,36,1,70170.95,2,1,0,198152.66,0
15609167,Cust9167,602,France,Male,62,6,158352.01,2,0,0,182529.79,0
15609168,Cust9168,506,France,Female,35,6,0.0,1,1,0,101954.83,1
15609169,Cust9169,619,France,Male,32,7,139374.83,1,1,0,53335.61,0
15609170,Cust9170,602,France,Female,38,10,203323.79,2,1,1,42481.32,0
15609171,Cust9171,454,Germany,Female,43,1,0.0,2,0,0,37355.21,1
15609172,Cust9172,548,France,Male,43,10,110507.28,1,1,1,14715.42,0
15609173,Cust9173,532,France,Male,32,9,0.0,2,0,1,153086.99,0
15609174,Cust9174,549,Spain,Female,32,0,169326.53,1,1,1,111700.47,0
15609175,Cust9175,778,Spain,Male,35,6,0.0,2,1,1,96811.24,0
15609176,Cust9176,699,France,Female,31,2,0.0,2,1,1,11253.32,0
15609177,Cust9177,743,France,Male,26,0,40106.46,1,1,1,100602.52,0
15609178,Cust9178,699,Spain,Female,56,7,167085.11,2,0,1,13786.78,0
15609179,Cust9179,754,France,Male,34,0,17902.55,1,0,1,141414.7,0
15609180,Cust9180,653,France,Female,34,1,95558.16,1,1,1,197417.94,0
15609181,Cust9181,796,France,Female,35,7,122303.33,2,1,1,179270.2,0
15609182,Cust9182,532,France,Male,37,0,125410.69,3,1,1,47486.56,0
15609183,Cust9183,643,Spain,Male,42,8,215212.8,1,1,1,131936.51,0
15609184,Cust9184,552,Spain,Female,33,0,0.0,1,1,0,61382.12,0
15609185,Cust9185,769,Spain,Female,49,3,56644.38,2,1,1,113255.13,0
15609186,Cust9186,690,Germany,Female,44,2,0.0,1,0,0,97780.56,1
15609187,Cust9187,764,Germany,Female,36,1,152460.79,2,0,1,59685.51,0
15609188,Cust9188,515,Spain,Female,31,5,1000.0,1,1,1,112981.29,1
15609189,Cust9189,592,Germany,Female,49,2,110548.28,3,1,0,139132.33,1
15609190,Cust9190,479,France,Female,36,1,0.0,1,1,1,140661.68,0
15609191,Cust9191,685,France,Male,26,4,104069.65,3,0,1,45471.4,0
15609192,Cust9192,609,Germany,Male,48,5,0.0,2,1,0,14868.71,1
15609193,Cust9193,723,France,Female,31,6,3662.92,3,0,1,161453.8,0
15609194,Cust9194,653,France,Female,47,0,0.0,1,1,1,135743.04,0
15609195,Cust9195,446,France,Male,18,2,0.0,1,0,0,96825.09,0
15609196,Cust9196,491,Germany,Male,34,0,0.0,1,1,0,130773.19,1
15609197,Cust9197,658,France,Female,50,8,0.0,2,1,1,178370.95,0
15609198,Cust9198,695,France,Female,38,6,178429.81,1,1,1,80012.55,0
15609199,Cust9199,437,France,Male,44,2,62524.64,2,1,1,95390.75,0
15609200,Cust9200,642,France,Female,29,5,64857.48,1,1,1,109752.31,0
15609201,Cust9201,552,Spain,Male,41,8,0.0,2,1,1,140769.37,0
15609202,Cust9202,543,France,Male,38,8,0.0,2,1,0,104065.74,0
15609203,Cust9203,587,France,Female,40,10,122336.18,1,0,1,145910.77,0
15609204,Cust9204,662,France,Male,58,2,53610.42,2,0,1,62790.26,0
15609205,Cust9205,582,Spain,Female,51,1,52933.79,1,1,1,34050.09,0
15609206,Cust9206,459,Germany,Male,46,8,0.0,3,1,1,22891.53,0
15609207,Cust9207,661,France,Female,46,10,0.0,2,1,0,26660.89,0
15609208,Cust9208,616,France,Male,29,1,98729.09,1,1,0,15067.91,1
15609209,Cust9209,560,Germany,Female,33,7,0.0,1,0,1,196571.6,1
15609210,Cust9210,620,Spain,Female,23,6,92752.36,2,0,1,154292.99,0
15609211,Cust9211,617,France,Male,25,9,0.0,2,1,1,112658.14,0
15609212,Cust9212,654,France,Female,29,2,117298.14,3,1,1,60544.47,0
15609213,Cust9213,626,France,Male,38,3,69623.85,1,0,0,149053.55,0
15609214,Cust9214,666,France,Male,26,6,80675.33,1,1,1,199270.31,0
15609215,Cust9215,645,Germany,Female,38,9,120459.98,1,1,1,79344.56,0
15609216,Cust9216,729,Spain,Female,36,9,163146.53,1,0,0,83073.05,0
15609217,Cust9217,802,Spain,Female,27,5,155010.44,4,1,0,171827.44,1
15609218,Cust9218,649,Spain,Female,53,4,70114.29,3,0,1,83950.27,0
15609219,Cust9219,590,France,Male,25,2,0.0,1,1,0,177162.47,0
15609220,Cust9220,512,Spain,Male,49,4,22992.87,1,1,0,43179.41,0
15609221,Cust9221,712,France,Male,18,10,127426.71,2,0,1,183682.06,0
15609222,Cust9222,563,France,Male,37,2,132487.32,1,1,1,36724.67,0
15609223,Cust9223,850,Germany,Female,26,10,0.0,2,1,1,149982.34,0
15609224,Cust9224,850,France,Male,31,3,156195.19,2,1,0,71034.62,1
15609225,Cust9225,630,Spain,Female,56,1,0.0,2,1,1,164067.65,0
15609226,Cust9226,490,Spain,Male,35,7,0.0,1,1,0,42931.69,0
15609227,Cust9227,713,Spain,Male,27,5,46529.86,2,1,1,130932.49,0
15609228,Cust9228,850,Spain,Female,43,8,92677.93,2,0,1,106774.2,1
15609229,Cust9229,524,France,Male,34,10,0.0,2,1,0,65337.6,0
15609230,Cust9230,832,France,Female,40,1,125931.27,2,1,1,102922.08,0
15609231,Cust9231,472,Spain,Female,29,6,81714.09,2,0,0,192397.95,0
15609232,Cust9232,510,Germany,Female,29,2,0.0,1,1,0,154296.7,1
15609233,Cust9233,680,Spain,Female,30,5,22305.8,1,1,0,21997.94,0
15609234,Cust9234,748,France,Female,46,2,124316.06,1,1,0,195750.89,0
15609235,Cust9235,644,France,Male,36,2,1000.0,2,0,0,147145.33,0
15609236,Cust9236,693,France,Female,28,5,93774.73,1,0,1,58756.26,0
15609237,Cust9237,756,Germany,Male,40,4,152125.13,2,0,1,192452.11,0
15609238,Cust9238,767,Spain,Male,39,8,0.0,1,1,1,104626.45,0
15609239,Cust9239,590,Spain,Female,44,5,0.0,3,0,0,113674.5,0
15609240,Cust9240,567,France,Female,33,6,0.0,2,1,0,57857.14,0
15609241,Cust9241,751,France,Female,37,7,0.0,1,1,1,199293.15,0
15609242,Cust9242,694,France,Female,42,0,0.0,1,0,1,68498.08,0
15609243,Cust9243,707,France,Female,28,4,165404.13,1,1,1,132347.9,0
15609244,Cust9244,587,France,Female,47,5,0.0,2,1,0,121250.02,0
15609245,Cust9245,711,Germany,Male,38,6,0.0,2,1,0,145960.19,0
15609246,Cust9246,545,France,Male,27,0,155898.64,2,0,1,24937.94,0
15609247,Cust9247,674,France,Male,27,1,42290.22,1,0,1,104849.28,0
15609248,Cust9248,661,Germany,Female,37,9,61507.08,3,1,0,54479.44,1
15609249,Cust9249,661,Spain,Male,32,8,0.0,1,1,1,34123.03,0
15609250,Cust9250,725,France,Male,46,4,108890.25,2,1,1,110327.47,0
15609251,Cust9251,552,France,Male,35,0,0.0,2,0,0,96627.55,0
15609252,Cust9252,715,Germany,Female,41,2,0.0,1,1,0,96864.72,1
15609253,Cust9253,652,Spain,Male,30,7,179327.02,1,1,0,82836.14,0
15609254,Cust9254,574,Spain,Male,38,7,53165.58,1,1,1,70042.3,1
15609255,Cust9255,523,France,Male,51,9,98824.9,2,0,1,16419.25,0
15609256,Cust9256,831,Germany,Male,37,6,0.0,2,1,0,123114.31,0
15609257,Cust9257,643,Spain,Male,32,8,143858.19,3,1,1,183075.01,0
15609258,Cust9258,616,France,Female,29,2,0.0,2,1,1,103760.69,0
15609259,Cust9259,540,France,Male,38,1,68239.1,1,1,1,66511.54,0
15609260,Cust9260,755,Spain,Male,52,3,0.0,1,0,0,69235.68,0
15609261,Cust9261,747,France,Female,24,9,67834.96,2,1,1,60313.88,0
15609262,Cust9262,729,Germany,Female,38,9,0.0,1,1,0,93886.5,0
15609263,Cust9263,644,Spain,Male,21,0,0.0,1,1,1,21168.23,0
15609264,Cust9264,722,France,Male,34,2,117622.05,1,1,0,55694.74,1
15609265,Cust9265,571,Germany,Female,41,0,0.0,2,1,0,189207.59,0
15609266,Cust9266,671,France,Female,22,8,0.0,2,1,0,97017.77,0
15609267,Cust9267,645,Spain,Male,34,9,0.0,1,1,1,19803.0,0
15609268,Cust9268,676,Spain,Female,41,10,47037.3,2,1,1,13186.17,0
15609269,Cust9269,476,Spain,Male,39,2,58794.87,3,1,1,196070.29,0
15609270,Cust9270,829,France,Male,41,5,178259.42,2,1,1,158600.28,0
15609271,Cust9271,805,Spain,Male,28,4,134835.59,1,0,0,61014.76,0
15609272,Cust9272,540,Spain,Female,41,10,44002.14,2,0,0,73446.3,0
15609273,Cust9273,705,Germany,Male,32,10,127844.35,2,1,0,153779.39,0
15609274,Cust9274,507,Germany,Male,45,9,124672.01,1,1,0,132164.03,1
15609275,Cust9275,658,France,Male,18,2,0.0,2,1,0,135728.03,0
15609276,Cust9276,439,Spain,Male,35,3,0.0,3,1,0,81604.52,1
15609277,Cust9277,622,France,Male,39,8,0.0,1,1,0,169315.7,0
15609278,Cust9278,603,France,Male,51,6,16675.83,1,1,1,144822.9,0
15609279,Cust9279,761,Spain,Female,39,6,0.0,1,1,0,148385.34,0
15609280,Cust9280,810,Spain,Male,40,0,0.0,2,0,0,48227.06,0
15609281,Cust9281,812,Spain,Male,42,4,71130.47,2,1,1,68414.72,0
15609282,Cust9282,761,France,Female,51,10,0.0,1,1,0,79458.38,1
15609283,Cust9283,658,France,Male,34,5,0.0,1,1,0,68576.33,0
15609284,Cust9284,687,France,Male,24,9,116126.43,3,1,1,49096.46,1
15609285,Cust9285,687,France,Female,22,4,112950.71,2,1,1,138357.06,0
15609286,Cust9286,537,Spain,Female,45,9,0.0,3,0,1,133821.58,0
15609287,Cust9287,760,Germany,Male,40,9,63701.32,1,1,1,114914.41,0
15609288,Cust9288,716,France,Male,35,6,0.0,3,1,1,126868.24,0
15609289,Cust9289,721,France,Male,32,8,0.0,1,0,0,194858.66,0
15609290,Cust9290,431,France,Male,40,0,0.0,2,1,1,23937.93,0
15609291,Cust9291,693,Spain,Female,40,4,113211.7,1,1,1,138379.77,0
15609292,Cust9292,747,Germany,Female,43,0,0.0,3,1,0,164040.35,0
15609293,Cust9293,649,France,Male,27,7,0.0,1,0,1,93543.45,0
15609294,Cust9294,602,France,Male,20,3,107267.47,3,1,1,69507.6,0
15609295,Cust9295,519,France,Male,29,5,70042.03,3,1,1,114664.94,0
15609296,Cust9296,512,France,Male,24,9,4349.11,3,1,1,155042.47,0
15609297,Cust9297,665,Spain,Male,24,8,73147.18,1,1,1,174574.67,1
15609298,Cust9298,627,Germany,Male,54,7,116720.99,1,1,1,136169.41,1
15609299,Cust9299,626,France,Female,18,0,28744.59,1,1,0,132645.24,0
15609300,Cust9300,797,Spain,Female,43,6,122293.88,1,0,0,180256.35,1
15609301,Cust9301,529,France,Female,47,3,0.0,1,1,1,111683.07,0
15609302,Cust9302,617,France,Female,48,10,0.0,2,0,0,79222.04,1
15609303,Cust9303,813,Germany,Female,41,3,90996.87,2,1,0,46570.6,0
15609304,Cust9304,620,France,Female,51,8,0.0,3,1,0,36318.59,0
15609305,Cust9305,656,France,Male,56,6,0.0,1,1,1,81293.18,0
15609306,Cust9306,633,Spain,Male,35,3,94698.03,1,1,0,16306.81,0
15609307,Cust9307,718,Spain,Male,42,2,0.0,2,0,0,131672.55,0
15609308,Cust9308,453,France,Female,51,2,166061.46,3,1,0,176412.63,0
15609309,Cust9309,630,Germany,Female,29,5,62937.67,1,1,0,132284.77,1
15609310,Cust9310,655,France,Male,36,9,0.0,1,1,0,196403.97,0
15609311,Cust9311,554,Germany,Female,32,10,66159.24,1,0,0,185711.73,1
15609312,Cust9312,683,France,Female,43,3,100455.55,2,1,0,123211.56,0
15609313,Cust9313,725,Germany,Female,19,0,0.0,1,1,0,35658.51,1
15609314,Cust9314,693,France,Male,52,2,144482.61,3,0,1,48068.23,1
15609315,Cust9315,821,Spain,Male,43,5,0.0,3,1,1,78128.04,0
15609316,Cust9316,608,Spain,Male,44,4,140874.02,2,1,0,43260.17,0
15609317,Cust9317,698,France,Male,18,1,112766.38,2,1,1,89280.73,0
15609318,Cust9318,696,Spain,Female,28,1,105472.79,3,0,0,198974.03,0
15609319,Cust9319,627,France,Male,53,6,0.0,1,1,1,199367.89,0
15609320,Cust9320,759,Germany,Male,36,2,98932.49,1,1,0,153184.33,1
15609321,Cust9321,678,France,Male,21,2,0.0,1,1,1,126894.42,1
15609322,Cust9322,535,France,Female,40,4,93761.64,2,1,1,172077.28,0
15609323,Cust9323,722,Germany,Male,45,9,0.0,1,0,1,192861.95,0
15609324,Cust9324,602,France,Female,43,9,0.0,2,1,0,171484.06,0
15609325,Cust9325,619,Germany,Male,36,3,245690.56,3,1,1,134045.25,0
15609326,Cust9326,626,Germany,Female,49,8,66212.44,1,1,1,103010.41,1
15609327,Cust9327,721,France,Male,31,10,139292.24,1,1,0,81859.25,1
15609328,Cust9328,754,France,Male,43,3,34386.65,3,1,0,93786.69,0
15609329,Cust9329,635,Germany,Female,39,0,118782.4,2,0,1,41294.24,0
15609330,Cust9330,629,Germany,Female,37,2,25234.82,1,0,1,60649.25,0
15609331,Cust9331,453,France,Female,34,9,0.0,1,0,0,155593.9,0
15609332,Cust9332,582,France,Female,35,1,0.0,1,1,0,131931.29,0
15609333,Cust9333,559,Germany,Male,38,2,144779.47,1,1,1,70687.06,1
15609334,Cust9334,680,Germany,Female,35,10,0.0,1,0,1,108104.47,0
15609335,Cust9335,640,Spain,Male,45,2,109000.15,1,1,0,81440.86,0
15609336,Cust9336,563,France,Female,33,5,0.0,2,1,0,56195.4,0
15609337,Cust9337,665,Germany,Female,54,9,127273.07,1,1,0,31095.75,1
15609338,Cust9338,644,Germany,Female,32,9,0.0,1,1,1,111385.39,1
15609339,Cust9339,406,France,Female,47,3,106656.76,1,0,1,129899.56,0
15609340,Cust9340,756,France,Female,48,2,77018.07,1,0,1,11304.51,1
15609341,Cust9341,747,France,Male,40,6,109023.09,2,1,0,18200.56,0
15609342,Cust9342,627,Spain,Male,39,3,24876.64,2,1,1,46287.91,0
15609343,Cust9343,684,France,Female,31,8,0.0,4,1,1,152760.19,0
15609344,Cust9344,619,Germany,Female,33,7,0.0,1,1,1,149674.26,1
15609345,Cust9345,496,Germany,Male,40,4,0.0,1,1,1,89920.86,0
15609346,Cust9346,850,France,Female,38,4,47735.05,2,1,1,199682.65,0
15609347,Cust9347,722,Spain,Male,50,1,25198.9,1,1,1,106578.03,0
15609348,Cust9348,740,Germany,Female,33,7,130174.32,2,1,0,135179.33,1
15609349,Cust9349,623,France,Female,34,10,129197.73,2,1,1,112155.63,0
15609350,Cust9350,758,Spain,Male,21,9,0.0,1,0,1,186990.13,0
15609351,Cust9351,518,Germany,Male,44,7,116115.93,1,1,0,35292.06,1
15609352,Cust9352,626,France,Female,44,8,153091.58,1,0,0,21410.01,0
15609353,Cust9353,721,Germany,Male,48,9,115482.13,1,1,0,114967.41,1
15609354,Cust9354,590,Germany,Female,48,2,58514.81,1,1,1,134769.63,0
15609355,Cust9355,737,France,Male,46,8,208198.15,1,1,1,169392.01,0
15609356,Cust9356,679,Spain,Male,46,1,0.0,2,0,1,103597.94,0
15609357,Cust9357,670,Germany,Male,44,8,137921.86,1,1,1,42786.48,0
15609358,Cust9358,581,Germany,Female,46,2,122430.28,1,1,0,79390.91,1
15609359,Cust9359,689,France,Female,20,6,147751.3,1,0,0,158631.56,0
15609360,Cust9360,836,France,Female,27,0,95776.92,1,0,0,65330.06,0
15609361,Cust9361,667,France,Female,25,0,0.0,1,1,0,173311.29,0
15609362,Cust9362,703,Germany,Female,51,7,71780.13,2,1,1,33662.06,0
15609363,Cust9363,718,Germany,Male,30,9,126117.25,1,1,1,91201.18,0
15609364,Cust9364,540,Spain,Male,32,1,42235.68,2,1,0,145541.81,0
15609365,Cust9365,637,France,Female,38,9,157149.74,4,1,0,78384.01,1
15609366,Cust9366,634,Germany,Male,26,8,205801.05,1,1,1,136366.9,0
15609367,Cust9367,446,Spain,Female,42,7,149560.82,1,1,1,196922.12,0
15609368,Cust9368,726,Spain,Female,18,2,6705.03,1,1,0,19111.15,0
15609369,Cust9369,561,Spain,Female,26,9,76063.41,2,1,0,17170.32,0
15609370,Cust9370,715,Spain,Female,40,6,144198.18,3,0,1,124783.38,1
15609371,Cust9371,577,France,Female,26,2,49738.21,2,0,1,190996.94,0
15609372,Cust9372,846,Germany,Female,51,9,39397.55,3,1,1,103689.98,1
15609373,Cust9373,623,Spain,Female,38,3,0.0,2,1,0,98951.31,1
15609374,Cust9374,834,Germany,Male,49,5,78488.28,2,0,1,53722.04,0
15609375,Cust9375,633,France,Male,42,1,0.0,3,0,1,80016.59,1
15609376,Cust9376,645,Spain,Male,38,4,37173.8,1,1,0,11829.94,1
15609377,Cust9377,800,France,Female,28,7,176253.55,1,0,0,110130.96,0
15609378,Cust9378,562,France,Female,47,9,56023.81,2,1,1,165182.85,0
15609379,Cust9379,655,France,Female,42,4,80617.49,2,0,1,158575.27,0
15609380,Cust9380,702,France,Male,59,6,118863.87,1,0,0,94245.04,0
15609381,Cust9381,689,France,Female,46,1,89701.45,1,1,0,93636.93,1
15609382,Cust9382,654,France,Male,34,2,78432.44,1,1,0,139051.77,0
15609383,Cust9383,641,Spain,Female,41,6,142225.73,1,1,1,187831.1,0
15609384,Cust9384,731,France,Male,42,0,116509.31,1,1,1,151258.38,0
15609385,Cust9385,667,Germany,Female,50,3,114548.48,1,1,1,105254.77,0
15609386,Cust9386,743,Spain,Female,51,0,0.0,1,0,0,183084.29,0
15609387,Cust9387,688,Spain,Male,36,5,0.0,1,1,1,197658.19,0
15609388,Cust9388,712,France,Male,26,2,0.0,1,1,1,146480.2,0
15609389,Cust9389,759,France,Male,19,2,0.0,2,0,1,181814.61,0
15609390,Cust9390,620,Germany,Male,27,5,0.0,2,1,0,188795.95,0
15609391,Cust9391,756,Spain,Male,32,1,83437.8,1,0,0,118758.29,0
15609392,Cust9392,635,Germany,Male,53,8,96709.72,2,0,0,66577.62,1
15609393,Cust9393,516,France,Male,53,4,36335.44,1,1,0,149516.13,0
15609394,Cust9394,618,Germany,Male,48,9,79708.93,2,0,1,42320.95,0
15609395,Cust9395,581,Germany,Female,50,2,99074.99,2,0,1,74149.0,0
15609396,Cust9396,686,Germany,Male,31,0,41685.79,1,1,1,86260.29,0
15609397,Cust9397,623,Spain,Male,23,4,149841.14,1,1,0,171180.88,0
15609398,Cust9398,662,Spain,Female,28,1,0.0,2,1,0,92962.93,0
15609399,Cust9399,747,Germany,Male,18,4,129029.49,1,0,1,128671.81,0
15609400,Cust9400,793,Germany,Female,27,8,106725.54,3,1,0,174369.07,0
15609401,Cust9401,678,Germany,Female,33,10,214213.64,3,1,0,36713.29,0
15609402,Cust9402,754,Germany,Female,40,5,102613.28,1,0,1,138917.27,0
15609403,Cust9403,633,France,Male,39,2,36773.13,2,1,1,138698.05,0
15609404,Cust9404,500,Germany,Male,31,4,0.0,3,1,0,115003.68,1
15609405,Cust9405,537,Germany,Female,44,3,85573.59,3,0,1,182372.28,0
15609406,Cust9406,631,France,Female,31,1,0.0,1,1,1,111077.04,0
15609407,Cust9407,726,France,Male,38,8,39157.34,1,0,1,40828.61,0
15609408,Cust9408,631,Germany,Female,27,8,0.0,1,1,1,137846.99,0
15609409,Cust9409,764,Germany,Female,49,3,197332.01,2,1,1,89821.47,0
15609410,Cust9410,826,France,Female,38,5,95363.88,1,1,1,198353.55,0
15609411,Cust9411,565,France,Male,45,5,0.0,1,1,1,164740.15,0
15609412,Cust9412,850,France,Male,26,4,0.0,1,0,1,36885.62,0
15609413,Cust9413,493,Spain,Male,40,8,158707.05,1,1,0,81556.29,1
15609414,Cust9414,827,Spain,Male,44,7,79564.82,1,0,0,40699.57,0
15609415,Cust9415,647,Germany,Female,18,0,0.0,1,0,0,181958.07,0
15609416,Cust9416,628,France,Male,50,2,158752.51,1,1,0,16783.07,0
15609417,Cust9417,649,Germany,Male,26,10,0.0,2,1,0,87223.45,0
15609418,Cust9418,573,Germany,Male,40,4,68920.55,1,0,0,49957.62,0
15609419,Cust9419,794,Spain,Female,56,5,76468.41,1,1,1,96725.33,0
15609420,Cust9420,584,France,Female,48,8,0.0,1,1,1,160741.42,0
15609421,Cust9421,596,France,Female,23,8,64687.93,1,1,0,15458.35,0
15609422,Cust9422,518,Germany,Female,36,6,128018.5,1,1,1,60720.45,0
15609423,Cust9423,580,France,Female,50,10,0.0,2,1,1,169130.76,0
15609424,Cust9424,583,Germany,Male,30,6,31487.45,2,1,0,66317.1,0
15609425,Cust9425,576,Spain,Male,34,9,0.0,1,1,0,69516.64,1
15609426,Cust9426,633,France,Female,34,5,149597.09,3,1,1,64528.68,0
15609427,Cust9427,543,France,Female,44,2,0.0,2,0,0,139996.1,0
15609428,Cust9428,803,Germany,Male,23,1,0.0,3,1,1,178378.72,0
15609429,Cust9429,635,Spain,Female,44,6,166177.63,1,1,0,81992.46,0
15609430,Cust9430,686,France,Male,32,9,0.0,2,1,1,194727.58,0
15609431,Cust9431,733,France,Female,38,4,124578.69,2,1,1,39935.74,0
15609432,Cust9432,844,Germany,Female,36,7,164090.83,2,1,1,175729.33,0
15609433,Cust9433,737,France,Male,44,5,0.0,2,1,0,77948.69,0
15609434,Cust9434,626,Spain,Female,38,8,0.0,1,1,0,43002.79,0
15609435,Cust9435,547,Germany,Female,52,8,117441.53,1,1,0,139310.57,0
15609436,Cust9436,682,France,Female,48,7,105483.3,2,1,0,58615.04,0
15609437,Cust9437,752,Spain,Female,30,3,189084.47,1,1,0,37428.25,0
15609438,Cust9438,664,Germany,Male,52,4,0.0,2,1,0,103632.01,0
15609439,Cust9439,656,France,Male,41,5,0.0,1,1,1,44401.63,0
15609440,Cust9440,670,Germany,Male,40,9,184234.89,1,1,1,109575.32,0
15609441,Cust9441,471,Spain,Male,46,6,0.0,2,1,1,187656.66,0
15609442,Cust9442,664,Germany,Male,28,1,84974.58,2,1,0,11751.55,0
15609443,Cust9443,720,France,Male,24,2,0.0,1,1,1,80370.63,0
15609444,Cust9444,646,Germany,Male,38,3,80717.35,1,1,0,127571.15,1
15609445,Cust9445,758,France,Female,32,6,0.0,1,1,1,103361.47,1
15609446,Cust9446,761,Germany,Male,59,8,144270.07,2,1,1,122488.37,0
15609447,Cust9447,602,Germany,Male,30,1,99722.29,1,1,0,15423.54,0
15609448,Cust9448,692,France,Female,38,7,0.0,1,1,1,111872.2,0
15609449,Cust9449,654,France,Female,40,6,117901.01,1,1,0,135774.57,1
15609450,Cust9450,455,Spain,Female,50,2,0.0,2,1,1,124136.08,1
15609451,Cust9451,632,France,Male,28,1,158429.86,1,1,1,19041.42,0
15609452,Cust9452,551,Spain,Female,22,1,164496.21,1,1,0,30852.91,0
15609453,Cust9453,663,Germany,Male,52,8,21141.45,1,0,0,141113.57,1
15609454,Cust9454,716,Germany,Female,39,2,62005.8,1,1,0,38465.9,1
15609455,Cust9455,629,France,Female,46,2,115905.15,1,1,0,69558.46,0
15609456,Cust9456,564,France,Male,47,4,179299.73,2,0,1,95158.26,0
15609457,Cust9457,672,France,Female,48,7,0.0,1,0,0,94252.78,0
15609458,Cust9458,850,Germany,Female,34,4,0.0,2,1,1,21433.26,0
15609459,Cust9459,441,Spain,Male,32,6,111439.09,1,1,1,96341.48,1
15609460,Cust9460,672,Spain,Male,18,4,30155.55,2,1,1,90732.89,0
15609461,Cust9461,598,France,Female,28,4,84692.42,1,1,0,64223.45,0
15609462,Cust9462,609,France,Male,39,6,0.0,3,1,1,108784.28,0
15609463,Cust9463,640,France,Male,31,7,0.0,1,1,1,149079.52,1
15609464,Cust9464,617,Spain,Male,27,8,69269.24,1,1,0,198525.05,1
15609465,Cust9465,708,France,Female,39,9,101467.55,1,1,0,194157.47,0
15609466,Cust9466,627,France,Male,51,3,97659.94,1,1,1,140983.89,1
15609467,Cust9467,442,Germany,Female,37,1,0.0,1,1,1,55515.51,0
15609468,Cust9468,773,Germany,Female,27,1,148061.7,3,0,1,167794.59,1
15609469,Cust9469,758,France,Male,51,7,0.0,1,1,1,74034.05,0
15609470,Cust9470,592,Germany,Male,30,4,0.0,3,1,1,47331.05,0
15609471,Cust9471,655,France,Female,53,4,0.0,1,1,0,72514.1,0
15609472,Cust9472,767,France,Male,35,8,0.0,2,1,0,21628.15,0
15609473,Cust9473,749,France,Male,39,7,51588.07,2,1,1,85707.85,0
15609474,Cust9474,780,France,Male,54,10,0.0,1,1,1,162419.32,0
15609475,Cust9475,686,Spain,Female,24,9,70407.96,1,1,1,12478.34,0
15609476,Cust9476,724,Germany,Female,27,8,0.0,1,1,1,11020.25,0
15609477,Cust9477,785,Spain,Male,35,7,168364.77,1,0,0,44283.22,0
15609478,Cust9478,617,France,Male,37,9,0.0,2,1,0,48104.48,0
15609479,Cust9479,692,Germany,Male,64,1,91721.5,1,0,1,132713.83,0
15609480,Cust9480,444,Spain,Female,29,10,0.0,2,0,1,41301.56,0
15609481,Cust9481,498,France,Male,25,4,79094.64,1,1,0,86287.48,0
15609482,Cust9482,698,Spain,Female,29,2,0.0,3,1,1,131582.22,0
15609483,Cust9483,713,Germany,Female,40,6,0.0,3,0,1,56889.66,0
15609484,Cust9484,613,Germany,Male,43,9,83647.14,1,1,0,43072.16,1
15609485,Cust9485,592,France,Female,31,1,111670.64,2,1,1,178684.03,0
15609486,Cust9486,616,Germany,Female,38,1,49617.6,1,1,0,52431.05,0
15609487,Cust9487,668,Germany,Female,57,7,0.0,1,1,1,179781.24,0
15609488,Cust9488,428,Spain,Male,38,7,7699.6,2,1,0,189993.75,0
15609489,Cust9489,695,Spain,Female,41,7,85315.98,1,1,1,186330.0,1
15609490,Cust9490,653,France,Male,57,9,111435.1,2,1,1,102141.39,0
15609491,Cust9491,674,Spain,Female,31,8,35089.73,1,1,1,147334.69,0
15609492,Cust9492,638,Spain,Male,30,8,0.0,2,1,1,57627.71,0
15609493,Cust9493,517,Germany,Male,33,1,0.0,1,1,1,23155.46,0
15609494,Cust9494,545,France,Female,33,3,0.0,1,1,1,109233.34,0
15609495,Cust9495,796,France,Male,20,7,95545.73,1,1,1,30260.5,0
15609496,Cust9496,588,France,Male,39,9,99021.05,2,0,1,158216.99,0
15609497,Cust9497,728,France,Female,40,4,110455.25,2,0,1,106764.03,0
15609498,Cust9498,546,Spain,Male,36,6,25391.79,2,0,0,23040.34,0
15609499,Cust9499,649,France,Female,40,2,0.0,1,1,0,147009.86,0
15609500,Cust9500,608,Germany,Female,41,9,130603.68,1,1,0,102840.32,0
15609501,Cust9501,622,Germany,Male,25,5,79875.12,2,0,1,98473.6,0
15609502,Cust9502,617,Germany,Female,41,1,0.0,1,1,1,117384.66,0
15609503,Cust9503,789,France,Female,44,6,35142.8,1,1,1,160077.07,0
15609504,Cust9504,835,Germany,Female,22,2,138767.42,1,1,0,37570.19,1
15609505,Cust9505,673,Germany,Male,53,5,42863.66,2,1,1,32456.5,0
15609506,Cust9506,610,Germany,Female,26,3,0.0,1,1,0,43361.35,1
15609507,Cust9507,522,France,Female,27,9,198755.64,1,1,1,68692.03,0
15609508,Cust9508,516,Germany,Male,40,9,0.0,2,0,1,152772.91,0
15609509,Cust9509,789,France,Female,43,1,65213.69,1,0,1,123214.25,0
15609510,Cust9510,509,Germany,Male,46,3,91578.11,1,1,1,22808.28,0
15609511,Cust9511,608,France,Male,44,4,144733.72,1,0,1,166123.91,0
15609512,Cust9512,665,France,Male,33,9,58867.19,3,1,1,19602.63,1
15609513,Cust9513,400,Spain,Female,39,2,3262.04,2,1,1,50114.34,0
15609514,Cust9514,530,France,Male,35,7,150719.75,2,0,1,178820.56,0
15609515,Cust9515,522,Spain,Male,40,0,100877.13,2,1,1,77113.14,0
15609516,Cust9516,586,Spain,Male,39,10,0.0,2,1,0,75377.21,0
15609517,Cust9517,675,France,Male,33,3,102284.34,2,1,0,46738.08,0
15609518,Cust9518,749,France,Female,35,2,0.0,2,1,0,44780.49,0
15609519,Cust9519,586,France,Male,19,7,0.0,1,1,0,16741.35,0
15609520,Cust9520,606,Spain,Male,46,6,0.0,1,1,1,171330.06,0
15609521,Cust9521,639,Germany,Female,41,5,121590.35,1,1,0,149101.74,1
15609522,Cust9522,573,France,Male,18,10,0.0,2,0,0,82073.61,0
15609523,Cust9523,690,Germany,Male,46,4,1000.0,1,1,1,153749.98,0
15609524,Cust9524,693,France,Female,37,5,85015.76,1,1,0,64467.01,1
15609525,Cust9525,389,Germany,Female,29,5,101759.98,3,1,0,75636.02,0
15609526,Cust9526,711,Germany,Male,28,1,0.0,1,1,1,178080.44,0
15609527,Cust9527,662,France,Female,31,3,0.0,1,1,0,53415.12,0
15609528,Cust9528,675,Spain,Female,29,6,187677.44,1,1,0,172460.74,0
15609529,Cust9529,763,France,Female,30,1,79317.84,3,1,1,57607.27,0
15609530,Cust9530,479,Germany,Male,55,8,0.0,2,1,1,183353.23,0
15609531,Cust9531,529,Germany,Female,42,6,78540.83,2,1,0,54094.07,0
15609532,Cust9532,643,Spain,Female,58,7,120629.01,1,0,0,66206.38,0
15609533,Cust9533,427,France,Female,40,8,0.0,2,1,0,115417.24,0
15609534,Cust9534,630,Spain,Female,44,5,0.0,2,0,0,48883.0,0
15609535,Cust9535,731,France,Female,29,8,114449.08,2,0,0,15790.09,0
15609536,Cust9536,688,Spain,Female,36,8,75516.88,2,1,1,67921.14,0
15609537,Cust9537,658,France,Male,37,2,0.0,1,1,0,92561.73,0
15609538,Cust9538,628,Germany,Male,44,2,0.0,2,1,0,13353.61,0
15609539,Cust9539,609,France,Female,38,4,83343.27,2,1,1,159477.26,0
15609540,Cust9540,603,Spain,Male,42,1,0.0,1,1,1,63729.72,0
15609541,Cust9541,672,Spain,Female,41,6,74068.71,1,0,0,44196.02,0
15609542,Cust9542,501,France,Female,35,10,0.0,1,1,0,129406.09,0
15609543,Cust9543,790,Germany,Female,34,8,199352.79,2,1,0,176880.01,0
15609544,Cust9544,579,Germany,Male,31,8,0.0,1,0,1,96306.04,0
15609545,Cust9545,704,France,Female,49,2,1000.0,2,1,1,91496.87,0
15609546,Cust9546,658,Germany,Female,35,8,83762.39,1,0,1,104964.74,0
15609547,Cust9547,539,Germany,Male,41,1,94617.89,2,1,0,40893.4,0
15609548,Cust9548,774,Germany,Female,36,4,0.0,3,1,0,69592.65,1
15609549,Cust9549,754,France,Male,49,10,67449.95,1,1,0,97003.3,0
15609550,Cust9550,499,Spain,Female,18,8,68250.7,1,1,0,199004.97,0
15609551,Cust9551,643,France,Male,41,1,67095.17,2,0,0,84677.05,0
15609552,Cust9552,670,Germany,Female,25,5,0.0,2,0,0,20484.86,1
15609553,Cust9553,451,France,Male,42,10,0.0,2,1,1,59417.5,0
15609554,Cust9554,446,France,Male,37,4,0.0,1,1,1,186616.44,0
15609555,Cust9555,570,France,Male,23,6,34173.83,2,0,0,169831.36,0
15609556,Cust9556,524,France,Male,41,4,0.0,2,1,0,128549.61,0
15609557,Cust9557,550,Germany,Female,40,5,128717.78,1,1,1,112033.4,0
15609558,Cust9558,524,Germany,Female,36,5,58116.51,1,1,1,132054.65,0
15609559,Cust9559,638,Germany,Male,37,2,0.0,3,0,0,192839.45,0
15609560,Cust9560,564,Germany,Male,40,10,66451.75,1,0,1,94096.35,0
15609561,Cust9561,757,France,Female,50,9,0.0,1,1,1,162183.75,0
15609562,Cust9562,667,France,Male,35,1,0.0,3,1,1,176767.63,0
15609563,Cust9563,726,Germany,Male,48,1,114754.4,2,1,1,50636.66,0
15609564,Cust9564,488,Germany,Male,38,7,135412.65,2,1,1,84030.4,0
15609565,Cust9565,590,Germany,Female,51,4,0.0,2,1,0,147119.27,0
15609566,Cust9566,663,France,Female,36,7,178821.17,1,1,1,55314.51,0
15609567,Cust9567,693,Spain,Male,31,0,108247.93,2,1,0,71282.41,0
15609568,Cust9568,588,France,Female,27,8,75718.32,1,1,0,77611.24,0
15609569,Cust9569,602,Germany,Female,38,0,97096.75,2,1,0,195045.1,0
15609570,Cust9570,612,France,Female,30,2,0.0,1,1,1,142459.1,0
15609571,Cust9571,621,Germany,Female,52,8,0.0,1,1,0,109560.99,0
15609572,Cust9572,850,France,Female,29,3,0.0,1,1,0,95455.79,0
15609573,Cust9573,680,Germany,Female,31,2,0.0,1,1,0,140284.1,1
15609574,Cust9574,654,France,Female,44,9,93483.81,1,1,1,179777.96,0
15609575,Cust9575,529,Germany,Male,50,6,56877.89,2,1,0,54572.7,0
15609576,Cust9576,531,France,Female,45,3,0.0,2,0,0,151140.29,0
15609577,Cust9577,630,Germany,Female,49,7,112710.86,1,1,0,57357.75,1
15609578,Cust9578,759,France,Male,37,1,0.0,2,0,0,157848.55,1
15609579,Cust9579,631,France,Male,37,5,125692.22,2,1,1,150623.25,0
15609580,Cust9580,635,Germany,Male,58,2,109826.85,1,1,0,141751.2,0
15609581,Cust9581,579,France,Male,55,7,0.0,1,0,1,61492.28,0
15609582,Cust9582,483,France,Male,45,2,131365.8,2,1,1,198463.22,0
15609583,Cust9583,692,Spain,Male,49,2,0.0,1,0,0,74056.83,1
15609584,Cust9584,626,Spain,Male,47,2,0.0,1,0,1,177457.05,0
15609585,Cust9585,693,Spain,Female,26,8,140094.99,2,0,0,44973.44,0
15609586,Cust9586,665,France,Male,38,9,87599.19,2,0,1,82242.71,0
15609587,Cust9587,557,Germany,Male,53,2,0.0,2,1,0,15360.78,0
15609588,Cust9588,672,Spain,Male,45,1,0.0,2,1,0,30019.1,0
15609589,Cust9589,526,France,Male,37,6,195279.75,2,0,0,95301.02,0
15609590,Cust9590,671,Germany,Male,53,7,0.0,1,0,1,166705.25,0
15609591,Cust9591,644,France,Female,42,9,51878.64,1,1,0,137376.6,1
15609592,Cust9592,798,Spain,Male,46,9,56868.27,2,0,1,119507.24,0
15609593,Cust9593,567,Germany,Male,42,8,52690.74,2,1,1,13439.78,0
15609594,Cust9594,523,France,Female,43,0,145223.08,2,1,1,168280.38,0
15609595,Cust9595,610,France,Female,44,0,214305.81,2,1,0,72716.46,0
15609596,Cust9596,708,France,Male,51,2,0.0,2,0,1,115169.04,0
15609597,Cust9597,381,France,Male,52,4,101904.75,3,0,0,166307.31,0
15609598,Cust9598,734,Germany,Female,33,8,122611.21,1,0,0,20995.34,0
15609599,Cust9599,630,Germany,Male,42,9,0.0,1,1,0,70780.34,1
15609600,Cust9600,540,Germany,Male,51,7,0.0,3,1,1,191453.66,0
15609601,Cust9601,615,France,Female,37,9,73619.96,3,1,0,29272.86,0
15609602,Cust9602,579,Germany,Female,25,4,0.0,1,1,1,79919.62,0
15609603,Cust9603,532,France,Female,29,7,136803.63,1,1,0,180901.2,1
15609604,Cust9604,464,France,Male,30,1,111381.4,2,1,1,33750.06,0
15609605,Cust9605,720,Spain,Female,33,1,0.0,1,0,1,140234.43,0
15609606,Cust9606,596,Germany,Female,31,9,15250.43,1,1,0,141212.61,0
15609607,Cust9607,612,Germany,Female,48,4,37888.94,1,1,1,56969.3,0
15609608,Cust9608,731,Spain,Male,35,7,0.0,2,0,0,38413.55,0
15609609,Cust9609,655,France,Male,51,10,170837.95,1,0,0,154651.86,1
15609610,Cust9610,500,Spain,Male,27,6,50489.84,1,0,1,54257.37,0
15609611,Cust9611,715,Germany,Female,34,1,136636.62,1,1,1,157953.58,0
15609612,Cust9612,792,Germany,Male,39,7,0.0,2,1,1,182480.92,0
15609613,Cust9613,698,France,Male,46,8,72113.75,2,1,1,19892.48,0
15609614,Cust9614,567,France,Male,49,3,116623.51,2,1,1,63873.36,0
15609615,Cust9615,509,France,Male,33,4,0.0,1,0,0,148604.68,0
15609616,Cust9616,563,France,Female,48,6,0.0,3,1,1,117955.11,1
15609617,Cust9617,660,France,Male,21,8,0.0,3,1,1,108561.66,0
15609618,Cust9618,787,Germany,Male,47,1,96858.01,1,0,0,99494.82,0
15609619,Cust9619,577,Germany,Female,25,0,0.0,4,1,1,191876.52,0
15609620,Cust9620,588,France,Female,42,7,147265.65,1,1,1,157871.58,0
15609621,Cust9621,748,Germany,Female,49,0,108690.93,1,1,1,115522.22,0
15609622,Cust9622,608,Spain,Female,47,4,64108.44,2,1,1,72812.2,0
15609623,Cust9623,815,Germany,Male,22,3,0.0,2,0,0,15491.21,0
15609624,Cust9624,636,Spain,Male,34,4,149470.64,2,0,0,139088.41,0
15609625,Cust9625,762,Germany,Male,45,9,0.0,1,1,0,40379.16,0
15609626,Cust9626,687,France,Female,45,10,0.0,2,1,0,40685.29,0
15609627,Cust9627,718,France,Female,41,7,0.0,2,1,1,30754.34,0
15609628,Cust9628,633,Spain,Male,18,4,208075.8,1,1,0,177510.95,1
15609629,Cust9629,639,Germany,Female,50,6,139997.97,2,1,0,120186.21,0
15609630,Cust9630,690,Spain,Female,52,1,55976.64,1,0,0,162757.26,0
15609631,Cust9631,727,Spain,Female,40,10,105062.39,1,0,0,13842.68,0
15609632,Cust9632,701,France,Male,40,9,0.0,1,1,1,100865.05,0
15609633,Cust9633,480,France,Male,43,3,102589.94,2,0,1,129034.02,0
15609634,Cust9634,675,Germany,Female,53,0,0.0,2,1,0,184133.13,0
15609635,Cust9635,587,France,Female,41,9,37214.31,2,0,1,124230.34,1
15609636,Cust9636,598,Germany,Female,36,0,0.0,1,1,1,35849.51,0
15609637,Cust9637,694,Spain,Female,42,1,76884.1,2,1,1,145283.38,0
15609638,Cust9638,813,Germany,Male,38,0,137244.03,2,0,0,78368.85,0
15609639,Cust9639,628,France,Female,38,1,107672.22,3,0,0,56823.29,0
15609640,Cust9640,839,Germany,Male,20,10,125032.72,2,0,0,171450.65,0
15609641,Cust9641,545,France,Male,43,5,49328.38,1,1,1,116713.25,0
15609642,Cust9642,768,Spain,Male,50,1,0.0,3,0,1,104103.35,0
15609643,Cust9643,691,France,Male,48,10,147414.63,2,1,1,169953.45,0
15609644,Cust9644,670,Spain,Male,48,4,0.0,1,1,1,188834.12,0
15609645,Cust9645,783,France,Female,37,7,0.0,2,0,1,131739.89,0
15609646,Cust9646,589,France,Female,39,5,105109.62,1,0,1,170705.6,0
15609647,Cust9647,773,Germany,Male,50,1,129140.58,2,0,0,90803.15,0
15609648,Cust9648,630,France,Male,47,7,14292.98,1,1,1,181760.66,0
15609649,Cust9649,588,France,Male,53,10,132500.58,2,1,0,146956.83,0
15609650,Cust9650,523,Spain,Male,31,10,60890.29,1,1,0,183116.97,0
15609651,Cust9651,802,Spain,Male,31,8,0.0,2,1,1,174282.07,0
15609652,Cust9652,760,France,Female,35,7,46144.16,1,1,1,78185.27,0
15609653,Cust9653,604,Germany,Female,29,8,0.0,1,1,1,178170.58,0
15609654,Cust9654,702,Spain,Male,25,10,52512.19,1,1,0,114026.17,0
15609655,Cust9655,662,Spain,Female,43,6,121274.73,1,1,1,161285.06,0
15609656,Cust9656,616,France,Female,42,9,0.0,2,1,0,145089.08,1
15609657,Cust9657,743,France,Male,40,4,112252.56,1,0,0,185687.0,0
15609658,Cust9658,590,Spain,Male,42,3,0.0,1,0,0,144067.66,0
15609659,Cust9659,440,France,Male,23,1,124817.17,2,1,1,147189.35,0
15609660,Cust9660,675,France,Male,33,5,97440.68,2,1,0,199417.63,0
15609661,Cust9661,656,Spain,Female,35,6,88098.69,2,0,0,175235.05,0
15609662,Cust9662,593,France,Male,38,4,133290.22,1,0,0,126746.71,0
15609663,Cust9663,564,Spain,Male,23,1,192358.57,3,0,0,152870.08,1
15609664,Cust9664,500,France,Male,29,4,98753.71,1,0,0,59244.34,0
15609665,Cust9665,615,Germany,Male,34,6,40195.57,1,1,1,114673.3,0
15609666,Cust9666,566,Spain,Female,49,1,87676.7,1,1,0,196529.47,0
15609667,Cust9667,743,Spain,Male,41,5,128735.88,2,1,1,43464.06,0
15609668,Cust9668,700,Spain,Female,48,4,84086.19,1,1,0,180454.28,1
15609669,Cust9669,603,Spain,Male,37,6,35292.29,2,0,0,151524.03,0
15609670,Cust9670,700,France,Male,38,0,0.0,1,0,0,65681.72,1
15609671,Cust9671,640,Spain,Male,43,9,91009.36,2,1,0,189872.63,1
15609672,Cust9672,624,Spain,Female,36,4,71751.54,1,1,1,91384.49,0
15609673,Cust9673,645,Germany,Male,32,4,0.0,2,0,0,100202.22,0
15609674,Cust9674,820,France,Female,23,1,140485.78,1,1,1,102185.57,0
15609675,Cust9675,712,France,Male,32,4,81374.97,1,1,0,47900.4,1
15609676,Cust9676,621,Germany,Female,46,4,136589.7,1,0,0,131599.42,1
15609677,Cust9677,736,Germany,Female,51,0,0.0,1,1,0,109569.38,1
15609678,Cust9678,732,France,Female,30,6,54791.45,1,1,0,196746.58,0
15609679,Cust9679,675,France,Male,21,3,0.0,1,1,1,157507.55,0
15609680,Cust9680,618,Germany,Male,47,3,0.0,2,1,1,93827.62,0
15609681,Cust9681,612,France,Female,39,0,97454.8,1,0,1,179107.35,0
15609682,Cust9682,547,Spain,Female,25,7,67882.88,1,0,0,185780.46,1
15609683,Cust9683,667,France,Male,18,1,0.0,1,1,0,119203.43,0
15609684,Cust9684,591,France,Male,28,6,47387.6,1,1,1,192438.65,0
15609685,Cust9685,608,France,Male,33,4,0.0,3,1,1,109300.07,0
15609686,Cust9686,710,Spain,Male,26,8,52594.09,1,1,0,52456.45,0
15609687,Cust9687,812,Spain,Male,45,4,0.0,2,1,1,110260.23,0
15609688,Cust9688,686,France,Male,30,7,0.0,1,1,1,103107.18,0
15609689,Cust9689,640,France,Male,38,10,0.0,1,1,0,107863.9,1
15609690,Cust9690,648,France,Female,62,2,127457.59,4,1,0,44168.51,0
15609691,Cust9691,759,France,Female,39,1,0.0,2,1,1,49572.15,0
15609692,Cust9692,687,Germany,Female,37,6,207253.37,2,1,0,85468.87,1
15609693,Cust9693,669,France,Male,37,1,61198.71,1,0,0,153816.19,0
15609694,Cust9694,675,Germany,Female,45,2,0.0,2,0,1,54797.62,1
15609695,Cust9695,513,France,Male,43,8,0.0,3,0,1,26369.8,0
15609696,Cust9696,687,France,Female,28,7,78652.05,1,1,0,61504.35,1
15609697,Cust9697,566,France,Male,34,0,55621.2,1,1,0,86017.24,1
15609698,Cust9698,688,France,Male,31,6,0.0,2,1,0,21491.52,0
15609699,Cust9699,579,France,Female,35,7,0.0,1,1,1,88493.11,0
15609700,Cust9700,707,France,Male,56,3,66740.22,1,1,0,121950.58,1
15609701,Cust9701,635,France,Female,44,8,81070.09,1,1,1,166839.32,0
15609702,Cust9702,540,Spain,Female,37,7,67018.34,1,1,1,102542.43,0
15609703,Cust9703,622,France,Male,50,6,140186.75,1,0,0,149170.5,0
15609704,Cust9704,850,France,Male,40,2,51154.93,1,1,1,139107.5,0
15609705,Cust9705,432,France,Female,22,3,66413.25,1,1,0,113125.76,0
15609706,Cust9706,666,Spain,Female,55,6,88342.72,1,1,0,116829.38,1
15609707,Cust9707,553,Spain,Female,36,1,62747.61,2,1,1,65832.8,1
15609708,Cust9708,782,Spain,Male,18,4,142165.68,2,0,0,38691.87,0
15609709,Cust9709,728,Germany,Female,22,10,58123.95,2,1,0,111146.48,0
15609710,Cust9710,668,Spain,Male,49,7,0.0,1,1,0,62111.85,0
15609711,Cust9711,738,France,Male,22,9,81776.3,1,1,0,80953.6,0
15609712,Cust9712,673,Spain,Female,51,3,0.0,2,1,1,152613.96,0
15609713,Cust9713,651,Spain,Male,39,8,0.0,2,1,0,137679.04,0
15609714,Cust9714,593,France,Male,45,8,155505.79,2,0,0,38938.14,0
15609715,Cust9715,615,France,Male,35,2,121522.45,3,1,1,35557.03,0
15609716,Cust9716,605,France,Female,43,2,111719.88,1,1,0,172899.93,1
15609717,Cust9717,651,France,Female,41,4,181649.33,1,1,1,84422.69,0
15609718,Cust9718,468,Spain,Female,38,7,90575.49,1,1,0,45430.2,1
15609719,Cust9719,749,France,Male,27,7,0.0,1,1,1,126868.37,0
15609720,Cust9720,837,Germany,Male,42,10,95168.48,2,1,1,193852.31,0
15609721,Cust9721,609,Spain,Female,20,1,92527.66,1,1,1,125178.86,1
15609722,Cust9722,763,France,Male,47,7,0.0,3,1,0,124731.69,0
15609723,Cust9723,637,France,Male,40,10,101256.46,2,1,1,178981.44,0
15609724,Cust9724,592,Germany,Male,43,1,0.0,3,0,0,48630.6,0
15609725,Cust9725,613,Spain,Female,18,10,109890.03,2,1,0,117184.26,0
15609726,Cust9726,658,France,Female,27,9,0.0,1,1,0,56510.28,0
15609727,Cust9727,581,France,Male,33,1,118974.53,1,1,1,140143.42,0
15609728,Cust9728,708,Germany,Male,45,2,68498.72,2,1,0,118233.46,0
15609729,Cust9729,600,Spain,Female,29,2,35697.72,1,1,1,172768.72,0
15609730,Cust9730,547,France,Female,63,1,149783.47,2,0,0,120919.69,1
15609731,Cust9731,648,France,Male,35,4,0.0,1,1,0,124367.44,0
15609732,Cust9732,583,Spain,Male,28,4,78245.45,2,0,1,102873.22,0
15609733,Cust9733,619,France,Female,36,4,71707.62,1,1,1,21410.36,1
15609734,Cust9734,645,France,Female,28,9,121375.85,2,1,0,99978.37,0
15609735,Cust9735,521,Germany,Female,26,4,139834.32,2,1,1,19198.77,0
15609736,Cust9736,790,France,Female,48,2,0.0,1,1,0,127029.66,1
15609737,Cust9737,728,France,Female,43,7,115403.05,3,1,1,55431.41,0
15609738,Cust9738,590,Germany,Male,43,7,82285.94,2,1,1,13508.95,0
15609739,Cust9739,648,Germany,Male,51,5,78991.48,1,1,1,154991.73,0
15609740,Cust9740,711,Germany,Male,43,7,81434.98,3,1,0,73128.16,0
15609741,Cust9741,670,France,Female,27,2,116481.71,2,1,1,134078.44,0
15609742,Cust9742,830,Germany,Male,45,8,74167.12,1,1,1,140830.22,0
15609743,Cust9743,627,Germany,Male,27,2,0.0,1,1,0,105377.72,0
15609744,Cust9744,764,Spain,Male,33,0,127099.65,3,1,1,11172.75,1
15609745,Cust9745,522,Spain,Female,38,4,129013.73,2,1,1,162183.84,0
15609746,Cust9746,537,Germany,Female,37,2,80629.14,1,1,1,81577.24,0
15609747,Cust9747,812,Spain,Male,20,5,60624.06,1,1,1,59017.76,0
15609748,Cust9748,609,Spain,Male,28,5,100013.76,2,0,0,151403.18,1
15609749,Cust9749,538,France,Female,38,10,78064.94,1,1,0,160182.6,0
15609750,Cust9750,645,Spain,Male,32,4,71679.67,1,1,1,164591.43,1
15609751,Cust9751,771,Spain,Female,49,1,87273.35,1,0,0,156352.13,0
15609752,Cust9752,577,France,Male,51,5,0.0,1,1,1,46064.18,0
15609753,Cust9753,646,France,Female,27,8,0.0,2,1,0,157871.49,0
15609754,Cust9754,472,Germany,Male,39,2,0.0,2,1,0,57158.81,0
15609755,Cust9755,605,France,Female,54,3,123000.57,2,1,1,68942.3,1
15609756,Cust9756,746,Germany,Male,37,1,0.0,1,1,1,60014.4,0
15609757,Cust9757,575,Germany,Male,34,7,131895.3,1,1,0,52333.89,0
15609758,Cust9758,528,France,Female,47,1,0.0,2,1,0,120302.42,0
15609759,Cust9759,575,France,Female,35,2,106897.57,2,0,1,127674.37,0
15609760,Cust9760,591,Spain,Female,51,0,119367.15,1,1,0,152302.85,0
15609761,Cust9761,723,France,Female,32,4,0.0,2,0,0,48459.07,0
15609762,Cust9762,686,Germany,Female,33,9,93473.0,1,0,1,100388.46,0
15609763,Cust9763,705,France,Female,46,4,51324.54,1,1,0,123624.43,0
15609764,Cust9764,653,France,Male,39,1,99371.21,2,0,1,80267.46,0
15609765,Cust9765,590,Germany,Female,39,8,154814.98,1,1,0,52900.14,0
15609766,Cust9766,575,France,Male,19,3,69580.23,1,0,1,25742.75,0
15609767,Cust9767,692,Germany,Male,34,1,68096.05,2,1,0,63585.13,0
15609768,Cust9768,803,Germany,Female,47,0,89058.44,1,0,1,109629.91,0
15609769,Cust9769,560,France,Male,30,3,0.0,2,1,1,42831.6,0
15609770,Cust9770,552,France,Male,45,1,50493.05,1,0,0,176563.92,0
15609771,Cust9771,541,Germany,Male,41,5,72235.38,3,1,0,144616.57,1
15609772,Cust9772,730,Germany,Male,36,4,53982.99,1,1,0,30258.19,0
15609773,Cust9773,646,Germany,Female,52,7,161270.24,3,1,1,49289.53,0
15609774,Cust9774,703,Spain,Male,35,3,57775.36,1,0,1,20735.49,0
15609775,Cust9775,601,France,Male,35,0,0.0,2,1,1,172771.54,0
15609776,Cust9776,709,France,Male,36,1,69797.85,2,1,0,54783.44,0
15609777,Cust9777,622,Germany,Male,39,1,0.0,1,1,0,193810.46,1
15609778,Cust9778,502,Germany,Male,46,2,142520.95,2,0,0,195552.3,0
15609779,Cust9779,739,Spain,Male,23,7,92014.35,1,1,0,57161.22,0
15609780,Cust9780,647,France,Female,47,6,133836.53,1,1,0,185895.76,0
15609781,Cust9781,620,Germany,Female,39,4,0.0,1,0,0,77682.51,1
15609782,Cust9782,677,Germany,Male,44,2,110503.96,2,0,0,73844.37,0
15609783,Cust9783,511,France,Male,62,1,139231.17,1,1,0,182818.52,1
15609784,Cust9784,691,Germany,Male,33,1,0.0,2,0,1,123248.97,0
15609785,Cust9785,593,Germany,Male,26,2,0.0,2,1,1,140459.69,1
15609786,Cust9786,635,France,Male,40,5,0.0,1,1,1,89483.17,0
15609787,Cust9787,759,France,Female,42,6,37846.17,1,1,0,109710.22,0
15609788,Cust9788,712,France,Female,47,10,95721.66,2,0,1,157294.52,0
15609789,Cust9789,633,Spain,Male,33,10,8599.07,1,1,1,43224.9,0
15609790,Cust9790,640,France,Male,30,2,0.0,1,1,1,197655.26,1
15609791,Cust9791,404,France,Female,23,8,31476.33,1,1,1,162301.46,0
15609792,Cust9792,571,France,Female,24,1,0.0,1,1,0,61638.71,0
15609793,Cust9793,666,France,Male,34,8,117053.19,2,1,0,143307.04,0
15609794,Cust9794,577,France,Female,37,10,92911.38,1,1,1,13479.23,0
15609795,Cust9795,523,Germany,Male,59,6,0.0,3,0,1,152954.29,0
15609796,Cust9796,696,France,Female,21,5,67814.63,2,1,0,161710.15,0
15609797,Cust9797,775,France,Male,41,4,103899.24,4,1,1,37460.08,0
15609798,Cust9798,581,France,Female,31,9,45083.68,2,1,0,68676.3,0
15609799,Cust9799,734,France,Male,40,10,58881.86,1,1,1,133633.09,0
15609800,Cust9800,720,France,Male,32,7,118581.46,1,0,1,144593.75,0
15609801,Cust9801,556,Germany,Female,48,0,83812.52,1,1,1,23948.27,1
15609802,Cust9802,580,Germany,Female,48,9,0.0,2,0,1,91627.46,0
15609803,Cust9803,823,Germany,Female,37,8,142493.61,2,1,1,101720.88,0
15609804,Cust9804,543,France,Male,52,3,97555.54,1,1,0,139945.67,0
15609805,Cust9805,592,Spain,Female,46,2,78232.37,2,1,1,77120.72,1
15609806,Cust9806,839,Germany,Male,52,8,0.0,1,0,0,78981.92,1
15609807,Cust9807,595,France,Female,38,6,0.0,2,1,0,52038.62,0
15609808,Cust9808,780,France,Male,48,8,0.0,1,1,0,182891.69,0
15609809,Cust9809,552,Spain,Male,30,10,0.0,1,0,1,28921.24,0
15609810,Cust9810,663,France,Male,29,4,0.0,1,1,0,103484.73,0
15609811,Cust9811,754,France,Female,60,9,174486.7,4,1,1,38006.82,0
15609812,Cust9812,605,Germany,Female,27,5,74461.81,2,1,1,16699.58,0
15609813,Cust9813,660,France,Male,34,9,0.0,1,1,1,142299.2,0
15609814,Cust9814,721,Spain,Female,19,2,57654.43,2,1,0,42306.99,1
15609815,Cust9815,563,France,Male,30,9,116382.52,1,0,1,121076.45,1
15609816,Cust9816,850,France,Male,28,7,169725.92,1,1,0,129054.41,1
15609817,Cust9817,750,France,Male,31,4,139994.19,2,1,0,195470.27,0
15609818,Cust9818,616,France,Female,41,10,0.0,1,1,1,92455.77,0
15609819,Cust9819,627,Spain,Female,43,4,42844.35,2,1,0,25239.12,0
15609820,Cust9820,834,Spain,Female,28,8,136663.89,1,0,1,97993.99,0
15609821,Cust9821,616,Spain,Male,30,5,89090.3,2,1,1,36266.88,1
15609822,Cust9822,605,Germany,Male,49,1,0.0,1,1,1,108956.17,0
15609823,Cust9823,760,France,Female,55,3,120354.17,1,1,0,101601.58,0
15609824,Cust9824,516,France,Male,51,8,0.0,1,1,1,96891.29,0
15609825,Cust9825,642,France,Female,22,5,37394.23,2,1,1,160726.53,1
15609826,Cust9826,658,Spain,Female,50,9,128328.69,3,1,0,81489.56,1
15609827,Cust9827,582,France,Male,57,1,72250.87,1,0,0,154686.93,0
15609828,Cust9828,500,France,Male,21,8,130280.37,1,1,0,158794.42,0
15609829,Cust9829,657,Germany,Female,49,9,91320.54,2,1,1,79921.3,0
15609830,Cust9830,716,Spain,Female,40,10,77288.15,1,0,1,70585.46,0
15609831,Cust9831,585,France,Female,35,8,122846.58,1,1,1,14741.28,0
15609832,Cust9832,537,Germany,Female,39,5,106956.58,1,1,0,158094.98,0
15609833,Cust9833,771,Germany,Male,42,0,0.0,1,1,1,149982.26,0
15609834,Cust9834,701,Spain,Female,50,2,168115.78,2,0,0,39526.76,0
15609835,Cust9835,615,France,Female,49,7,90590.69,1,1,0,40649.03,0
15609836,Cust9836,738,France,Female,23,9,138651.35,1,1,1,156093.43,0
15609837,Cust9837,673,France,Male,32,8,0.0,1,1,1,35208.27,0
15609838,Cust9838,822,Spain,Male,39,6,60429.51,1,1,0,161559.52,0
15609839,Cust9839,714,Spain,Male,54,9,91084.94,2,1,1,52806.39,0
15609840,Cust9840,517,Germany,Male,18,3,124879.36,1,1,0,102208.56,1
15609841,Cust9841,587,France,Female,32,3,208577.29,2,1,0,46765.17,0
15609842,Cust9842,591,France,Female,23,0,145552.25,4,0,1,59201.3,0
15609843,Cust9843,680,Germany,Male,24,6,0.0,1,1,1,120354.9,0
15609844,Cust9844,621,France,Female,48,2,31686.09,3,1,1,172105.59,0
15609845,Cust9845,542,Germany,Male,33,3,0.0,1,1,0,122822.68,0
15609846,Cust9846,707,Spain,Female,18,1,102478.55,1,1,1,50864.07,0
15609847,Cust9847,746,France,Female,36,9,144471.6,2,0,1,115564.74,0
15609848,Cust9848,640,France,Female,58,2,0.0,1,1,1,44122.06,0
15609849,Cust9849,670,France,Female,20,9,0.0,2,0,0,108564.0,0
15609850,Cust9850,557,France,Female,43,2,0.0,2,0,1,52824.62,0
15609851,Cust9851,600,Germany,Female,54,0,0.0,3,0,1,158872.63,0
15609852,Cust9852,604,France,Male,38,10,0.0,2,1,1,172244.1,0
15609853,Cust9853,704,France,Female,57,3,0.0,2,1,1,128997.36,1
15609854,Cust9854,675,France,Male,31,7,190083.08,2,1,0,85603.7,0
15609855,Cust9855,618,France,Male,52,1,110255.08,1,1,0,169421.14,0
15609856,Cust9856,615,Germany,Female,50,2,0.0,1,1,0,79674.69,1
15609857,Cust9857,461,Germany,Female,38,4,0.0,2,0,0,77521.68,0
15609858,Cust9858,804,Germany,Female,23,8,168637.88,1,1,1,34593.82,1
15609859,Cust9859,450,Germany,Male,28,0,136678.33,2,0,1,175105.88,1
15609860,Cust9860,691,France,Male,18,6,119563.73,1,0,1,37202.46,0
15609861,Cust9861,654,Germany,Male,44,8,97948.19,2,1,1,190030.4,0
15609862,Cust9862,624,France,Female,43,1,60519.6,2,1,1,149312.35,0
15609863,Cust9863,649,Spain,Female,39,4,153279.78,1,1,1,169990.01,0
15609864,Cust9864,586,France,Female,37,10,0.0,2,1,1,102619.1,0
15609865,Cust9865,713,France,Male,52,5,5205.19,2,1,1,58518.66,0
15609866,Cust9866,524,France,Female,41,8,0.0,2,1,0,103736.5,1
15609867,Cust9867,681,Spain,Male,32,8,0.0,1,1,1,162543.07,0
15609868,Cust9868,585,France,Female,39,4,77535.23,1,0,1,100031.01,0
15609869,Cust9869,609,Spain,Female,58,7,125090.93,2,0,0,62897.68,0
15609870,Cust9870,612,France,Male,44,10,0.0,1,1,0,116742.03,1
15609871,Cust9871,634,Spain,Female,34,3,62439.33,1,1,0,16955.02,0
15609872,Cust9872,698,Germany,Female,38,0,48265.65,2,1,0,151238.62,0
15609873,Cust9873,647,France,Male,43,8,94888.71,1,1,0,136587.37,0
15609874,Cust9874,740,France,Male,34,3,99910.5,3,1,0,53413.83,0
15609875,Cust9875,750,France,Female,33,7,45514.14,1,1,1,52073.68,0
15609876,Cust9876,680,Spain,Female,38,1,0.0,2,1,0,157268.92,0
15609877,Cust9877,716,Spain,Female,53,2,80629.26,1,1,1,66614.55,0
15609878,Cust9878,844,France,Male,46,8,84430.1,1,1,0,117782.16,0
15609879,Cust9879,514,France,Female,34,0,0.0,2,1,1,116281.18,0
15609880,Cust9880,753,France,Male,47,5,126825.2,1,0,0,125733.03,0
15609881,Cust9881,798,France,Male,38,8,0.0,1,0,0,18171.15,0
15609882,Cust9882,692,Germany,Male,41,5,0.0,1,1,0,98037.89,0
15609883,Cust9883,833,France,Male,41,1,0.0,1,1,1,157142.61,0
15609884,Cust9884,820,France,Male,18,6,59538.32,3,0,1,152645.74,0
15609885,Cust9885,618,Spain,Male,18,1,123557.83,2,0,0,92729.35,1
15609886,Cust9886,625,Germany,Male,40,6,0.0,1,1,1,32583.85,0
15609887,Cust9887,701,Spain,Female,29,4,103704.97,1,1,1,111572.99,0
15609888,Cust9888,590,France,Male,22,5,62029.38,2,1,0,125940.06,1
15609889,Cust9889,850,Spain,Male,30,10,140609.61,1,1,0,165561.82,0
15609890,Cust9890,726,Germany,Male,47,9,0.0,1,0,0,156146.13,0
15609891,Cust9891,654,Germany,Female,42,7,0.0,4,1,1,81252.8,1
15609892,Cust9892,515,France,Female,46,5,0.0,2,0,0,129149.71,0
15609893,Cust9893,674,Spain,Male,43,8,80650.04,1,1,0,110470.23,0
15609894,Cust9894,536,Germany,Female,29,1,36112.67,1,1,1,52581.21,0
15609895,Cust9895,723,Spain,Female,46,2,67465.22,2,0,0,61086.22,0
15609896,Cust9896,410,Germany,Female,44,5,0.0,2,1,1,145277.44,0
15609897,Cust9897,783,Spain,Male,37,9,32028.46,1,1,1,147726.92,0
15609898,Cust9898,609,Germany,Male,39,4,123162.97,2,1,0,146683.69,0
15609899,Cust9899,488,Spain,Male,46,4,67079.03,2,1,0,74910.92,0
15609900,Cust9900,648,France,Male,31,10,89950.0,1,0,0,107242.3,1
15609901,Cust9901,652,France,Male,49,10,115452.64,2,1,1,48207.33,0
15609902,Cust9902,644,Germany,Female,44,0,111964.34,2,1,1,141642.95,0
15609903,Cust9903,782,Germany,Male,38,6,0.0,2,1,0,78333.67,1
15609904,Cust9904,687,Germany,Male,53,7,0.0,3,1,0,72315.29,0
15609905,Cust9905,726,Germany,Female,25,6,81506.34,1,1,1,76813.6,0
15609906,Cust9906,626,Germany,Female,33,10,107701.16,2,1,1,20133.49,0
15609907,Cust9907,691,Spain,Male,31,10,0.0,1,1,0,94311.68,0
15609908,Cust9908,524,France,Female,42,2,0.0,1,0,0,111463.67,0
15609909,Cust9909,675,Spain,Male,50,10,116928.93,2,1,0,24187.96,0
15609910,Cust9910,577,France,Male,28,4,0.0,2,1,0,81220.52,0
15609911,Cust9911,777,Germany,Male,71,0,0.0,1,1,0,197415.06,1
15609912,Cust9912,657,Spain,Male,31,3,0.0,1,1,0,97722.42,0
15609913,Cust9913,714,France,Female,42,2,0.0,1,1,0,86668.89,0
15609914,Cust9914,675,France,Male,38,10,0.0,4,1,1,121808.28,0
15609915,Cust9915,823,France,Female,38,6,0.0,2,0,0,80082.9,0
15609916,Cust9916,500,Germany,Male,30,3,124668.94,1,1,1,34003.65,0
15609917,Cust9917,639,France,Female,49,0,78612.27,1,1,0,161965.7,1
15609918,Cust9918,558,France,Male,29,4,0.0,2,0,0,161525.43,0
15609919,Cust9919,453,Spain,Female,20,3,0.0,2,0,1,149054.09,0
15609920,Cust9920,552,France,Male,27,4,64170.16,2,1,1,62496.16,0
15609921,Cust9921,763,Germany,Female,52,2,0.0,2,0,0,117561.91,1
15609922,Cust9922,647,Germany,Female,51,5,0.0,1,1,1,99861.69,0
15609923,Cust9923,629,France,Female,18,5,0.0,1,1,1,139407.23,0
15609924,Cust9924,724,France,Male,46,7,85529.42,1,1,1,146693.41,0
15609925,Cust9925,661,Spain,Female,18,6,0.0,1,1,0,85439.18,0
15609926,Cust9926,709,Germany,Female,38,7,58544.62,2,1,0,157857.6,0
15609927,Cust9927,681,France,Female,26,2,180170.01,2,1,1,128952.43,0
15609928,Cust9928,702,Spain,Female,47,1,0.0,2,0,0,150397.44,0
15609929,Cust9929,607,Germany,Female,44,5,163298.81,1,1,1,145478.64,0
15609930,Cust9930,751,France,Female,48,10,38071.67,2,1,1,156964.54,0
15609931,Cust9931,534,Germany,Male,35,4,179727.3,4,0,1,118697.02,0
15609932,Cust9932,642,France,Male,36,8,93133.96,1,1,1,127114.99,0
15609933,Cust9933,755,France,Male,23,10,0.0,1,1,0,31443.62,0
15609934,Cust9934,635,Spain,Female,28,1,1000.0,2,1,1,111228.88,0
15609935,Cust9935,609,France,Female,47,0,39113.27,1,1,0,182497.74,1
15609936,Cust9936,850,France,Male,42,7,55268.84,2,1,1,64786.94,0
15609937,Cust9937,786,France,Male,39,9,48130.27,1,0,1,86304.62,0
15609938,Cust9938,664,Spain,Male,51,7,126369.05,1,1,1,123864.87,0
15609939,Cust9939,557,Germany,Male,25,10,0.0,3,1,1,67262.51,0
15609940,Cust9940,455,Spain,Female,45,0,0.0,1,1,1,50747.87,1
15609941,Cust9941,718,France,Female,26,5,0.0,1,0,0,182111.6,0
15609942,Cust9942,772,Spain,Male,53,7,1000.0,1,1,0,22861.88,0
15609943,Cust9943,688,Germany,Male,43,7,84503.88,1,1,1,56934.95,1
15609944,Cust9944,486,France,Male,48,0,190615.81,1,0,1,130837.32,0
15609945,Cust9945,665,France,Female,31,1,145999.16,2,0,0,169877.58,0
15609946,Cust9946,603,Spain,Female,60,10,119081.69,1,1,1,36315.72,0
15609947,Cust9947,666,France,Male,58,3,0.0,1,0,1,69861.41,0
15609948,Cust9948,837,Germany,Male,42,2,161880.74,1,1,1,165051.14,0
15609949,Cust9949,726,Germany,Female,50,1,124514.08,2,1,1,42254.8,0
15609950,Cust9950,705,France,Female,35,1,0.0,1,1,0,22631.74,1
15609951,Cust9951,646,Spain,Female,25,6,114103.42,2,1,1,18800.23,0
15609952,Cust9952,690,Spain,Male,46,5,134489.12,3,0,1,180522.09,0
15609953,Cust9953,581,France,Female,29,10,0.0,1,1,1,165501.78,0
15609954,Cust9954,703,Germany,Female,51,5,34822.06,1,1,0,99324.47,1
15609955,Cust9955,631,France,Female,48,0,0.0,2,0,1,182426.16,0
15609956,Cust9956,571,Germany,Male,40,5,0.0,1,1,1,28854.78,0
15609957,Cust9957,728,France,Male,40,5,0.0,2,0,0,18047.87,0
15609958,Cust9958,436,France,Male,48,3,89330.87,3,0,1,103402.25,0
15609959,Cust9959,598,France,Female,41,7,171987.81,2,1,1,157502.77,0
15609960,Cust9960,709,France,Female,34,10,108628.39,1,1,1,24805.68,0
15609961,Cust9961,768,France,Male,23,4,64339.36,1,1,1,76773.72,0
15609962,Cust9962,695,France,Female,48,7,33969.72,1,1,1,37385.73,0
15609963,Cust9963,585,Spain,Female,42,5,93052.45,1,1,1,146756.8,0
15609964,Cust9964,645,France,Male,66,7,71647.42,2,0,1,61477.12,0
15609965,Cust9965,678,France,Female,37,4,0.0,1,1,0,114127.07,0
15609966,Cust9966,800,France,Female,41,2,0.0,2,1,0,12448.43,1
15609967,Cust9967,738,Germany,Male,41,6,138425.42,2,1,1,91946.76,0
15609968,Cust9968,739,France,Female,45,4,97208.1,1,1,0,26394.15,0
15609969,Cust9969,656,Germany,Male,28,0,77600.39,2,1,0,181262.45,0
15609970,Cust9970,547,Germany,Female,37,8,85161.96,2,1,0,133671.74,0
15609971,Cust9971,515,France,Female,46,6,0.0,1,1,1,115204.77,0
15609972,Cust9972,621,Spain,Female,35,6,0.0,2,1,0,73272.38,0
15609973,Cust9973,717,France,Female,46,5,0.0,1,1,1,15909.75,0
15609974,Cust9974,602,Germany,Male,39,9,0.0,2,0,0,83819.06,1
15609975,Cust9975,705,France,Male,42,2,131572.19,3,1,0,49687.77,0
15609976,Cust9976,574,Germany,Female,50,0,0.0,2,1,0,105383.32,0
15609977,Cust9977,589,Spain,Male,36,5,79582.34,1,1,1,30699.56,0
15609978,Cust9978,785,France,Female,23,9,57119.41,1,1,0,116410.99,0
15609979,Cust9979,724,France,Male,35,5,0.0,3,1,0,167200.98,0
15609980,Cust9980,621,France,Male,30,4,50199.51,2,0,0,89381.73,0
15609981,Cust9981,570,France,Male,18,6,61578.59,1,1,1,20473.56,0
15609982,Cust9982,741,Spain,Female,37,3,0.0,2,1,0,120976.8,1
15609983,Cust9983,734,Germany,Male,40,6,16177.17,1,0,1,187772.3,0
15609984,Cust9984,711,Germany,Female,48,10,0.0,3,1,1,188633.0,0
15609985,Cust9985,633,Spain,Male,27,4,0.0,1,1,1,82761.26,0
15609986,Cust9986,545,Spain,Female,39,5,27751.34,1,1,0,92297.79,0
15609987,Cust9987,649,Spain,Female,49,8,136195.45,1,1,1,65656.5,1
15609988,Cust9988,785,France,Female,32,7,0.0,1,1,0,182641.15,0
15609989,Cust9989,563,France,Male,43,3,98941.66,2,0,1,50657.86,0
15609990,Cust9990,655,France,Male,54,5,141274.32,2,1,1,116110.55,0
15609991,Cust9991,807,France,Male,19,5,0.0,2,1,0,103694.61,0
15609992,Cust9992,621,France,Female,41,4,0.0,1,0,1,27559.37,0
15609993,Cust9993,638,France,Male,50,4,0.0,2,1,1,106055.69,0
15609994,Cust9994,520,France,Female,34,0,0.0,2,1,0,117554.92,0
15609995,Cust9995,710,France,Female,52,5,100389.28,2,0,0,63066.5,1
15609996,Cust9996,579,France,Male,44,3,80014.08,2,1,0,43874.07,1
15609997,Cust9997,501,France,Female,56,8,0.0,1,0,0,95365.77,0
15609998,Cust9998,558,France,Female,44,6,0.0,2,1,1,193521.12,0
15609999,Cust9999,670,France,Male,57,7,92915.01,1,1,1,192014.51,1
